country_a,country_b,measure,value,year,source,source_url,retrieved_utc
United States,China,abs_diff_ipd_alignment_score_2023_allvotes,2.000000,2023,"Derived by author (this project) as |alignment_score_a - alignment_score_b| from country-level 2023-all-votes Ideal Point Distance alignment scores published in Airaudo, F.S., de Soyres, F., Richards, K. & Santacreu, A.M. (2025). ""Fragmentation? Revisiting the Ideal Point Distance measure of geopolitical distance."" FEDS Notes, Board of Governors of the Federal Reserve System, March 21, 2025, doi:10.17016/2380-7172.3749. Table/Figure 1 accessible-data version.",https://federalreserve.gov/econres/notes/feds-notes/fragmentation-revisiting-the-ideal-point-distance-measure-of-geopolitical-distance-accessible-20250321.htm,2026-09-01T00:00:00Z
United States,China,shared_member_CPTPP,0,2026,"Wikipedia, ""Member states of the Comprehensive and Progressive Agreement for Trans-Pacific Partnership"" (compiled from official accession instruments); cross-check: Global Affairs Canada CPTPP page.",https://en.wikipedia.org/wiki/Member_states_of_the_Comprehensive_and_Progressive_Agreement_for_Trans-Pacific_Partnership,2026-09-01T00:00:00Z
United States,China,shared_member_RCEP,0,2026,"Wikipedia, ""Regional Comprehensive Economic Partnership""; cross-check: DFAT Australia RCEP page.",https://en.wikipedia.org/wiki/Regional_Comprehensive_Economic_Partnership,2026-09-01T00:00:00Z
United States,China,shared_member_IPEF,0,2026,"Wikipedia, ""Indo-Pacific Economic Framework""; cross-check: USTR IPEF page.",https://en.wikipedia.org/wiki/Indo-Pacific_Economic_Framework,2026-09-01T00:00:00Z
United States,China,shared_member_USMCA,0,2026,"USTR, Agreement between the United States, Mexico and Canada (USMCA), in force since 1 July 2020.",https://ustr.gov/trade-agreements/free-trade-agreements/agreement-between-united-states-mexico-and-canada-usmca,2026-09-01T00:00:00Z
United States,China,shared_member_EU,0,2026,"European Union, official list of member states.",https://european-union.europa.eu/principles-countries-history/country-profiles_en,2026-09-01T00:00:00Z
United States,China,shared_member_NATO,0,2026,"NATO, official member countries page.",https://www.nato.int/en/about-us/organization/nato-member-countries,2026-09-01T00:00:00Z
United States,China,shared_member_QUAD,0,2026,"U.S. Department of State, Quadrilateral Security Dialogue (Australia, India, Japan, United States).",https://www.state.gov/quad-countries-joint-leaders-statement/,2026-09-01T00:00:00Z
United States,India,abs_diff_ipd_alignment_score_2023_allvotes,1.689996,2023,"Derived by author (this project) as |alignment_score_a - alignment_score_b| from country-level 2023-all-votes Ideal Point Distance alignment scores published in Airaudo, F.S., de Soyres, F., Richards, K. & Santacreu, A.M. (2025). ""Fragmentation? Revisiting the Ideal Point Distance measure of geopolitical distance."" FEDS Notes, Board of Governors of the Federal Reserve System, March 21, 2025, doi:10.17016/2380-7172.3749. Table/Figure 1 accessible-data version.",https://federalreserve.gov/econres/notes/feds-notes/fragmentation-revisiting-the-ideal-point-distance-measure-of-geopolitical-distance-accessible-20250321.htm,2026-09-01T00:00:00Z
United States,India,shared_member_CPTPP,0,2026,"Wikipedia, ""Member states of the Comprehensive and Progressive Agreement for Trans-Pacific Partnership"" (compiled from official accession instruments); cross-check: Global Affairs Canada CPTPP page.",https://en.wikipedia.org/wiki/Member_states_of_the_Comprehensive_and_Progressive_Agreement_for_Trans-Pacific_Partnership,2026-09-01T00:00:00Z
United States,India,shared_member_RCEP,0,2026,"Wikipedia, ""Regional Comprehensive Economic Partnership""; cross-check: DFAT Australia RCEP page.",https://en.wikipedia.org/wiki/Regional_Comprehensive_Economic_Partnership,2026-09-01T00:00:00Z
United States,India,shared_member_IPEF,1,2026,"Wikipedia, ""Indo-Pacific Economic Framework""; cross-check: USTR IPEF page.",https://en.wikipedia.org/wiki/Indo-Pacific_Economic_Framework,2026-09-01T00:00:00Z
United States,India,shared_member_USMCA,0,2026,"USTR, Agreement between the United States, Mexico and Canada (USMCA), in force since 1 July 2020.",https://ustr.gov/trade-agreements/free-trade-agreements/agreement-between-united-states-mexico-and-canada-usmca,2026-09-01T00:00:00Z
United States,India,shared_member_EU,0,2026,"European Union, official list of member states.",https://european-union.europa.eu/principles-countries-history/country-profiles_en,2026-09-01T00:00:00Z
United States,India,shared_member_NATO,0,2026,"NATO, official member countries page.",https://www.nato.int/en/about-us/organization/nato-member-countries,2026-09-01T00:00:00Z
United States,India,shared_member_QUAD,1,2026,"U.S. Department of State, Quadrilateral Security Dialogue (Australia, India, Japan, United States).",https://www.state.gov/quad-countries-joint-leaders-statement/,2026-09-01T00:00:00Z
United States,Germany,abs_diff_ipd_alignment_score_2023_allvotes,0.670672,2023,"Derived by author (this project) as |alignment_score_a - alignment_score_b| from country-level 2023-all-votes Ideal Point Distance alignment scores published in Airaudo, F.S., de Soyres, F., Richards, K. & Santacreu, A.M. (2025). ""Fragmentation? Revisiting the Ideal Point Distance measure of geopolitical distance."" FEDS Notes, Board of Governors of the Federal Reserve System, March 21, 2025, doi:10.17016/2380-7172.3749. Table/Figure 1 accessible-data version.",https://federalreserve.gov/econres/notes/feds-notes/fragmentation-revisiting-the-ideal-point-distance-measure-of-geopolitical-distance-accessible-20250321.htm,2026-09-01T00:00:00Z
United States,Germany,shared_member_CPTPP,0,2026,"Wikipedia, ""Member states of the Comprehensive and Progressive Agreement for Trans-Pacific Partnership"" (compiled from official accession instruments); cross-check: Global Affairs Canada CPTPP page.",https://en.wikipedia.org/wiki/Member_states_of_the_Comprehensive_and_Progressive_Agreement_for_Trans-Pacific_Partnership,2026-09-01T00:00:00Z
United States,Germany,shared_member_RCEP,0,2026,"Wikipedia, ""Regional Comprehensive Economic Partnership""; cross-check: DFAT Australia RCEP page.",https://en.wikipedia.org/wiki/Regional_Comprehensive_Economic_Partnership,2026-09-01T00:00:00Z
United States,Germany,shared_member_IPEF,0,2026,"Wikipedia, ""Indo-Pacific Economic Framework""; cross-check: USTR IPEF page.",https://en.wikipedia.org/wiki/Indo-Pacific_Economic_Framework,2026-09-01T00:00:00Z
United States,Germany,shared_member_USMCA,0,2026,"USTR, Agreement between the United States, Mexico and Canada (USMCA), in force since 1 July 2020.",https://ustr.gov/trade-agreements/free-trade-agreements/agreement-between-united-states-mexico-and-canada-usmca,2026-09-01T00:00:00Z
United States,Germany,shared_member_EU,0,2026,"European Union, official list of member states.",https://european-union.europa.eu/principles-countries-history/country-profiles_en,2026-09-01T00:00:00Z
United States,Germany,shared_member_NATO,1,2026,"NATO, official member countries page.",https://www.nato.int/en/about-us/organization/nato-member-countries,2026-09-01T00:00:00Z
United States,Germany,shared_member_QUAD,0,2026,"U.S. Department of State, Quadrilateral Security Dialogue (Australia, India, Japan, United States).",https://www.state.gov/quad-countries-joint-leaders-statement/,2026-09-01T00:00:00Z
United States,Japan,abs_diff_ipd_alignment_score_2023_allvotes,0.974920,2023,"Derived by author (this project) as |alignment_score_a - alignment_score_b| from country-level 2023-all-votes Ideal Point Distance alignment scores published in Airaudo, F.S., de Soyres, F., Richards, K. & Santacreu, A.M. (2025). ""Fragmentation? Revisiting the Ideal Point Distance measure of geopolitical distance."" FEDS Notes, Board of Governors of the Federal Reserve System, March 21, 2025, doi:10.17016/2380-7172.3749. Table/Figure 1 accessible-data version.",https://federalreserve.gov/econres/notes/feds-notes/fragmentation-revisiting-the-ideal-point-distance-measure-of-geopolitical-distance-accessible-20250321.htm,2026-09-01T00:00:00Z
United States,Japan,shared_member_CPTPP,0,2026,"Wikipedia, ""Member states of the Comprehensive and Progressive Agreement for Trans-Pacific Partnership"" (compiled from official accession instruments); cross-check: Global Affairs Canada CPTPP page.",https://en.wikipedia.org/wiki/Member_states_of_the_Comprehensive_and_Progressive_Agreement_for_Trans-Pacific_Partnership,2026-09-01T00:00:00Z
United States,Japan,shared_member_RCEP,0,2026,"Wikipedia, ""Regional Comprehensive Economic Partnership""; cross-check: DFAT Australia RCEP page.",https://en.wikipedia.org/wiki/Regional_Comprehensive_Economic_Partnership,2026-09-01T00:00:00Z
United States,Japan,shared_member_IPEF,1,2026,"Wikipedia, ""Indo-Pacific Economic Framework""; cross-check: USTR IPEF page.",https://en.wikipedia.org/wiki/Indo-Pacific_Economic_Framework,2026-09-01T00:00:00Z
United States,Japan,shared_member_USMCA,0,2026,"USTR, Agreement between the United States, Mexico and Canada (USMCA), in force since 1 July 2020.",https://ustr.gov/trade-agreements/free-trade-agreements/agreement-between-united-states-mexico-and-canada-usmca,2026-09-01T00:00:00Z
United States,Japan,shared_member_EU,0,2026,"European Union, official list of member states.",https://european-union.europa.eu/principles-countries-history/country-profiles_en,2026-09-01T00:00:00Z
United States,Japan,shared_member_NATO,0,2026,"NATO, official member countries page.",https://www.nato.int/en/about-us/organization/nato-member-countries,2026-09-01T00:00:00Z
United States,Japan,shared_member_QUAD,1,2026,"U.S. Department of State, Quadrilateral Security Dialogue (Australia, India, Japan, United States).",https://www.state.gov/quad-countries-joint-leaders-statement/,2026-09-01T00:00:00Z
United States,Korea Rep.,abs_diff_ipd_alignment_score_2023_allvotes,0.889145,2023,"Derived by author (this project) as |alignment_score_a - alignment_score_b| from country-level 2023-all-votes Ideal Point Distance alignment scores published in Airaudo, F.S., de Soyres, F., Richards, K. & Santacreu, A.M. (2025). ""Fragmentation? Revisiting the Ideal Point Distance measure of geopolitical distance."" FEDS Notes, Board of Governors of the Federal Reserve System, March 21, 2025, doi:10.17016/2380-7172.3749. Table/Figure 1 accessible-data version.",https://federalreserve.gov/econres/notes/feds-notes/fragmentation-revisiting-the-ideal-point-distance-measure-of-geopolitical-distance-accessible-20250321.htm,2026-09-01T00:00:00Z
United States,Korea Rep.,shared_member_CPTPP,0,2026,"Wikipedia, ""Member states of the Comprehensive and Progressive Agreement for Trans-Pacific Partnership"" (compiled from official accession instruments); cross-check: Global Affairs Canada CPTPP page.",https://en.wikipedia.org/wiki/Member_states_of_the_Comprehensive_and_Progressive_Agreement_for_Trans-Pacific_Partnership,2026-09-01T00:00:00Z
United States,Korea Rep.,shared_member_RCEP,0,2026,"Wikipedia, ""Regional Comprehensive Economic Partnership""; cross-check: DFAT Australia RCEP page.",https://en.wikipedia.org/wiki/Regional_Comprehensive_Economic_Partnership,2026-09-01T00:00:00Z
United States,Korea Rep.,shared_member_IPEF,1,2026,"Wikipedia, ""Indo-Pacific Economic Framework""; cross-check: USTR IPEF page.",https://en.wikipedia.org/wiki/Indo-Pacific_Economic_Framework,2026-09-01T00:00:00Z
United States,Korea Rep.,shared_member_USMCA,0,2026,"USTR, Agreement between the United States, Mexico and Canada (USMCA), in force since 1 July 2020.",https://ustr.gov/trade-agreements/free-trade-agreements/agreement-between-united-states-mexico-and-canada-usmca,2026-09-01T00:00:00Z
United States,Korea Rep.,shared_member_EU,0,2026,"European Union, official list of member states.",https://european-union.europa.eu/principles-countries-history/country-profiles_en,2026-09-01T00:00:00Z
United States,Korea Rep.,shared_member_NATO,0,2026,"NATO, official member countries page.",https://www.nato.int/en/about-us/organization/nato-member-countries,2026-09-01T00:00:00Z
United States,Korea Rep.,shared_member_QUAD,0,2026,"U.S. Department of State, Quadrilateral Security Dialogue (Australia, India, Japan, United States).",https://www.state.gov/quad-countries-joint-leaders-statement/,2026-09-01T00:00:00Z
United States,Viet Nam,abs_diff_ipd_alignment_score_2023_allvotes,1.815727,2023,"Derived by author (this project) as |alignment_score_a - alignment_score_b| from country-level 2023-all-votes Ideal Point Distance alignment scores published in Airaudo, F.S., de Soyres, F., Richards, K. & Santacreu, A.M. (2025). ""Fragmentation? Revisiting the Ideal Point Distance measure of geopolitical distance."" FEDS Notes, Board of Governors of the Federal Reserve System, March 21, 2025, doi:10.17016/2380-7172.3749. Table/Figure 1 accessible-data version.",https://federalreserve.gov/econres/notes/feds-notes/fragmentation-revisiting-the-ideal-point-distance-measure-of-geopolitical-distance-accessible-20250321.htm,2026-09-01T00:00:00Z
United States,Viet Nam,shared_member_CPTPP,0,2026,"Wikipedia, ""Member states of the Comprehensive and Progressive Agreement for Trans-Pacific Partnership"" (compiled from official accession instruments); cross-check: Global Affairs Canada CPTPP page.",https://en.wikipedia.org/wiki/Member_states_of_the_Comprehensive_and_Progressive_Agreement_for_Trans-Pacific_Partnership,2026-09-01T00:00:00Z
United States,Viet Nam,shared_member_RCEP,0,2026,"Wikipedia, ""Regional Comprehensive Economic Partnership""; cross-check: DFAT Australia RCEP page.",https://en.wikipedia.org/wiki/Regional_Comprehensive_Economic_Partnership,2026-09-01T00:00:00Z
United States,Viet Nam,shared_member_IPEF,1,2026,"Wikipedia, ""Indo-Pacific Economic Framework""; cross-check: USTR IPEF page.",https://en.wikipedia.org/wiki/Indo-Pacific_Economic_Framework,2026-09-01T00:00:00Z
United States,Viet Nam,shared_member_USMCA,0,2026,"USTR, Agreement between the United States, Mexico and Canada (USMCA), in force since 1 July 2020.",https://ustr.gov/trade-agreements/free-trade-agreements/agreement-between-united-states-mexico-and-canada-usmca,2026-09-01T00:00:00Z
United States,Viet Nam,shared_member_EU,0,2026,"European Union, official list of member states.",https://european-union.europa.eu/principles-countries-history/country-profiles_en,2026-09-01T00:00:00Z
United States,Viet Nam,shared_member_NATO,0,2026,"NATO, official member countries page.",https://www.nato.int/en/about-us/organization/nato-member-countries,2026-09-01T00:00:00Z
United States,Viet Nam,shared_member_QUAD,0,2026,"U.S. Department of State, Quadrilateral Security Dialogue (Australia, India, Japan, United States).",https://www.state.gov/quad-countries-joint-leaders-statement/,2026-09-01T00:00:00Z
United States,Mexico,abs_diff_ipd_alignment_score_2023_allvotes,1.454372,2023,"Derived by author (this project) as |alignment_score_a - alignment_score_b| from country-level 2023-all-votes Ideal Point Distance alignment scores published in Airaudo, F.S., de Soyres, F., Richards, K. & Santacreu, A.M. (2025). ""Fragmentation? Revisiting the Ideal Point Distance measure of geopolitical distance."" FEDS Notes, Board of Governors of the Federal Reserve System, March 21, 2025, doi:10.17016/2380-7172.3749. Table/Figure 1 accessible-data version.",https://federalreserve.gov/econres/notes/feds-notes/fragmentation-revisiting-the-ideal-point-distance-measure-of-geopolitical-distance-accessible-20250321.htm,2026-09-01T00:00:00Z
United States,Mexico,shared_member_CPTPP,0,2026,"Wikipedia, ""Member states of the Comprehensive and Progressive Agreement for Trans-Pacific Partnership"" (compiled from official accession instruments); cross-check: Global Affairs Canada CPTPP page.",https://en.wikipedia.org/wiki/Member_states_of_the_Comprehensive_and_Progressive_Agreement_for_Trans-Pacific_Partnership,2026-09-01T00:00:00Z
United States,Mexico,shared_member_RCEP,0,2026,"Wikipedia, ""Regional Comprehensive Economic Partnership""; cross-check: DFAT Australia RCEP page.",https://en.wikipedia.org/wiki/Regional_Comprehensive_Economic_Partnership,2026-09-01T00:00:00Z
United States,Mexico,shared_member_IPEF,0,2026,"Wikipedia, ""Indo-Pacific Economic Framework""; cross-check: USTR IPEF page.",https://en.wikipedia.org/wiki/Indo-Pacific_Economic_Framework,2026-09-01T00:00:00Z
United States,Mexico,shared_member_USMCA,1,2026,"USTR, Agreement between the United States, Mexico and Canada (USMCA), in force since 1 July 2020.",https://ustr.gov/trade-agreements/free-trade-agreements/agreement-between-united-states-mexico-and-canada-usmca,2026-09-01T00:00:00Z
United States,Mexico,shared_member_EU,0,2026,"European Union, official list of member states.",https://european-union.europa.eu/principles-countries-history/country-profiles_en,2026-09-01T00:00:00Z
United States,Mexico,shared_member_NATO,0,2026,"NATO, official member countries page.",https://www.nato.int/en/about-us/organization/nato-member-countries,2026-09-01T00:00:00Z
United States,Mexico,shared_member_QUAD,0,2026,"U.S. Department of State, Quadrilateral Security Dialogue (Australia, India, Japan, United States).",https://www.state.gov/quad-countries-joint-leaders-statement/,2026-09-01T00:00:00Z
United States,Thailand,abs_diff_ipd_alignment_score_2023_allvotes,1.658222,2023,"Derived by author (this project) as |alignment_score_a - alignment_score_b| from country-level 2023-all-votes Ideal Point Distance alignment scores published in Airaudo, F.S., de Soyres, F., Richards, K. & Santacreu, A.M. (2025). ""Fragmentation? Revisiting the Ideal Point Distance measure of geopolitical distance."" FEDS Notes, Board of Governors of the Federal Reserve System, March 21, 2025, doi:10.17016/2380-7172.3749. Table/Figure 1 accessible-data version.",https://federalreserve.gov/econres/notes/feds-notes/fragmentation-revisiting-the-ideal-point-distance-measure-of-geopolitical-distance-accessible-20250321.htm,2026-09-01T00:00:00Z
United States,Thailand,shared_member_CPTPP,0,2026,"Wikipedia, ""Member states of the Comprehensive and Progressive Agreement for Trans-Pacific Partnership"" (compiled from official accession instruments); cross-check: Global Affairs Canada CPTPP page.",https://en.wikipedia.org/wiki/Member_states_of_the_Comprehensive_and_Progressive_Agreement_for_Trans-Pacific_Partnership,2026-09-01T00:00:00Z
United States,Thailand,shared_member_RCEP,0,2026,"Wikipedia, ""Regional Comprehensive Economic Partnership""; cross-check: DFAT Australia RCEP page.",https://en.wikipedia.org/wiki/Regional_Comprehensive_Economic_Partnership,2026-09-01T00:00:00Z
United States,Thailand,shared_member_IPEF,1,2026,"Wikipedia, ""Indo-Pacific Economic Framework""; cross-check: USTR IPEF page.",https://en.wikipedia.org/wiki/Indo-Pacific_Economic_Framework,2026-09-01T00:00:00Z
United States,Thailand,shared_member_USMCA,0,2026,"USTR, Agreement between the United States, Mexico and Canada (USMCA), in force since 1 July 2020.",https://ustr.gov/trade-agreements/free-trade-agreements/agreement-between-united-states-mexico-and-canada-usmca,2026-09-01T00:00:00Z
United States,Thailand,shared_member_EU,0,2026,"European Union, official list of member states.",https://european-union.europa.eu/principles-countries-history/country-profiles_en,2026-09-01T00:00:00Z
United States,Thailand,shared_member_NATO,0,2026,"NATO, official member countries page.",https://www.nato.int/en/about-us/organization/nato-member-countries,2026-09-01T00:00:00Z
United States,Thailand,shared_member_QUAD,0,2026,"U.S. Department of State, Quadrilateral Security Dialogue (Australia, India, Japan, United States).",https://www.state.gov/quad-countries-joint-leaders-statement/,2026-09-01T00:00:00Z
United States,Indonesia,abs_diff_ipd_alignment_score_2023_allvotes,1.925872,2023,"Derived by author (this project) as |alignment_score_a - alignment_score_b| from country-level 2023-all-votes Ideal Point Distance alignment scores published in Airaudo, F.S., de Soyres, F., Richards, K. & Santacreu, A.M. (2025). ""Fragmentation? Revisiting the Ideal Point Distance measure of geopolitical distance."" FEDS Notes, Board of Governors of the Federal Reserve System, March 21, 2025, doi:10.17016/2380-7172.3749. Table/Figure 1 accessible-data version.",https://federalreserve.gov/econres/notes/feds-notes/fragmentation-revisiting-the-ideal-point-distance-measure-of-geopolitical-distance-accessible-20250321.htm,2026-09-01T00:00:00Z
United States,Indonesia,shared_member_CPTPP,0,2026,"Wikipedia, ""Member states of the Comprehensive and Progressive Agreement for Trans-Pacific Partnership"" (compiled from official accession instruments); cross-check: Global Affairs Canada CPTPP page.",https://en.wikipedia.org/wiki/Member_states_of_the_Comprehensive_and_Progressive_Agreement_for_Trans-Pacific_Partnership,2026-09-01T00:00:00Z
United States,Indonesia,shared_member_RCEP,0,2026,"Wikipedia, ""Regional Comprehensive Economic Partnership""; cross-check: DFAT Australia RCEP page.",https://en.wikipedia.org/wiki/Regional_Comprehensive_Economic_Partnership,2026-09-01T00:00:00Z
United States,Indonesia,shared_member_IPEF,1,2026,"Wikipedia, ""Indo-Pacific Economic Framework""; cross-check: USTR IPEF page.",https://en.wikipedia.org/wiki/Indo-Pacific_Economic_Framework,2026-09-01T00:00:00Z
United States,Indonesia,shared_member_USMCA,0,2026,"USTR, Agreement between the United States, Mexico and Canada (USMCA), in force since 1 July 2020.",https://ustr.gov/trade-agreements/free-trade-agreements/agreement-between-united-states-mexico-and-canada-usmca,2026-09-01T00:00:00Z
United States,Indonesia,shared_member_EU,0,2026,"European Union, official list of member states.",https://european-union.europa.eu/principles-countries-history/country-profiles_en,2026-09-01T00:00:00Z
United States,Indonesia,shared_member_NATO,0,2026,"NATO, official member countries page.",https://www.nato.int/en/about-us/organization/nato-member-countries,2026-09-01T00:00:00Z
United States,Indonesia,shared_member_QUAD,0,2026,"U.S. Department of State, Quadrilateral Security Dialogue (Australia, India, Japan, United States).",https://www.state.gov/quad-countries-joint-leaders-statement/,2026-09-01T00:00:00Z
United States,Malaysia,abs_diff_ipd_alignment_score_2023_allvotes,1.843530,2023,"Derived by author (this project) as |alignment_score_a - alignment_score_b| from country-level 2023-all-votes Ideal Point Distance alignment scores published in Airaudo, F.S., de Soyres, F., Richards, K. & Santacreu, A.M. (2025). ""Fragmentation? Revisiting the Ideal Point Distance measure of geopolitical distance."" FEDS Notes, Board of Governors of the Federal Reserve System, March 21, 2025, doi:10.17016/2380-7172.3749. Table/Figure 1 accessible-data version.",https://federalreserve.gov/econres/notes/feds-notes/fragmentation-revisiting-the-ideal-point-distance-measure-of-geopolitical-distance-accessible-20250321.htm,2026-09-01T00:00:00Z
United States,Malaysia,shared_member_CPTPP,0,2026,"Wikipedia, ""Member states of the Comprehensive and Progressive Agreement for Trans-Pacific Partnership"" (compiled from official accession instruments); cross-check: Global Affairs Canada CPTPP page.",https://en.wikipedia.org/wiki/Member_states_of_the_Comprehensive_and_Progressive_Agreement_for_Trans-Pacific_Partnership,2026-09-01T00:00:00Z
United States,Malaysia,shared_member_RCEP,0,2026,"Wikipedia, ""Regional Comprehensive Economic Partnership""; cross-check: DFAT Australia RCEP page.",https://en.wikipedia.org/wiki/Regional_Comprehensive_Economic_Partnership,2026-09-01T00:00:00Z
United States,Malaysia,shared_member_IPEF,1,2026,"Wikipedia, ""Indo-Pacific Economic Framework""; cross-check: USTR IPEF page.",https://en.wikipedia.org/wiki/Indo-Pacific_Economic_Framework,2026-09-01T00:00:00Z
United States,Malaysia,shared_member_USMCA,0,2026,"USTR, Agreement between the United States, Mexico and Canada (USMCA), in force since 1 July 2020.",https://ustr.gov/trade-agreements/free-trade-agreements/agreement-between-united-states-mexico-and-canada-usmca,2026-09-01T00:00:00Z
United States,Malaysia,shared_member_EU,0,2026,"European Union, official list of member states.",https://european-union.europa.eu/principles-countries-history/country-profiles_en,2026-09-01T00:00:00Z
United States,Malaysia,shared_member_NATO,0,2026,"NATO, official member countries page.",https://www.nato.int/en/about-us/organization/nato-member-countries,2026-09-01T00:00:00Z
United States,Malaysia,shared_member_QUAD,0,2026,"U.S. Department of State, Quadrilateral Security Dialogue (Australia, India, Japan, United States).",https://www.state.gov/quad-countries-joint-leaders-statement/,2026-09-01T00:00:00Z
United States,Brazil,abs_diff_ipd_alignment_score_2023_allvotes,1.647559,2023,"Derived by author (this project) as |alignment_score_a - alignment_score_b| from country-level 2023-all-votes Ideal Point Distance alignment scores published in Airaudo, F.S., de Soyres, F., Richards, K. & Santacreu, A.M. (2025). ""Fragmentation? Revisiting the Ideal Point Distance measure of geopolitical distance."" FEDS Notes, Board of Governors of the Federal Reserve System, March 21, 2025, doi:10.17016/2380-7172.3749. Table/Figure 1 accessible-data version.",https://federalreserve.gov/econres/notes/feds-notes/fragmentation-revisiting-the-ideal-point-distance-measure-of-geopolitical-distance-accessible-20250321.htm,2026-09-01T00:00:00Z
United States,Brazil,shared_member_CPTPP,0,2026,"Wikipedia, ""Member states of the Comprehensive and Progressive Agreement for Trans-Pacific Partnership"" (compiled from official accession instruments); cross-check: Global Affairs Canada CPTPP page.",https://en.wikipedia.org/wiki/Member_states_of_the_Comprehensive_and_Progressive_Agreement_for_Trans-Pacific_Partnership,2026-09-01T00:00:00Z
United States,Brazil,shared_member_RCEP,0,2026,"Wikipedia, ""Regional Comprehensive Economic Partnership""; cross-check: DFAT Australia RCEP page.",https://en.wikipedia.org/wiki/Regional_Comprehensive_Economic_Partnership,2026-09-01T00:00:00Z
United States,Brazil,shared_member_IPEF,0,2026,"Wikipedia, ""Indo-Pacific Economic Framework""; cross-check: USTR IPEF page.",https://en.wikipedia.org/wiki/Indo-Pacific_Economic_Framework,2026-09-01T00:00:00Z
United States,Brazil,shared_member_USMCA,0,2026,"USTR, Agreement between the United States, Mexico and Canada (USMCA), in force since 1 July 2020.",https://ustr.gov/trade-agreements/free-trade-agreements/agreement-between-united-states-mexico-and-canada-usmca,2026-09-01T00:00:00Z
United States,Brazil,shared_member_EU,0,2026,"European Union, official list of member states.",https://european-union.europa.eu/principles-countries-history/country-profiles_en,2026-09-01T00:00:00Z
United States,Brazil,shared_member_NATO,0,2026,"NATO, official member countries page.",https://www.nato.int/en/about-us/organization/nato-member-countries,2026-09-01T00:00:00Z
United States,Brazil,shared_member_QUAD,0,2026,"U.S. Department of State, Quadrilateral Security Dialogue (Australia, India, Japan, United States).",https://www.state.gov/quad-countries-joint-leaders-statement/,2026-09-01T00:00:00Z
United States,Canada,abs_diff_ipd_alignment_score_2023_allvotes,0.605255,2023,"Derived by author (this project) as |alignment_score_a - alignment_score_b| from country-level 2023-all-votes Ideal Point Distance alignment scores published in Airaudo, F.S., de Soyres, F., Richards, K. & Santacreu, A.M. (2025). ""Fragmentation? Revisiting the Ideal Point Distance measure of geopolitical distance."" FEDS Notes, Board of Governors of the Federal Reserve System, March 21, 2025, doi:10.17016/2380-7172.3749. Table/Figure 1 accessible-data version.",https://federalreserve.gov/econres/notes/feds-notes/fragmentation-revisiting-the-ideal-point-distance-measure-of-geopolitical-distance-accessible-20250321.htm,2026-09-01T00:00:00Z
United States,Canada,shared_member_CPTPP,0,2026,"Wikipedia, ""Member states of the Comprehensive and Progressive Agreement for Trans-Pacific Partnership"" (compiled from official accession instruments); cross-check: Global Affairs Canada CPTPP page.",https://en.wikipedia.org/wiki/Member_states_of_the_Comprehensive_and_Progressive_Agreement_for_Trans-Pacific_Partnership,2026-09-01T00:00:00Z
United States,Canada,shared_member_RCEP,0,2026,"Wikipedia, ""Regional Comprehensive Economic Partnership""; cross-check: DFAT Australia RCEP page.",https://en.wikipedia.org/wiki/Regional_Comprehensive_Economic_Partnership,2026-09-01T00:00:00Z
United States,Canada,shared_member_IPEF,0,2026,"Wikipedia, ""Indo-Pacific Economic Framework""; cross-check: USTR IPEF page.",https://en.wikipedia.org/wiki/Indo-Pacific_Economic_Framework,2026-09-01T00:00:00Z
United States,Canada,shared_member_USMCA,1,2026,"USTR, Agreement between the United States, Mexico and Canada (USMCA), in force since 1 July 2020.",https://ustr.gov/trade-agreements/free-trade-agreements/agreement-between-united-states-mexico-and-canada-usmca,2026-09-01T00:00:00Z
United States,Canada,shared_member_EU,0,2026,"European Union, official list of member states.",https://european-union.europa.eu/principles-countries-history/country-profiles_en,2026-09-01T00:00:00Z
United States,Canada,shared_member_NATO,1,2026,"NATO, official member countries page.",https://www.nato.int/en/about-us/organization/nato-member-countries,2026-09-01T00:00:00Z
United States,Canada,shared_member_QUAD,0,2026,"U.S. Department of State, Quadrilateral Security Dialogue (Australia, India, Japan, United States).",https://www.state.gov/quad-countries-joint-leaders-statement/,2026-09-01T00:00:00Z
United States,Singapore,abs_diff_ipd_alignment_score_2023_allvotes,1.665092,2023,"Derived by author (this project) as |alignment_score_a - alignment_score_b| from country-level 2023-all-votes Ideal Point Distance alignment scores published in Airaudo, F.S., de Soyres, F., Richards, K. & Santacreu, A.M. (2025). ""Fragmentation? Revisiting the Ideal Point Distance measure of geopolitical distance."" FEDS Notes, Board of Governors of the Federal Reserve System, March 21, 2025, doi:10.17016/2380-7172.3749. Table/Figure 1 accessible-data version.",https://federalreserve.gov/econres/notes/feds-notes/fragmentation-revisiting-the-ideal-point-distance-measure-of-geopolitical-distance-accessible-20250321.htm,2026-09-01T00:00:00Z
United States,Singapore,shared_member_CPTPP,0,2026,"Wikipedia, ""Member states of the Comprehensive and Progressive Agreement for Trans-Pacific Partnership"" (compiled from official accession instruments); cross-check: Global Affairs Canada CPTPP page.",https://en.wikipedia.org/wiki/Member_states_of_the_Comprehensive_and_Progressive_Agreement_for_Trans-Pacific_Partnership,2026-09-01T00:00:00Z
United States,Singapore,shared_member_RCEP,0,2026,"Wikipedia, ""Regional Comprehensive Economic Partnership""; cross-check: DFAT Australia RCEP page.",https://en.wikipedia.org/wiki/Regional_Comprehensive_Economic_Partnership,2026-09-01T00:00:00Z
United States,Singapore,shared_member_IPEF,1,2026,"Wikipedia, ""Indo-Pacific Economic Framework""; cross-check: USTR IPEF page.",https://en.wikipedia.org/wiki/Indo-Pacific_Economic_Framework,2026-09-01T00:00:00Z
United States,Singapore,shared_member_USMCA,0,2026,"USTR, Agreement between the United States, Mexico and Canada (USMCA), in force since 1 July 2020.",https://ustr.gov/trade-agreements/free-trade-agreements/agreement-between-united-states-mexico-and-canada-usmca,2026-09-01T00:00:00Z
United States,Singapore,shared_member_EU,0,2026,"European Union, official list of member states.",https://european-union.europa.eu/principles-countries-history/country-profiles_en,2026-09-01T00:00:00Z
United States,Singapore,shared_member_NATO,0,2026,"NATO, official member countries page.",https://www.nato.int/en/about-us/organization/nato-member-countries,2026-09-01T00:00:00Z
United States,Singapore,shared_member_QUAD,0,2026,"U.S. Department of State, Quadrilateral Security Dialogue (Australia, India, Japan, United States).",https://www.state.gov/quad-countries-joint-leaders-statement/,2026-09-01T00:00:00Z
China,India,abs_diff_ipd_alignment_score_2023_allvotes,0.310004,2023,"Derived by author (this project) as |alignment_score_a - alignment_score_b| from country-level 2023-all-votes Ideal Point Distance alignment scores published in Airaudo, F.S., de Soyres, F., Richards, K. & Santacreu, A.M. (2025). ""Fragmentation? Revisiting the Ideal Point Distance measure of geopolitical distance."" FEDS Notes, Board of Governors of the Federal Reserve System, March 21, 2025, doi:10.17016/2380-7172.3749. Table/Figure 1 accessible-data version.",https://federalreserve.gov/econres/notes/feds-notes/fragmentation-revisiting-the-ideal-point-distance-measure-of-geopolitical-distance-accessible-20250321.htm,2026-09-01T00:00:00Z
China,India,shared_member_CPTPP,0,2026,"Wikipedia, ""Member states of the Comprehensive and Progressive Agreement for Trans-Pacific Partnership"" (compiled from official accession instruments); cross-check: Global Affairs Canada CPTPP page.",https://en.wikipedia.org/wiki/Member_states_of_the_Comprehensive_and_Progressive_Agreement_for_Trans-Pacific_Partnership,2026-09-01T00:00:00Z
China,India,shared_member_RCEP,0,2026,"Wikipedia, ""Regional Comprehensive Economic Partnership""; cross-check: DFAT Australia RCEP page.",https://en.wikipedia.org/wiki/Regional_Comprehensive_Economic_Partnership,2026-09-01T00:00:00Z
China,India,shared_member_IPEF,0,2026,"Wikipedia, ""Indo-Pacific Economic Framework""; cross-check: USTR IPEF page.",https://en.wikipedia.org/wiki/Indo-Pacific_Economic_Framework,2026-09-01T00:00:00Z
China,India,shared_member_USMCA,0,2026,"USTR, Agreement between the United States, Mexico and Canada (USMCA), in force since 1 July 2020.",https://ustr.gov/trade-agreements/free-trade-agreements/agreement-between-united-states-mexico-and-canada-usmca,2026-09-01T00:00:00Z
China,India,shared_member_EU,0,2026,"European Union, official list of member states.",https://european-union.europa.eu/principles-countries-history/country-profiles_en,2026-09-01T00:00:00Z
China,India,shared_member_NATO,0,2026,"NATO, official member countries page.",https://www.nato.int/en/about-us/organization/nato-member-countries,2026-09-01T00:00:00Z
China,India,shared_member_QUAD,0,2026,"U.S. Department of State, Quadrilateral Security Dialogue (Australia, India, Japan, United States).",https://www.state.gov/quad-countries-joint-leaders-statement/,2026-09-01T00:00:00Z
China,Germany,abs_diff_ipd_alignment_score_2023_allvotes,1.329328,2023,"Derived by author (this project) as |alignment_score_a - alignment_score_b| from country-level 2023-all-votes Ideal Point Distance alignment scores published in Airaudo, F.S., de Soyres, F., Richards, K. & Santacreu, A.M. (2025). ""Fragmentation? Revisiting the Ideal Point Distance measure of geopolitical distance."" FEDS Notes, Board of Governors of the Federal Reserve System, March 21, 2025, doi:10.17016/2380-7172.3749. Table/Figure 1 accessible-data version.",https://federalreserve.gov/econres/notes/feds-notes/fragmentation-revisiting-the-ideal-point-distance-measure-of-geopolitical-distance-accessible-20250321.htm,2026-09-01T00:00:00Z
China,Germany,shared_member_CPTPP,0,2026,"Wikipedia, ""Member states of the Comprehensive and Progressive Agreement for Trans-Pacific Partnership"" (compiled from official accession instruments); cross-check: Global Affairs Canada CPTPP page.",https://en.wikipedia.org/wiki/Member_states_of_the_Comprehensive_and_Progressive_Agreement_for_Trans-Pacific_Partnership,2026-09-01T00:00:00Z
China,Germany,shared_member_RCEP,0,2026,"Wikipedia, ""Regional Comprehensive Economic Partnership""; cross-check: DFAT Australia RCEP page.",https://en.wikipedia.org/wiki/Regional_Comprehensive_Economic_Partnership,2026-09-01T00:00:00Z
China,Germany,shared_member_IPEF,0,2026,"Wikipedia, ""Indo-Pacific Economic Framework""; cross-check: USTR IPEF page.",https://en.wikipedia.org/wiki/Indo-Pacific_Economic_Framework,2026-09-01T00:00:00Z
China,Germany,shared_member_USMCA,0,2026,"USTR, Agreement between the United States, Mexico and Canada (USMCA), in force since 1 July 2020.",https://ustr.gov/trade-agreements/free-trade-agreements/agreement-between-united-states-mexico-and-canada-usmca,2026-09-01T00:00:00Z
China,Germany,shared_member_EU,0,2026,"European Union, official list of member states.",https://european-union.europa.eu/principles-countries-history/country-profiles_en,2026-09-01T00:00:00Z
China,Germany,shared_member_NATO,0,2026,"NATO, official member countries page.",https://www.nato.int/en/about-us/organization/nato-member-countries,2026-09-01T00:00:00Z
China,Germany,shared_member_QUAD,0,2026,"U.S. Department of State, Quadrilateral Security Dialogue (Australia, India, Japan, United States).",https://www.state.gov/quad-countries-joint-leaders-statement/,2026-09-01T00:00:00Z
China,Japan,abs_diff_ipd_alignment_score_2023_allvotes,1.025080,2023,"Derived by author (this project) as |alignment_score_a - alignment_score_b| from country-level 2023-all-votes Ideal Point Distance alignment scores published in Airaudo, F.S., de Soyres, F., Richards, K. & Santacreu, A.M. (2025). ""Fragmentation? Revisiting the Ideal Point Distance measure of geopolitical distance."" FEDS Notes, Board of Governors of the Federal Reserve System, March 21, 2025, doi:10.17016/2380-7172.3749. Table/Figure 1 accessible-data version.",https://federalreserve.gov/econres/notes/feds-notes/fragmentation-revisiting-the-ideal-point-distance-measure-of-geopolitical-distance-accessible-20250321.htm,2026-09-01T00:00:00Z
China,Japan,shared_member_CPTPP,0,2026,"Wikipedia, ""Member states of the Comprehensive and Progressive Agreement for Trans-Pacific Partnership"" (compiled from official accession instruments); cross-check: Global Affairs Canada CPTPP page.",https://en.wikipedia.org/wiki/Member_states_of_the_Comprehensive_and_Progressive_Agreement_for_Trans-Pacific_Partnership,2026-09-01T00:00:00Z
China,Japan,shared_member_RCEP,1,2026,"Wikipedia, ""Regional Comprehensive Economic Partnership""; cross-check: DFAT Australia RCEP page.",https://en.wikipedia.org/wiki/Regional_Comprehensive_Economic_Partnership,2026-09-01T00:00:00Z
China,Japan,shared_member_IPEF,0,2026,"Wikipedia, ""Indo-Pacific Economic Framework""; cross-check: USTR IPEF page.",https://en.wikipedia.org/wiki/Indo-Pacific_Economic_Framework,2026-09-01T00:00:00Z
China,Japan,shared_member_USMCA,0,2026,"USTR, Agreement between the United States, Mexico and Canada (USMCA), in force since 1 July 2020.",https://ustr.gov/trade-agreements/free-trade-agreements/agreement-between-united-states-mexico-and-canada-usmca,2026-09-01T00:00:00Z
China,Japan,shared_member_EU,0,2026,"European Union, official list of member states.",https://european-union.europa.eu/principles-countries-history/country-profiles_en,2026-09-01T00:00:00Z
China,Japan,shared_member_NATO,0,2026,"NATO, official member countries page.",https://www.nato.int/en/about-us/organization/nato-member-countries,2026-09-01T00:00:00Z
China,Japan,shared_member_QUAD,0,2026,"U.S. Department of State, Quadrilateral Security Dialogue (Australia, India, Japan, United States).",https://www.state.gov/quad-countries-joint-leaders-statement/,2026-09-01T00:00:00Z
China,Korea Rep.,abs_diff_ipd_alignment_score_2023_allvotes,1.110855,2023,"Derived by author (this project) as |alignment_score_a - alignment_score_b| from country-level 2023-all-votes Ideal Point Distance alignment scores published in Airaudo, F.S., de Soyres, F., Richards, K. & Santacreu, A.M. (2025). ""Fragmentation? Revisiting the Ideal Point Distance measure of geopolitical distance."" FEDS Notes, Board of Governors of the Federal Reserve System, March 21, 2025, doi:10.17016/2380-7172.3749. Table/Figure 1 accessible-data version.",https://federalreserve.gov/econres/notes/feds-notes/fragmentation-revisiting-the-ideal-point-distance-measure-of-geopolitical-distance-accessible-20250321.htm,2026-09-01T00:00:00Z
China,Korea Rep.,shared_member_CPTPP,0,2026,"Wikipedia, ""Member states of the Comprehensive and Progressive Agreement for Trans-Pacific Partnership"" (compiled from official accession instruments); cross-check: Global Affairs Canada CPTPP page.",https://en.wikipedia.org/wiki/Member_states_of_the_Comprehensive_and_Progressive_Agreement_for_Trans-Pacific_Partnership,2026-09-01T00:00:00Z
China,Korea Rep.,shared_member_RCEP,1,2026,"Wikipedia, ""Regional Comprehensive Economic Partnership""; cross-check: DFAT Australia RCEP page.",https://en.wikipedia.org/wiki/Regional_Comprehensive_Economic_Partnership,2026-09-01T00:00:00Z
China,Korea Rep.,shared_member_IPEF,0,2026,"Wikipedia, ""Indo-Pacific Economic Framework""; cross-check: USTR IPEF page.",https://en.wikipedia.org/wiki/Indo-Pacific_Economic_Framework,2026-09-01T00:00:00Z
China,Korea Rep.,shared_member_USMCA,0,2026,"USTR, Agreement between the United States, Mexico and Canada (USMCA), in force since 1 July 2020.",https://ustr.gov/trade-agreements/free-trade-agreements/agreement-between-united-states-mexico-and-canada-usmca,2026-09-01T00:00:00Z
China,Korea Rep.,shared_member_EU,0,2026,"European Union, official list of member states.",https://european-union.europa.eu/principles-countries-history/country-profiles_en,2026-09-01T00:00:00Z
China,Korea Rep.,shared_member_NATO,0,2026,"NATO, official member countries page.",https://www.nato.int/en/about-us/organization/nato-member-countries,2026-09-01T00:00:00Z
China,Korea Rep.,shared_member_QUAD,0,2026,"U.S. Department of State, Quadrilateral Security Dialogue (Australia, India, Japan, United States).",https://www.state.gov/quad-countries-joint-leaders-statement/,2026-09-01T00:00:00Z
China,Viet Nam,abs_diff_ipd_alignment_score_2023_allvotes,0.184273,2023,"Derived by author (this project) as |alignment_score_a - alignment_score_b| from country-level 2023-all-votes Ideal Point Distance alignment scores published in Airaudo, F.S., de Soyres, F., Richards, K. & Santacreu, A.M. (2025). ""Fragmentation? Revisiting the Ideal Point Distance measure of geopolitical distance."" FEDS Notes, Board of Governors of the Federal Reserve System, March 21, 2025, doi:10.17016/2380-7172.3749. Table/Figure 1 accessible-data version.",https://federalreserve.gov/econres/notes/feds-notes/fragmentation-revisiting-the-ideal-point-distance-measure-of-geopolitical-distance-accessible-20250321.htm,2026-09-01T00:00:00Z
China,Viet Nam,shared_member_CPTPP,0,2026,"Wikipedia, ""Member states of the Comprehensive and Progressive Agreement for Trans-Pacific Partnership"" (compiled from official accession instruments); cross-check: Global Affairs Canada CPTPP page.",https://en.wikipedia.org/wiki/Member_states_of_the_Comprehensive_and_Progressive_Agreement_for_Trans-Pacific_Partnership,2026-09-01T00:00:00Z
China,Viet Nam,shared_member_RCEP,1,2026,"Wikipedia, ""Regional Comprehensive Economic Partnership""; cross-check: DFAT Australia RCEP page.",https://en.wikipedia.org/wiki/Regional_Comprehensive_Economic_Partnership,2026-09-01T00:00:00Z
China,Viet Nam,shared_member_IPEF,0,2026,"Wikipedia, ""Indo-Pacific Economic Framework""; cross-check: USTR IPEF page.",https://en.wikipedia.org/wiki/Indo-Pacific_Economic_Framework,2026-09-01T00:00:00Z
China,Viet Nam,shared_member_USMCA,0,2026,"USTR, Agreement between the United States, Mexico and Canada (USMCA), in force since 1 July 2020.",https://ustr.gov/trade-agreements/free-trade-agreements/agreement-between-united-states-mexico-and-canada-usmca,2026-09-01T00:00:00Z
China,Viet Nam,shared_member_EU,0,2026,"European Union, official list of member states.",https://european-union.europa.eu/principles-countries-history/country-profiles_en,2026-09-01T00:00:00Z
China,Viet Nam,shared_member_NATO,0,2026,"NATO, official member countries page.",https://www.nato.int/en/about-us/organization/nato-member-countries,2026-09-01T00:00:00Z
China,Viet Nam,shared_member_QUAD,0,2026,"U.S. Department of State, Quadrilateral Security Dialogue (Australia, India, Japan, United States).",https://www.state.gov/quad-countries-joint-leaders-statement/,2026-09-01T00:00:00Z
China,Mexico,abs_diff_ipd_alignment_score_2023_allvotes,0.545628,2023,"Derived by author (this project) as |alignment_score_a - alignment_score_b| from country-level 2023-all-votes Ideal Point Distance alignment scores published in Airaudo, F.S., de Soyres, F., Richards, K. & Santacreu, A.M. (2025). ""Fragmentation? Revisiting the Ideal Point Distance measure of geopolitical distance."" FEDS Notes, Board of Governors of the Federal Reserve System, March 21, 2025, doi:10.17016/2380-7172.3749. Table/Figure 1 accessible-data version.",https://federalreserve.gov/econres/notes/feds-notes/fragmentation-revisiting-the-ideal-point-distance-measure-of-geopolitical-distance-accessible-20250321.htm,2026-09-01T00:00:00Z
China,Mexico,shared_member_CPTPP,0,2026,"Wikipedia, ""Member states of the Comprehensive and Progressive Agreement for Trans-Pacific Partnership"" (compiled from official accession instruments); cross-check: Global Affairs Canada CPTPP page.",https://en.wikipedia.org/wiki/Member_states_of_the_Comprehensive_and_Progressive_Agreement_for_Trans-Pacific_Partnership,2026-09-01T00:00:00Z
China,Mexico,shared_member_RCEP,0,2026,"Wikipedia, ""Regional Comprehensive Economic Partnership""; cross-check: DFAT Australia RCEP page.",https://en.wikipedia.org/wiki/Regional_Comprehensive_Economic_Partnership,2026-09-01T00:00:00Z
China,Mexico,shared_member_IPEF,0,2026,"Wikipedia, ""Indo-Pacific Economic Framework""; cross-check: USTR IPEF page.",https://en.wikipedia.org/wiki/Indo-Pacific_Economic_Framework,2026-09-01T00:00:00Z
China,Mexico,shared_member_USMCA,0,2026,"USTR, Agreement between the United States, Mexico and Canada (USMCA), in force since 1 July 2020.",https://ustr.gov/trade-agreements/free-trade-agreements/agreement-between-united-states-mexico-and-canada-usmca,2026-09-01T00:00:00Z
China,Mexico,shared_member_EU,0,2026,"European Union, official list of member states.",https://european-union.europa.eu/principles-countries-history/country-profiles_en,2026-09-01T00:00:00Z
China,Mexico,shared_member_NATO,0,2026,"NATO, official member countries page.",https://www.nato.int/en/about-us/organization/nato-member-countries,2026-09-01T00:00:00Z
China,Mexico,shared_member_QUAD,0,2026,"U.S. Department of State, Quadrilateral Security Dialogue (Australia, India, Japan, United States).",https://www.state.gov/quad-countries-joint-leaders-statement/,2026-09-01T00:00:00Z
China,Thailand,abs_diff_ipd_alignment_score_2023_allvotes,0.341778,2023,"Derived by author (this project) as |alignment_score_a - alignment_score_b| from country-level 2023-all-votes Ideal Point Distance alignment scores published in Airaudo, F.S., de Soyres, F., Richards, K. & Santacreu, A.M. (2025). ""Fragmentation? Revisiting the Ideal Point Distance measure of geopolitical distance."" FEDS Notes, Board of Governors of the Federal Reserve System, March 21, 2025, doi:10.17016/2380-7172.3749. Table/Figure 1 accessible-data version.",https://federalreserve.gov/econres/notes/feds-notes/fragmentation-revisiting-the-ideal-point-distance-measure-of-geopolitical-distance-accessible-20250321.htm,2026-09-01T00:00:00Z
China,Thailand,shared_member_CPTPP,0,2026,"Wikipedia, ""Member states of the Comprehensive and Progressive Agreement for Trans-Pacific Partnership"" (compiled from official accession instruments); cross-check: Global Affairs Canada CPTPP page.",https://en.wikipedia.org/wiki/Member_states_of_the_Comprehensive_and_Progressive_Agreement_for_Trans-Pacific_Partnership,2026-09-01T00:00:00Z
China,Thailand,shared_member_RCEP,1,2026,"Wikipedia, ""Regional Comprehensive Economic Partnership""; cross-check: DFAT Australia RCEP page.",https://en.wikipedia.org/wiki/Regional_Comprehensive_Economic_Partnership,2026-09-01T00:00:00Z
China,Thailand,shared_member_IPEF,0,2026,"Wikipedia, ""Indo-Pacific Economic Framework""; cross-check: USTR IPEF page.",https://en.wikipedia.org/wiki/Indo-Pacific_Economic_Framework,2026-09-01T00:00:00Z
China,Thailand,shared_member_USMCA,0,2026,"USTR, Agreement between the United States, Mexico and Canada (USMCA), in force since 1 July 2020.",https://ustr.gov/trade-agreements/free-trade-agreements/agreement-between-united-states-mexico-and-canada-usmca,2026-09-01T00:00:00Z
China,Thailand,shared_member_EU,0,2026,"European Union, official list of member states.",https://european-union.europa.eu/principles-countries-history/country-profiles_en,2026-09-01T00:00:00Z
China,Thailand,shared_member_NATO,0,2026,"NATO, official member countries page.",https://www.nato.int/en/about-us/organization/nato-member-countries,2026-09-01T00:00:00Z
China,Thailand,shared_member_QUAD,0,2026,"U.S. Department of State, Quadrilateral Security Dialogue (Australia, India, Japan, United States).",https://www.state.gov/quad-countries-joint-leaders-statement/,2026-09-01T00:00:00Z
China,Indonesia,abs_diff_ipd_alignment_score_2023_allvotes,0.074128,2023,"Derived by author (this project) as |alignment_score_a - alignment_score_b| from country-level 2023-all-votes Ideal Point Distance alignment scores published in Airaudo, F.S., de Soyres, F., Richards, K. & Santacreu, A.M. (2025). ""Fragmentation? Revisiting the Ideal Point Distance measure of geopolitical distance."" FEDS Notes, Board of Governors of the Federal Reserve System, March 21, 2025, doi:10.17016/2380-7172.3749. Table/Figure 1 accessible-data version.",https://federalreserve.gov/econres/notes/feds-notes/fragmentation-revisiting-the-ideal-point-distance-measure-of-geopolitical-distance-accessible-20250321.htm,2026-09-01T00:00:00Z
China,Indonesia,shared_member_CPTPP,0,2026,"Wikipedia, ""Member states of the Comprehensive and Progressive Agreement for Trans-Pacific Partnership"" (compiled from official accession instruments); cross-check: Global Affairs Canada CPTPP page.",https://en.wikipedia.org/wiki/Member_states_of_the_Comprehensive_and_Progressive_Agreement_for_Trans-Pacific_Partnership,2026-09-01T00:00:00Z
China,Indonesia,shared_member_RCEP,1,2026,"Wikipedia, ""Regional Comprehensive Economic Partnership""; cross-check: DFAT Australia RCEP page.",https://en.wikipedia.org/wiki/Regional_Comprehensive_Economic_Partnership,2026-09-01T00:00:00Z
China,Indonesia,shared_member_IPEF,0,2026,"Wikipedia, ""Indo-Pacific Economic Framework""; cross-check: USTR IPEF page.",https://en.wikipedia.org/wiki/Indo-Pacific_Economic_Framework,2026-09-01T00:00:00Z
China,Indonesia,shared_member_USMCA,0,2026,"USTR, Agreement between the United States, Mexico and Canada (USMCA), in force since 1 July 2020.",https://ustr.gov/trade-agreements/free-trade-agreements/agreement-between-united-states-mexico-and-canada-usmca,2026-09-01T00:00:00Z
China,Indonesia,shared_member_EU,0,2026,"European Union, official list of member states.",https://european-union.europa.eu/principles-countries-history/country-profiles_en,2026-09-01T00:00:00Z
China,Indonesia,shared_member_NATO,0,2026,"NATO, official member countries page.",https://www.nato.int/en/about-us/organization/nato-member-countries,2026-09-01T00:00:00Z
China,Indonesia,shared_member_QUAD,0,2026,"U.S. Department of State, Quadrilateral Security Dialogue (Australia, India, Japan, United States).",https://www.state.gov/quad-countries-joint-leaders-statement/,2026-09-01T00:00:00Z
China,Malaysia,abs_diff_ipd_alignment_score_2023_allvotes,0.156470,2023,"Derived by author (this project) as |alignment_score_a - alignment_score_b| from country-level 2023-all-votes Ideal Point Distance alignment scores published in Airaudo, F.S., de Soyres, F., Richards, K. & Santacreu, A.M. (2025). ""Fragmentation? Revisiting the Ideal Point Distance measure of geopolitical distance."" FEDS Notes, Board of Governors of the Federal Reserve System, March 21, 2025, doi:10.17016/2380-7172.3749. Table/Figure 1 accessible-data version.",https://federalreserve.gov/econres/notes/feds-notes/fragmentation-revisiting-the-ideal-point-distance-measure-of-geopolitical-distance-accessible-20250321.htm,2026-09-01T00:00:00Z
China,Malaysia,shared_member_CPTPP,0,2026,"Wikipedia, ""Member states of the Comprehensive and Progressive Agreement for Trans-Pacific Partnership"" (compiled from official accession instruments); cross-check: Global Affairs Canada CPTPP page.",https://en.wikipedia.org/wiki/Member_states_of_the_Comprehensive_and_Progressive_Agreement_for_Trans-Pacific_Partnership,2026-09-01T00:00:00Z
China,Malaysia,shared_member_RCEP,1,2026,"Wikipedia, ""Regional Comprehensive Economic Partnership""; cross-check: DFAT Australia RCEP page.",https://en.wikipedia.org/wiki/Regional_Comprehensive_Economic_Partnership,2026-09-01T00:00:00Z
China,Malaysia,shared_member_IPEF,0,2026,"Wikipedia, ""Indo-Pacific Economic Framework""; cross-check: USTR IPEF page.",https://en.wikipedia.org/wiki/Indo-Pacific_Economic_Framework,2026-09-01T00:00:00Z
China,Malaysia,shared_member_USMCA,0,2026,"USTR, Agreement between the United States, Mexico and Canada (USMCA), in force since 1 July 2020.",https://ustr.gov/trade-agreements/free-trade-agreements/agreement-between-united-states-mexico-and-canada-usmca,2026-09-01T00:00:00Z
China,Malaysia,shared_member_EU,0,2026,"European Union, official list of member states.",https://european-union.europa.eu/principles-countries-history/country-profiles_en,2026-09-01T00:00:00Z
China,Malaysia,shared_member_NATO,0,2026,"NATO, official member countries page.",https://www.nato.int/en/about-us/organization/nato-member-countries,2026-09-01T00:00:00Z
China,Malaysia,shared_member_QUAD,0,2026,"U.S. Department of State, Quadrilateral Security Dialogue (Australia, India, Japan, United States).",https://www.state.gov/quad-countries-joint-leaders-statement/,2026-09-01T00:00:00Z
China,Brazil,abs_diff_ipd_alignment_score_2023_allvotes,0.352441,2023,"Derived by author (this project) as |alignment_score_a - alignment_score_b| from country-level 2023-all-votes Ideal Point Distance alignment scores published in Airaudo, F.S., de Soyres, F., Richards, K. & Santacreu, A.M. (2025). ""Fragmentation? Revisiting the Ideal Point Distance measure of geopolitical distance."" FEDS Notes, Board of Governors of the Federal Reserve System, March 21, 2025, doi:10.17016/2380-7172.3749. Table/Figure 1 accessible-data version.",https://federalreserve.gov/econres/notes/feds-notes/fragmentation-revisiting-the-ideal-point-distance-measure-of-geopolitical-distance-accessible-20250321.htm,2026-09-01T00:00:00Z
China,Brazil,shared_member_CPTPP,0,2026,"Wikipedia, ""Member states of the Comprehensive and Progressive Agreement for Trans-Pacific Partnership"" (compiled from official accession instruments); cross-check: Global Affairs Canada CPTPP page.",https://en.wikipedia.org/wiki/Member_states_of_the_Comprehensive_and_Progressive_Agreement_for_Trans-Pacific_Partnership,2026-09-01T00:00:00Z
China,Brazil,shared_member_RCEP,0,2026,"Wikipedia, ""Regional Comprehensive Economic Partnership""; cross-check: DFAT Australia RCEP page.",https://en.wikipedia.org/wiki/Regional_Comprehensive_Economic_Partnership,2026-09-01T00:00:00Z
China,Brazil,shared_member_IPEF,0,2026,"Wikipedia, ""Indo-Pacific Economic Framework""; cross-check: USTR IPEF page.",https://en.wikipedia.org/wiki/Indo-Pacific_Economic_Framework,2026-09-01T00:00:00Z
China,Brazil,shared_member_USMCA,0,2026,"USTR, Agreement between the United States, Mexico and Canada (USMCA), in force since 1 July 2020.",https://ustr.gov/trade-agreements/free-trade-agreements/agreement-between-united-states-mexico-and-canada-usmca,2026-09-01T00:00:00Z
China,Brazil,shared_member_EU,0,2026,"European Union, official list of member states.",https://european-union.europa.eu/principles-countries-history/country-profiles_en,2026-09-01T00:00:00Z
China,Brazil,shared_member_NATO,0,2026,"NATO, official member countries page.",https://www.nato.int/en/about-us/organization/nato-member-countries,2026-09-01T00:00:00Z
China,Brazil,shared_member_QUAD,0,2026,"U.S. Department of State, Quadrilateral Security Dialogue (Australia, India, Japan, United States).",https://www.state.gov/quad-countries-joint-leaders-statement/,2026-09-01T00:00:00Z
China,Canada,abs_diff_ipd_alignment_score_2023_allvotes,1.394745,2023,"Derived by author (this project) as |alignment_score_a - alignment_score_b| from country-level 2023-all-votes Ideal Point Distance alignment scores published in Airaudo, F.S., de Soyres, F., Richards, K. & Santacreu, A.M. (2025). ""Fragmentation? Revisiting the Ideal Point Distance measure of geopolitical distance."" FEDS Notes, Board of Governors of the Federal Reserve System, March 21, 2025, doi:10.17016/2380-7172.3749. Table/Figure 1 accessible-data version.",https://federalreserve.gov/econres/notes/feds-notes/fragmentation-revisiting-the-ideal-point-distance-measure-of-geopolitical-distance-accessible-20250321.htm,2026-09-01T00:00:00Z
China,Canada,shared_member_CPTPP,0,2026,"Wikipedia, ""Member states of the Comprehensive and Progressive Agreement for Trans-Pacific Partnership"" (compiled from official accession instruments); cross-check: Global Affairs Canada CPTPP page.",https://en.wikipedia.org/wiki/Member_states_of_the_Comprehensive_and_Progressive_Agreement_for_Trans-Pacific_Partnership,2026-09-01T00:00:00Z
China,Canada,shared_member_RCEP,0,2026,"Wikipedia, ""Regional Comprehensive Economic Partnership""; cross-check: DFAT Australia RCEP page.",https://en.wikipedia.org/wiki/Regional_Comprehensive_Economic_Partnership,2026-09-01T00:00:00Z
China,Canada,shared_member_IPEF,0,2026,"Wikipedia, ""Indo-Pacific Economic Framework""; cross-check: USTR IPEF page.",https://en.wikipedia.org/wiki/Indo-Pacific_Economic_Framework,2026-09-01T00:00:00Z
China,Canada,shared_member_USMCA,0,2026,"USTR, Agreement between the United States, Mexico and Canada (USMCA), in force since 1 July 2020.",https://ustr.gov/trade-agreements/free-trade-agreements/agreement-between-united-states-mexico-and-canada-usmca,2026-09-01T00:00:00Z
China,Canada,shared_member_EU,0,2026,"European Union, official list of member states.",https://european-union.europa.eu/principles-countries-history/country-profiles_en,2026-09-01T00:00:00Z
China,Canada,shared_member_NATO,0,2026,"NATO, official member countries page.",https://www.nato.int/en/about-us/organization/nato-member-countries,2026-09-01T00:00:00Z
China,Canada,shared_member_QUAD,0,2026,"U.S. Department of State, Quadrilateral Security Dialogue (Australia, India, Japan, United States).",https://www.state.gov/quad-countries-joint-leaders-statement/,2026-09-01T00:00:00Z
China,Singapore,abs_diff_ipd_alignment_score_2023_allvotes,0.334908,2023,"Derived by author (this project) as |alignment_score_a - alignment_score_b| from country-level 2023-all-votes Ideal Point Distance alignment scores published in Airaudo, F.S., de Soyres, F., Richards, K. & Santacreu, A.M. (2025). ""Fragmentation? Revisiting the Ideal Point Distance measure of geopolitical distance."" FEDS Notes, Board of Governors of the Federal Reserve System, March 21, 2025, doi:10.17016/2380-7172.3749. Table/Figure 1 accessible-data version.",https://federalreserve.gov/econres/notes/feds-notes/fragmentation-revisiting-the-ideal-point-distance-measure-of-geopolitical-distance-accessible-20250321.htm,2026-09-01T00:00:00Z
China,Singapore,shared_member_CPTPP,0,2026,"Wikipedia, ""Member states of the Comprehensive and Progressive Agreement for Trans-Pacific Partnership"" (compiled from official accession instruments); cross-check: Global Affairs Canada CPTPP page.",https://en.wikipedia.org/wiki/Member_states_of_the_Comprehensive_and_Progressive_Agreement_for_Trans-Pacific_Partnership,2026-09-01T00:00:00Z
China,Singapore,shared_member_RCEP,1,2026,"Wikipedia, ""Regional Comprehensive Economic Partnership""; cross-check: DFAT Australia RCEP page.",https://en.wikipedia.org/wiki/Regional_Comprehensive_Economic_Partnership,2026-09-01T00:00:00Z
China,Singapore,shared_member_IPEF,0,2026,"Wikipedia, ""Indo-Pacific Economic Framework""; cross-check: USTR IPEF page.",https://en.wikipedia.org/wiki/Indo-Pacific_Economic_Framework,2026-09-01T00:00:00Z
China,Singapore,shared_member_USMCA,0,2026,"USTR, Agreement between the United States, Mexico and Canada (USMCA), in force since 1 July 2020.",https://ustr.gov/trade-agreements/free-trade-agreements/agreement-between-united-states-mexico-and-canada-usmca,2026-09-01T00:00:00Z
China,Singapore,shared_member_EU,0,2026,"European Union, official list of member states.",https://european-union.europa.eu/principles-countries-history/country-profiles_en,2026-09-01T00:00:00Z
China,Singapore,shared_member_NATO,0,2026,"NATO, official member countries page.",https://www.nato.int/en/about-us/organization/nato-member-countries,2026-09-01T00:00:00Z
China,Singapore,shared_member_QUAD,0,2026,"U.S. Department of State, Quadrilateral Security Dialogue (Australia, India, Japan, United States).",https://www.state.gov/quad-countries-joint-leaders-statement/,2026-09-01T00:00:00Z
India,Germany,abs_diff_ipd_alignment_score_2023_allvotes,1.019324,2023,"Derived by author (this project) as |alignment_score_a - alignment_score_b| from country-level 2023-all-votes Ideal Point Distance alignment scores published in Airaudo, F.S., de Soyres, F., Richards, K. & Santacreu, A.M. (2025). ""Fragmentation? Revisiting the Ideal Point Distance measure of geopolitical distance."" FEDS Notes, Board of Governors of the Federal Reserve System, March 21, 2025, doi:10.17016/2380-7172.3749. Table/Figure 1 accessible-data version.",https://federalreserve.gov/econres/notes/feds-notes/fragmentation-revisiting-the-ideal-point-distance-measure-of-geopolitical-distance-accessible-20250321.htm,2026-09-01T00:00:00Z
India,Germany,shared_member_CPTPP,0,2026,"Wikipedia, ""Member states of the Comprehensive and Progressive Agreement for Trans-Pacific Partnership"" (compiled from official accession instruments); cross-check: Global Affairs Canada CPTPP page.",https://en.wikipedia.org/wiki/Member_states_of_the_Comprehensive_and_Progressive_Agreement_for_Trans-Pacific_Partnership,2026-09-01T00:00:00Z
India,Germany,shared_member_RCEP,0,2026,"Wikipedia, ""Regional Comprehensive Economic Partnership""; cross-check: DFAT Australia RCEP page.",https://en.wikipedia.org/wiki/Regional_Comprehensive_Economic_Partnership,2026-09-01T00:00:00Z
India,Germany,shared_member_IPEF,0,2026,"Wikipedia, ""Indo-Pacific Economic Framework""; cross-check: USTR IPEF page.",https://en.wikipedia.org/wiki/Indo-Pacific_Economic_Framework,2026-09-01T00:00:00Z
India,Germany,shared_member_USMCA,0,2026,"USTR, Agreement between the United States, Mexico and Canada (USMCA), in force since 1 July 2020.",https://ustr.gov/trade-agreements/free-trade-agreements/agreement-between-united-states-mexico-and-canada-usmca,2026-09-01T00:00:00Z
India,Germany,shared_member_EU,0,2026,"European Union, official list of member states.",https://european-union.europa.eu/principles-countries-history/country-profiles_en,2026-09-01T00:00:00Z
India,Germany,shared_member_NATO,0,2026,"NATO, official member countries page.",https://www.nato.int/en/about-us/organization/nato-member-countries,2026-09-01T00:00:00Z
India,Germany,shared_member_QUAD,0,2026,"U.S. Department of State, Quadrilateral Security Dialogue (Australia, India, Japan, United States).",https://www.state.gov/quad-countries-joint-leaders-statement/,2026-09-01T00:00:00Z
India,Japan,abs_diff_ipd_alignment_score_2023_allvotes,0.715076,2023,"Derived by author (this project) as |alignment_score_a - alignment_score_b| from country-level 2023-all-votes Ideal Point Distance alignment scores published in Airaudo, F.S., de Soyres, F., Richards, K. & Santacreu, A.M. (2025). ""Fragmentation? Revisiting the Ideal Point Distance measure of geopolitical distance."" FEDS Notes, Board of Governors of the Federal Reserve System, March 21, 2025, doi:10.17016/2380-7172.3749. Table/Figure 1 accessible-data version.",https://federalreserve.gov/econres/notes/feds-notes/fragmentation-revisiting-the-ideal-point-distance-measure-of-geopolitical-distance-accessible-20250321.htm,2026-09-01T00:00:00Z
India,Japan,shared_member_CPTPP,0,2026,"Wikipedia, ""Member states of the Comprehensive and Progressive Agreement for Trans-Pacific Partnership"" (compiled from official accession instruments); cross-check: Global Affairs Canada CPTPP page.",https://en.wikipedia.org/wiki/Member_states_of_the_Comprehensive_and_Progressive_Agreement_for_Trans-Pacific_Partnership,2026-09-01T00:00:00Z
India,Japan,shared_member_RCEP,0,2026,"Wikipedia, ""Regional Comprehensive Economic Partnership""; cross-check: DFAT Australia RCEP page.",https://en.wikipedia.org/wiki/Regional_Comprehensive_Economic_Partnership,2026-09-01T00:00:00Z
India,Japan,shared_member_IPEF,1,2026,"Wikipedia, ""Indo-Pacific Economic Framework""; cross-check: USTR IPEF page.",https://en.wikipedia.org/wiki/Indo-Pacific_Economic_Framework,2026-09-01T00:00:00Z
India,Japan,shared_member_USMCA,0,2026,"USTR, Agreement between the United States, Mexico and Canada (USMCA), in force since 1 July 2020.",https://ustr.gov/trade-agreements/free-trade-agreements/agreement-between-united-states-mexico-and-canada-usmca,2026-09-01T00:00:00Z
India,Japan,shared_member_EU,0,2026,"European Union, official list of member states.",https://european-union.europa.eu/principles-countries-history/country-profiles_en,2026-09-01T00:00:00Z
India,Japan,shared_member_NATO,0,2026,"NATO, official member countries page.",https://www.nato.int/en/about-us/organization/nato-member-countries,2026-09-01T00:00:00Z
India,Japan,shared_member_QUAD,1,2026,"U.S. Department of State, Quadrilateral Security Dialogue (Australia, India, Japan, United States).",https://www.state.gov/quad-countries-joint-leaders-statement/,2026-09-01T00:00:00Z
India,Korea Rep.,abs_diff_ipd_alignment_score_2023_allvotes,0.800851,2023,"Derived by author (this project) as |alignment_score_a - alignment_score_b| from country-level 2023-all-votes Ideal Point Distance alignment scores published in Airaudo, F.S., de Soyres, F., Richards, K. & Santacreu, A.M. (2025). ""Fragmentation? Revisiting the Ideal Point Distance measure of geopolitical distance."" FEDS Notes, Board of Governors of the Federal Reserve System, March 21, 2025, doi:10.17016/2380-7172.3749. Table/Figure 1 accessible-data version.",https://federalreserve.gov/econres/notes/feds-notes/fragmentation-revisiting-the-ideal-point-distance-measure-of-geopolitical-distance-accessible-20250321.htm,2026-09-01T00:00:00Z
India,Korea Rep.,shared_member_CPTPP,0,2026,"Wikipedia, ""Member states of the Comprehensive and Progressive Agreement for Trans-Pacific Partnership"" (compiled from official accession instruments); cross-check: Global Affairs Canada CPTPP page.",https://en.wikipedia.org/wiki/Member_states_of_the_Comprehensive_and_Progressive_Agreement_for_Trans-Pacific_Partnership,2026-09-01T00:00:00Z
India,Korea Rep.,shared_member_RCEP,0,2026,"Wikipedia, ""Regional Comprehensive Economic Partnership""; cross-check: DFAT Australia RCEP page.",https://en.wikipedia.org/wiki/Regional_Comprehensive_Economic_Partnership,2026-09-01T00:00:00Z
India,Korea Rep.,shared_member_IPEF,1,2026,"Wikipedia, ""Indo-Pacific Economic Framework""; cross-check: USTR IPEF page.",https://en.wikipedia.org/wiki/Indo-Pacific_Economic_Framework,2026-09-01T00:00:00Z
India,Korea Rep.,shared_member_USMCA,0,2026,"USTR, Agreement between the United States, Mexico and Canada (USMCA), in force since 1 July 2020.",https://ustr.gov/trade-agreements/free-trade-agreements/agreement-between-united-states-mexico-and-canada-usmca,2026-09-01T00:00:00Z
India,Korea Rep.,shared_member_EU,0,2026,"European Union, official list of member states.",https://european-union.europa.eu/principles-countries-history/country-profiles_en,2026-09-01T00:00:00Z
India,Korea Rep.,shared_member_NATO,0,2026,"NATO, official member countries page.",https://www.nato.int/en/about-us/organization/nato-member-countries,2026-09-01T00:00:00Z
India,Korea Rep.,shared_member_QUAD,0,2026,"U.S. Department of State, Quadrilateral Security Dialogue (Australia, India, Japan, United States).",https://www.state.gov/quad-countries-joint-leaders-statement/,2026-09-01T00:00:00Z
India,Viet Nam,abs_diff_ipd_alignment_score_2023_allvotes,0.125730,2023,"Derived by author (this project) as |alignment_score_a - alignment_score_b| from country-level 2023-all-votes Ideal Point Distance alignment scores published in Airaudo, F.S., de Soyres, F., Richards, K. & Santacreu, A.M. (2025). ""Fragmentation? Revisiting the Ideal Point Distance measure of geopolitical distance."" FEDS Notes, Board of Governors of the Federal Reserve System, March 21, 2025, doi:10.17016/2380-7172.3749. Table/Figure 1 accessible-data version.",https://federalreserve.gov/econres/notes/feds-notes/fragmentation-revisiting-the-ideal-point-distance-measure-of-geopolitical-distance-accessible-20250321.htm,2026-09-01T00:00:00Z
India,Viet Nam,shared_member_CPTPP,0,2026,"Wikipedia, ""Member states of the Comprehensive and Progressive Agreement for Trans-Pacific Partnership"" (compiled from official accession instruments); cross-check: Global Affairs Canada CPTPP page.",https://en.wikipedia.org/wiki/Member_states_of_the_Comprehensive_and_Progressive_Agreement_for_Trans-Pacific_Partnership,2026-09-01T00:00:00Z
India,Viet Nam,shared_member_RCEP,0,2026,"Wikipedia, ""Regional Comprehensive Economic Partnership""; cross-check: DFAT Australia RCEP page.",https://en.wikipedia.org/wiki/Regional_Comprehensive_Economic_Partnership,2026-09-01T00:00:00Z
India,Viet Nam,shared_member_IPEF,1,2026,"Wikipedia, ""Indo-Pacific Economic Framework""; cross-check: USTR IPEF page.",https://en.wikipedia.org/wiki/Indo-Pacific_Economic_Framework,2026-09-01T00:00:00Z
India,Viet Nam,shared_member_USMCA,0,2026,"USTR, Agreement between the United States, Mexico and Canada (USMCA), in force since 1 July 2020.",https://ustr.gov/trade-agreements/free-trade-agreements/agreement-between-united-states-mexico-and-canada-usmca,2026-09-01T00:00:00Z
India,Viet Nam,shared_member_EU,0,2026,"European Union, official list of member states.",https://european-union.europa.eu/principles-countries-history/country-profiles_en,2026-09-01T00:00:00Z
India,Viet Nam,shared_member_NATO,0,2026,"NATO, official member countries page.",https://www.nato.int/en/about-us/organization/nato-member-countries,2026-09-01T00:00:00Z
India,Viet Nam,shared_member_QUAD,0,2026,"U.S. Department of State, Quadrilateral Security Dialogue (Australia, India, Japan, United States).",https://www.state.gov/quad-countries-joint-leaders-statement/,2026-09-01T00:00:00Z
India,Mexico,abs_diff_ipd_alignment_score_2023_allvotes,0.235624,2023,"Derived by author (this project) as |alignment_score_a - alignment_score_b| from country-level 2023-all-votes Ideal Point Distance alignment scores published in Airaudo, F.S., de Soyres, F., Richards, K. & Santacreu, A.M. (2025). ""Fragmentation? Revisiting the Ideal Point Distance measure of geopolitical distance."" FEDS Notes, Board of Governors of the Federal Reserve System, March 21, 2025, doi:10.17016/2380-7172.3749. Table/Figure 1 accessible-data version.",https://federalreserve.gov/econres/notes/feds-notes/fragmentation-revisiting-the-ideal-point-distance-measure-of-geopolitical-distance-accessible-20250321.htm,2026-09-01T00:00:00Z
India,Mexico,shared_member_CPTPP,0,2026,"Wikipedia, ""Member states of the Comprehensive and Progressive Agreement for Trans-Pacific Partnership"" (compiled from official accession instruments); cross-check: Global Affairs Canada CPTPP page.",https://en.wikipedia.org/wiki/Member_states_of_the_Comprehensive_and_Progressive_Agreement_for_Trans-Pacific_Partnership,2026-09-01T00:00:00Z
India,Mexico,shared_member_RCEP,0,2026,"Wikipedia, ""Regional Comprehensive Economic Partnership""; cross-check: DFAT Australia RCEP page.",https://en.wikipedia.org/wiki/Regional_Comprehensive_Economic_Partnership,2026-09-01T00:00:00Z
India,Mexico,shared_member_IPEF,0,2026,"Wikipedia, ""Indo-Pacific Economic Framework""; cross-check: USTR IPEF page.",https://en.wikipedia.org/wiki/Indo-Pacific_Economic_Framework,2026-09-01T00:00:00Z
India,Mexico,shared_member_USMCA,0,2026,"USTR, Agreement between the United States, Mexico and Canada (USMCA), in force since 1 July 2020.",https://ustr.gov/trade-agreements/free-trade-agreements/agreement-between-united-states-mexico-and-canada-usmca,2026-09-01T00:00:00Z
India,Mexico,shared_member_EU,0,2026,"European Union, official list of member states.",https://european-union.europa.eu/principles-countries-history/country-profiles_en,2026-09-01T00:00:00Z
India,Mexico,shared_member_NATO,0,2026,"NATO, official member countries page.",https://www.nato.int/en/about-us/organization/nato-member-countries,2026-09-01T00:00:00Z
India,Mexico,shared_member_QUAD,0,2026,"U.S. Department of State, Quadrilateral Security Dialogue (Australia, India, Japan, United States).",https://www.state.gov/quad-countries-joint-leaders-statement/,2026-09-01T00:00:00Z
India,Thailand,abs_diff_ipd_alignment_score_2023_allvotes,0.031774,2023,"Derived by author (this project) as |alignment_score_a - alignment_score_b| from country-level 2023-all-votes Ideal Point Distance alignment scores published in Airaudo, F.S., de Soyres, F., Richards, K. & Santacreu, A.M. (2025). ""Fragmentation? Revisiting the Ideal Point Distance measure of geopolitical distance."" FEDS Notes, Board of Governors of the Federal Reserve System, March 21, 2025, doi:10.17016/2380-7172.3749. Table/Figure 1 accessible-data version.",https://federalreserve.gov/econres/notes/feds-notes/fragmentation-revisiting-the-ideal-point-distance-measure-of-geopolitical-distance-accessible-20250321.htm,2026-09-01T00:00:00Z
India,Thailand,shared_member_CPTPP,0,2026,"Wikipedia, ""Member states of the Comprehensive and Progressive Agreement for Trans-Pacific Partnership"" (compiled from official accession instruments); cross-check: Global Affairs Canada CPTPP page.",https://en.wikipedia.org/wiki/Member_states_of_the_Comprehensive_and_Progressive_Agreement_for_Trans-Pacific_Partnership,2026-09-01T00:00:00Z
India,Thailand,shared_member_RCEP,0,2026,"Wikipedia, ""Regional Comprehensive Economic Partnership""; cross-check: DFAT Australia RCEP page.",https://en.wikipedia.org/wiki/Regional_Comprehensive_Economic_Partnership,2026-09-01T00:00:00Z
India,Thailand,shared_member_IPEF,1,2026,"Wikipedia, ""Indo-Pacific Economic Framework""; cross-check: USTR IPEF page.",https://en.wikipedia.org/wiki/Indo-Pacific_Economic_Framework,2026-09-01T00:00:00Z
India,Thailand,shared_member_USMCA,0,2026,"USTR, Agreement between the United States, Mexico and Canada (USMCA), in force since 1 July 2020.",https://ustr.gov/trade-agreements/free-trade-agreements/agreement-between-united-states-mexico-and-canada-usmca,2026-09-01T00:00:00Z
India,Thailand,shared_member_EU,0,2026,"European Union, official list of member states.",https://european-union.europa.eu/principles-countries-history/country-profiles_en,2026-09-01T00:00:00Z
India,Thailand,shared_member_NATO,0,2026,"NATO, official member countries page.",https://www.nato.int/en/about-us/organization/nato-member-countries,2026-09-01T00:00:00Z
India,Thailand,shared_member_QUAD,0,2026,"U.S. Department of State, Quadrilateral Security Dialogue (Australia, India, Japan, United States).",https://www.state.gov/quad-countries-joint-leaders-statement/,2026-09-01T00:00:00Z
India,Indonesia,abs_diff_ipd_alignment_score_2023_allvotes,0.235876,2023,"Derived by author (this project) as |alignment_score_a - alignment_score_b| from country-level 2023-all-votes Ideal Point Distance alignment scores published in Airaudo, F.S., de Soyres, F., Richards, K. & Santacreu, A.M. (2025). ""Fragmentation? Revisiting the Ideal Point Distance measure of geopolitical distance."" FEDS Notes, Board of Governors of the Federal Reserve System, March 21, 2025, doi:10.17016/2380-7172.3749. Table/Figure 1 accessible-data version.",https://federalreserve.gov/econres/notes/feds-notes/fragmentation-revisiting-the-ideal-point-distance-measure-of-geopolitical-distance-accessible-20250321.htm,2026-09-01T00:00:00Z
India,Indonesia,shared_member_CPTPP,0,2026,"Wikipedia, ""Member states of the Comprehensive and Progressive Agreement for Trans-Pacific Partnership"" (compiled from official accession instruments); cross-check: Global Affairs Canada CPTPP page.",https://en.wikipedia.org/wiki/Member_states_of_the_Comprehensive_and_Progressive_Agreement_for_Trans-Pacific_Partnership,2026-09-01T00:00:00Z
India,Indonesia,shared_member_RCEP,0,2026,"Wikipedia, ""Regional Comprehensive Economic Partnership""; cross-check: DFAT Australia RCEP page.",https://en.wikipedia.org/wiki/Regional_Comprehensive_Economic_Partnership,2026-09-01T00:00:00Z
India,Indonesia,shared_member_IPEF,1,2026,"Wikipedia, ""Indo-Pacific Economic Framework""; cross-check: USTR IPEF page.",https://en.wikipedia.org/wiki/Indo-Pacific_Economic_Framework,2026-09-01T00:00:00Z
India,Indonesia,shared_member_USMCA,0,2026,"USTR, Agreement between the United States, Mexico and Canada (USMCA), in force since 1 July 2020.",https://ustr.gov/trade-agreements/free-trade-agreements/agreement-between-united-states-mexico-and-canada-usmca,2026-09-01T00:00:00Z
India,Indonesia,shared_member_EU,0,2026,"European Union, official list of member states.",https://european-union.europa.eu/principles-countries-history/country-profiles_en,2026-09-01T00:00:00Z
India,Indonesia,shared_member_NATO,0,2026,"NATO, official member countries page.",https://www.nato.int/en/about-us/organization/nato-member-countries,2026-09-01T00:00:00Z
India,Indonesia,shared_member_QUAD,0,2026,"U.S. Department of State, Quadrilateral Security Dialogue (Australia, India, Japan, United States).",https://www.state.gov/quad-countries-joint-leaders-statement/,2026-09-01T00:00:00Z
India,Malaysia,abs_diff_ipd_alignment_score_2023_allvotes,0.153534,2023,"Derived by author (this project) as |alignment_score_a - alignment_score_b| from country-level 2023-all-votes Ideal Point Distance alignment scores published in Airaudo, F.S., de Soyres, F., Richards, K. & Santacreu, A.M. (2025). ""Fragmentation? Revisiting the Ideal Point Distance measure of geopolitical distance."" FEDS Notes, Board of Governors of the Federal Reserve System, March 21, 2025, doi:10.17016/2380-7172.3749. Table/Figure 1 accessible-data version.",https://federalreserve.gov/econres/notes/feds-notes/fragmentation-revisiting-the-ideal-point-distance-measure-of-geopolitical-distance-accessible-20250321.htm,2026-09-01T00:00:00Z
India,Malaysia,shared_member_CPTPP,0,2026,"Wikipedia, ""Member states of the Comprehensive and Progressive Agreement for Trans-Pacific Partnership"" (compiled from official accession instruments); cross-check: Global Affairs Canada CPTPP page.",https://en.wikipedia.org/wiki/Member_states_of_the_Comprehensive_and_Progressive_Agreement_for_Trans-Pacific_Partnership,2026-09-01T00:00:00Z
India,Malaysia,shared_member_RCEP,0,2026,"Wikipedia, ""Regional Comprehensive Economic Partnership""; cross-check: DFAT Australia RCEP page.",https://en.wikipedia.org/wiki/Regional_Comprehensive_Economic_Partnership,2026-09-01T00:00:00Z
India,Malaysia,shared_member_IPEF,1,2026,"Wikipedia, ""Indo-Pacific Economic Framework""; cross-check: USTR IPEF page.",https://en.wikipedia.org/wiki/Indo-Pacific_Economic_Framework,2026-09-01T00:00:00Z
India,Malaysia,shared_member_USMCA,0,2026,"USTR, Agreement between the United States, Mexico and Canada (USMCA), in force since 1 July 2020.",https://ustr.gov/trade-agreements/free-trade-agreements/agreement-between-united-states-mexico-and-canada-usmca,2026-09-01T00:00:00Z
India,Malaysia,shared_member_EU,0,2026,"European Union, official list of member states.",https://european-union.europa.eu/principles-countries-history/country-profiles_en,2026-09-01T00:00:00Z
India,Malaysia,shared_member_NATO,0,2026,"NATO, official member countries page.",https://www.nato.int/en/about-us/organization/nato-member-countries,2026-09-01T00:00:00Z
India,Malaysia,shared_member_QUAD,0,2026,"U.S. Department of State, Quadrilateral Security Dialogue (Australia, India, Japan, United States).",https://www.state.gov/quad-countries-joint-leaders-statement/,2026-09-01T00:00:00Z
India,Brazil,abs_diff_ipd_alignment_score_2023_allvotes,0.042437,2023,"Derived by author (this project) as |alignment_score_a - alignment_score_b| from country-level 2023-all-votes Ideal Point Distance alignment scores published in Airaudo, F.S., de Soyres, F., Richards, K. & Santacreu, A.M. (2025). ""Fragmentation? Revisiting the Ideal Point Distance measure of geopolitical distance."" FEDS Notes, Board of Governors of the Federal Reserve System, March 21, 2025, doi:10.17016/2380-7172.3749. Table/Figure 1 accessible-data version.",https://federalreserve.gov/econres/notes/feds-notes/fragmentation-revisiting-the-ideal-point-distance-measure-of-geopolitical-distance-accessible-20250321.htm,2026-09-01T00:00:00Z
India,Brazil,shared_member_CPTPP,0,2026,"Wikipedia, ""Member states of the Comprehensive and Progressive Agreement for Trans-Pacific Partnership"" (compiled from official accession instruments); cross-check: Global Affairs Canada CPTPP page.",https://en.wikipedia.org/wiki/Member_states_of_the_Comprehensive_and_Progressive_Agreement_for_Trans-Pacific_Partnership,2026-09-01T00:00:00Z
India,Brazil,shared_member_RCEP,0,2026,"Wikipedia, ""Regional Comprehensive Economic Partnership""; cross-check: DFAT Australia RCEP page.",https://en.wikipedia.org/wiki/Regional_Comprehensive_Economic_Partnership,2026-09-01T00:00:00Z
India,Brazil,shared_member_IPEF,0,2026,"Wikipedia, ""Indo-Pacific Economic Framework""; cross-check: USTR IPEF page.",https://en.wikipedia.org/wiki/Indo-Pacific_Economic_Framework,2026-09-01T00:00:00Z
India,Brazil,shared_member_USMCA,0,2026,"USTR, Agreement between the United States, Mexico and Canada (USMCA), in force since 1 July 2020.",https://ustr.gov/trade-agreements/free-trade-agreements/agreement-between-united-states-mexico-and-canada-usmca,2026-09-01T00:00:00Z
India,Brazil,shared_member_EU,0,2026,"European Union, official list of member states.",https://european-union.europa.eu/principles-countries-history/country-profiles_en,2026-09-01T00:00:00Z
India,Brazil,shared_member_NATO,0,2026,"NATO, official member countries page.",https://www.nato.int/en/about-us/organization/nato-member-countries,2026-09-01T00:00:00Z
India,Brazil,shared_member_QUAD,0,2026,"U.S. Department of State, Quadrilateral Security Dialogue (Australia, India, Japan, United States).",https://www.state.gov/quad-countries-joint-leaders-statement/,2026-09-01T00:00:00Z
India,Canada,abs_diff_ipd_alignment_score_2023_allvotes,1.084741,2023,"Derived by author (this project) as |alignment_score_a - alignment_score_b| from country-level 2023-all-votes Ideal Point Distance alignment scores published in Airaudo, F.S., de Soyres, F., Richards, K. & Santacreu, A.M. (2025). ""Fragmentation? Revisiting the Ideal Point Distance measure of geopolitical distance."" FEDS Notes, Board of Governors of the Federal Reserve System, March 21, 2025, doi:10.17016/2380-7172.3749. Table/Figure 1 accessible-data version.",https://federalreserve.gov/econres/notes/feds-notes/fragmentation-revisiting-the-ideal-point-distance-measure-of-geopolitical-distance-accessible-20250321.htm,2026-09-01T00:00:00Z
India,Canada,shared_member_CPTPP,0,2026,"Wikipedia, ""Member states of the Comprehensive and Progressive Agreement for Trans-Pacific Partnership"" (compiled from official accession instruments); cross-check: Global Affairs Canada CPTPP page.",https://en.wikipedia.org/wiki/Member_states_of_the_Comprehensive_and_Progressive_Agreement_for_Trans-Pacific_Partnership,2026-09-01T00:00:00Z
India,Canada,shared_member_RCEP,0,2026,"Wikipedia, ""Regional Comprehensive Economic Partnership""; cross-check: DFAT Australia RCEP page.",https://en.wikipedia.org/wiki/Regional_Comprehensive_Economic_Partnership,2026-09-01T00:00:00Z
India,Canada,shared_member_IPEF,0,2026,"Wikipedia, ""Indo-Pacific Economic Framework""; cross-check: USTR IPEF page.",https://en.wikipedia.org/wiki/Indo-Pacific_Economic_Framework,2026-09-01T00:00:00Z
India,Canada,shared_member_USMCA,0,2026,"USTR, Agreement between the United States, Mexico and Canada (USMCA), in force since 1 July 2020.",https://ustr.gov/trade-agreements/free-trade-agreements/agreement-between-united-states-mexico-and-canada-usmca,2026-09-01T00:00:00Z
India,Canada,shared_member_EU,0,2026,"European Union, official list of member states.",https://european-union.europa.eu/principles-countries-history/country-profiles_en,2026-09-01T00:00:00Z
India,Canada,shared_member_NATO,0,2026,"NATO, official member countries page.",https://www.nato.int/en/about-us/organization/nato-member-countries,2026-09-01T00:00:00Z
India,Canada,shared_member_QUAD,0,2026,"U.S. Department of State, Quadrilateral Security Dialogue (Australia, India, Japan, United States).",https://www.state.gov/quad-countries-joint-leaders-statement/,2026-09-01T00:00:00Z
India,Singapore,abs_diff_ipd_alignment_score_2023_allvotes,0.024904,2023,"Derived by author (this project) as |alignment_score_a - alignment_score_b| from country-level 2023-all-votes Ideal Point Distance alignment scores published in Airaudo, F.S., de Soyres, F., Richards, K. & Santacreu, A.M. (2025). ""Fragmentation? Revisiting the Ideal Point Distance measure of geopolitical distance."" FEDS Notes, Board of Governors of the Federal Reserve System, March 21, 2025, doi:10.17016/2380-7172.3749. Table/Figure 1 accessible-data version.",https://federalreserve.gov/econres/notes/feds-notes/fragmentation-revisiting-the-ideal-point-distance-measure-of-geopolitical-distance-accessible-20250321.htm,2026-09-01T00:00:00Z
India,Singapore,shared_member_CPTPP,0,2026,"Wikipedia, ""Member states of the Comprehensive and Progressive Agreement for Trans-Pacific Partnership"" (compiled from official accession instruments); cross-check: Global Affairs Canada CPTPP page.",https://en.wikipedia.org/wiki/Member_states_of_the_Comprehensive_and_Progressive_Agreement_for_Trans-Pacific_Partnership,2026-09-01T00:00:00Z
India,Singapore,shared_member_RCEP,0,2026,"Wikipedia, ""Regional Comprehensive Economic Partnership""; cross-check: DFAT Australia RCEP page.",https://en.wikipedia.org/wiki/Regional_Comprehensive_Economic_Partnership,2026-09-01T00:00:00Z
India,Singapore,shared_member_IPEF,1,2026,"Wikipedia, ""Indo-Pacific Economic Framework""; cross-check: USTR IPEF page.",https://en.wikipedia.org/wiki/Indo-Pacific_Economic_Framework,2026-09-01T00:00:00Z
India,Singapore,shared_member_USMCA,0,2026,"USTR, Agreement between the United States, Mexico and Canada (USMCA), in force since 1 July 2020.",https://ustr.gov/trade-agreements/free-trade-agreements/agreement-between-united-states-mexico-and-canada-usmca,2026-09-01T00:00:00Z
India,Singapore,shared_member_EU,0,2026,"European Union, official list of member states.",https://european-union.europa.eu/principles-countries-history/country-profiles_en,2026-09-01T00:00:00Z
India,Singapore,shared_member_NATO,0,2026,"NATO, official member countries page.",https://www.nato.int/en/about-us/organization/nato-member-countries,2026-09-01T00:00:00Z
India,Singapore,shared_member_QUAD,0,2026,"U.S. Department of State, Quadrilateral Security Dialogue (Australia, India, Japan, United States).",https://www.state.gov/quad-countries-joint-leaders-statement/,2026-09-01T00:00:00Z
Germany,Japan,abs_diff_ipd_alignment_score_2023_allvotes,0.304248,2023,"Derived by author (this project) as |alignment_score_a - alignment_score_b| from country-level 2023-all-votes Ideal Point Distance alignment scores published in Airaudo, F.S., de Soyres, F., Richards, K. & Santacreu, A.M. (2025). ""Fragmentation? Revisiting the Ideal Point Distance measure of geopolitical distance."" FEDS Notes, Board of Governors of the Federal Reserve System, March 21, 2025, doi:10.17016/2380-7172.3749. Table/Figure 1 accessible-data version.",https://federalreserve.gov/econres/notes/feds-notes/fragmentation-revisiting-the-ideal-point-distance-measure-of-geopolitical-distance-accessible-20250321.htm,2026-09-01T00:00:00Z
Germany,Japan,shared_member_CPTPP,0,2026,"Wikipedia, ""Member states of the Comprehensive and Progressive Agreement for Trans-Pacific Partnership"" (compiled from official accession instruments); cross-check: Global Affairs Canada CPTPP page.",https://en.wikipedia.org/wiki/Member_states_of_the_Comprehensive_and_Progressive_Agreement_for_Trans-Pacific_Partnership,2026-09-01T00:00:00Z
Germany,Japan,shared_member_RCEP,0,2026,"Wikipedia, ""Regional Comprehensive Economic Partnership""; cross-check: DFAT Australia RCEP page.",https://en.wikipedia.org/wiki/Regional_Comprehensive_Economic_Partnership,2026-09-01T00:00:00Z
Germany,Japan,shared_member_IPEF,0,2026,"Wikipedia, ""Indo-Pacific Economic Framework""; cross-check: USTR IPEF page.",https://en.wikipedia.org/wiki/Indo-Pacific_Economic_Framework,2026-09-01T00:00:00Z
Germany,Japan,shared_member_USMCA,0,2026,"USTR, Agreement between the United States, Mexico and Canada (USMCA), in force since 1 July 2020.",https://ustr.gov/trade-agreements/free-trade-agreements/agreement-between-united-states-mexico-and-canada-usmca,2026-09-01T00:00:00Z
Germany,Japan,shared_member_EU,0,2026,"European Union, official list of member states.",https://european-union.europa.eu/principles-countries-history/country-profiles_en,2026-09-01T00:00:00Z
Germany,Japan,shared_member_NATO,0,2026,"NATO, official member countries page.",https://www.nato.int/en/about-us/organization/nato-member-countries,2026-09-01T00:00:00Z
Germany,Japan,shared_member_QUAD,0,2026,"U.S. Department of State, Quadrilateral Security Dialogue (Australia, India, Japan, United States).",https://www.state.gov/quad-countries-joint-leaders-statement/,2026-09-01T00:00:00Z
Germany,Korea Rep.,abs_diff_ipd_alignment_score_2023_allvotes,0.218473,2023,"Derived by author (this project) as |alignment_score_a - alignment_score_b| from country-level 2023-all-votes Ideal Point Distance alignment scores published in Airaudo, F.S., de Soyres, F., Richards, K. & Santacreu, A.M. (2025). ""Fragmentation? Revisiting the Ideal Point Distance measure of geopolitical distance."" FEDS Notes, Board of Governors of the Federal Reserve System, March 21, 2025, doi:10.17016/2380-7172.3749. Table/Figure 1 accessible-data version.",https://federalreserve.gov/econres/notes/feds-notes/fragmentation-revisiting-the-ideal-point-distance-measure-of-geopolitical-distance-accessible-20250321.htm,2026-09-01T00:00:00Z
Germany,Korea Rep.,shared_member_CPTPP,0,2026,"Wikipedia, ""Member states of the Comprehensive and Progressive Agreement for Trans-Pacific Partnership"" (compiled from official accession instruments); cross-check: Global Affairs Canada CPTPP page.",https://en.wikipedia.org/wiki/Member_states_of_the_Comprehensive_and_Progressive_Agreement_for_Trans-Pacific_Partnership,2026-09-01T00:00:00Z
Germany,Korea Rep.,shared_member_RCEP,0,2026,"Wikipedia, ""Regional Comprehensive Economic Partnership""; cross-check: DFAT Australia RCEP page.",https://en.wikipedia.org/wiki/Regional_Comprehensive_Economic_Partnership,2026-09-01T00:00:00Z
Germany,Korea Rep.,shared_member_IPEF,0,2026,"Wikipedia, ""Indo-Pacific Economic Framework""; cross-check: USTR IPEF page.",https://en.wikipedia.org/wiki/Indo-Pacific_Economic_Framework,2026-09-01T00:00:00Z
Germany,Korea Rep.,shared_member_USMCA,0,2026,"USTR, Agreement between the United States, Mexico and Canada (USMCA), in force since 1 July 2020.",https://ustr.gov/trade-agreements/free-trade-agreements/agreement-between-united-states-mexico-and-canada-usmca,2026-09-01T00:00:00Z
Germany,Korea Rep.,shared_member_EU,0,2026,"European Union, official list of member states.",https://european-union.europa.eu/principles-countries-history/country-profiles_en,2026-09-01T00:00:00Z
Germany,Korea Rep.,shared_member_NATO,0,2026,"NATO, official member countries page.",https://www.nato.int/en/about-us/organization/nato-member-countries,2026-09-01T00:00:00Z
Germany,Korea Rep.,shared_member_QUAD,0,2026,"U.S. Department of State, Quadrilateral Security Dialogue (Australia, India, Japan, United States).",https://www.state.gov/quad-countries-joint-leaders-statement/,2026-09-01T00:00:00Z
Germany,Viet Nam,abs_diff_ipd_alignment_score_2023_allvotes,1.145055,2023,"Derived by author (this project) as |alignment_score_a - alignment_score_b| from country-level 2023-all-votes Ideal Point Distance alignment scores published in Airaudo, F.S., de Soyres, F., Richards, K. & Santacreu, A.M. (2025). ""Fragmentation? Revisiting the Ideal Point Distance measure of geopolitical distance."" FEDS Notes, Board of Governors of the Federal Reserve System, March 21, 2025, doi:10.17016/2380-7172.3749. Table/Figure 1 accessible-data version.",https://federalreserve.gov/econres/notes/feds-notes/fragmentation-revisiting-the-ideal-point-distance-measure-of-geopolitical-distance-accessible-20250321.htm,2026-09-01T00:00:00Z
Germany,Viet Nam,shared_member_CPTPP,0,2026,"Wikipedia, ""Member states of the Comprehensive and Progressive Agreement for Trans-Pacific Partnership"" (compiled from official accession instruments); cross-check: Global Affairs Canada CPTPP page.",https://en.wikipedia.org/wiki/Member_states_of_the_Comprehensive_and_Progressive_Agreement_for_Trans-Pacific_Partnership,2026-09-01T00:00:00Z
Germany,Viet Nam,shared_member_RCEP,0,2026,"Wikipedia, ""Regional Comprehensive Economic Partnership""; cross-check: DFAT Australia RCEP page.",https://en.wikipedia.org/wiki/Regional_Comprehensive_Economic_Partnership,2026-09-01T00:00:00Z
Germany,Viet Nam,shared_member_IPEF,0,2026,"Wikipedia, ""Indo-Pacific Economic Framework""; cross-check: USTR IPEF page.",https://en.wikipedia.org/wiki/Indo-Pacific_Economic_Framework,2026-09-01T00:00:00Z
Germany,Viet Nam,shared_member_USMCA,0,2026,"USTR, Agreement between the United States, Mexico and Canada (USMCA), in force since 1 July 2020.",https://ustr.gov/trade-agreements/free-trade-agreements/agreement-between-united-states-mexico-and-canada-usmca,2026-09-01T00:00:00Z
Germany,Viet Nam,shared_member_EU,0,2026,"European Union, official list of member states.",https://european-union.europa.eu/principles-countries-history/country-profiles_en,2026-09-01T00:00:00Z
Germany,Viet Nam,shared_member_NATO,0,2026,"NATO, official member countries page.",https://www.nato.int/en/about-us/organization/nato-member-countries,2026-09-01T00:00:00Z
Germany,Viet Nam,shared_member_QUAD,0,2026,"U.S. Department of State, Quadrilateral Security Dialogue (Australia, India, Japan, United States).",https://www.state.gov/quad-countries-joint-leaders-statement/,2026-09-01T00:00:00Z
Germany,Mexico,abs_diff_ipd_alignment_score_2023_allvotes,0.783701,2023,"Derived by author (this project) as |alignment_score_a - alignment_score_b| from country-level 2023-all-votes Ideal Point Distance alignment scores published in Airaudo, F.S., de Soyres, F., Richards, K. & Santacreu, A.M. (2025). ""Fragmentation? Revisiting the Ideal Point Distance measure of geopolitical distance."" FEDS Notes, Board of Governors of the Federal Reserve System, March 21, 2025, doi:10.17016/2380-7172.3749. Table/Figure 1 accessible-data version.",https://federalreserve.gov/econres/notes/feds-notes/fragmentation-revisiting-the-ideal-point-distance-measure-of-geopolitical-distance-accessible-20250321.htm,2026-09-01T00:00:00Z
Germany,Mexico,shared_member_CPTPP,0,2026,"Wikipedia, ""Member states of the Comprehensive and Progressive Agreement for Trans-Pacific Partnership"" (compiled from official accession instruments); cross-check: Global Affairs Canada CPTPP page.",https://en.wikipedia.org/wiki/Member_states_of_the_Comprehensive_and_Progressive_Agreement_for_Trans-Pacific_Partnership,2026-09-01T00:00:00Z
Germany,Mexico,shared_member_RCEP,0,2026,"Wikipedia, ""Regional Comprehensive Economic Partnership""; cross-check: DFAT Australia RCEP page.",https://en.wikipedia.org/wiki/Regional_Comprehensive_Economic_Partnership,2026-09-01T00:00:00Z
Germany,Mexico,shared_member_IPEF,0,2026,"Wikipedia, ""Indo-Pacific Economic Framework""; cross-check: USTR IPEF page.",https://en.wikipedia.org/wiki/Indo-Pacific_Economic_Framework,2026-09-01T00:00:00Z
Germany,Mexico,shared_member_USMCA,0,2026,"USTR, Agreement between the United States, Mexico and Canada (USMCA), in force since 1 July 2020.",https://ustr.gov/trade-agreements/free-trade-agreements/agreement-between-united-states-mexico-and-canada-usmca,2026-09-01T00:00:00Z
Germany,Mexico,shared_member_EU,0,2026,"European Union, official list of member states.",https://european-union.europa.eu/principles-countries-history/country-profiles_en,2026-09-01T00:00:00Z
Germany,Mexico,shared_member_NATO,0,2026,"NATO, official member countries page.",https://www.nato.int/en/about-us/organization/nato-member-countries,2026-09-01T00:00:00Z
Germany,Mexico,shared_member_QUAD,0,2026,"U.S. Department of State, Quadrilateral Security Dialogue (Australia, India, Japan, United States).",https://www.state.gov/quad-countries-joint-leaders-statement/,2026-09-01T00:00:00Z
Germany,Thailand,abs_diff_ipd_alignment_score_2023_allvotes,0.987550,2023,"Derived by author (this project) as |alignment_score_a - alignment_score_b| from country-level 2023-all-votes Ideal Point Distance alignment scores published in Airaudo, F.S., de Soyres, F., Richards, K. & Santacreu, A.M. (2025). ""Fragmentation? Revisiting the Ideal Point Distance measure of geopolitical distance."" FEDS Notes, Board of Governors of the Federal Reserve System, March 21, 2025, doi:10.17016/2380-7172.3749. Table/Figure 1 accessible-data version.",https://federalreserve.gov/econres/notes/feds-notes/fragmentation-revisiting-the-ideal-point-distance-measure-of-geopolitical-distance-accessible-20250321.htm,2026-09-01T00:00:00Z
Germany,Thailand,shared_member_CPTPP,0,2026,"Wikipedia, ""Member states of the Comprehensive and Progressive Agreement for Trans-Pacific Partnership"" (compiled from official accession instruments); cross-check: Global Affairs Canada CPTPP page.",https://en.wikipedia.org/wiki/Member_states_of_the_Comprehensive_and_Progressive_Agreement_for_Trans-Pacific_Partnership,2026-09-01T00:00:00Z
Germany,Thailand,shared_member_RCEP,0,2026,"Wikipedia, ""Regional Comprehensive Economic Partnership""; cross-check: DFAT Australia RCEP page.",https://en.wikipedia.org/wiki/Regional_Comprehensive_Economic_Partnership,2026-09-01T00:00:00Z
Germany,Thailand,shared_member_IPEF,0,2026,"Wikipedia, ""Indo-Pacific Economic Framework""; cross-check: USTR IPEF page.",https://en.wikipedia.org/wiki/Indo-Pacific_Economic_Framework,2026-09-01T00:00:00Z
Germany,Thailand,shared_member_USMCA,0,2026,"USTR, Agreement between the United States, Mexico and Canada (USMCA), in force since 1 July 2020.",https://ustr.gov/trade-agreements/free-trade-agreements/agreement-between-united-states-mexico-and-canada-usmca,2026-09-01T00:00:00Z
Germany,Thailand,shared_member_EU,0,2026,"European Union, official list of member states.",https://european-union.europa.eu/principles-countries-history/country-profiles_en,2026-09-01T00:00:00Z
Germany,Thailand,shared_member_NATO,0,2026,"NATO, official member countries page.",https://www.nato.int/en/about-us/organization/nato-member-countries,2026-09-01T00:00:00Z
Germany,Thailand,shared_member_QUAD,0,2026,"U.S. Department of State, Quadrilateral Security Dialogue (Australia, India, Japan, United States).",https://www.state.gov/quad-countries-joint-leaders-statement/,2026-09-01T00:00:00Z
Germany,Indonesia,abs_diff_ipd_alignment_score_2023_allvotes,1.255200,2023,"Derived by author (this project) as |alignment_score_a - alignment_score_b| from country-level 2023-all-votes Ideal Point Distance alignment scores published in Airaudo, F.S., de Soyres, F., Richards, K. & Santacreu, A.M. (2025). ""Fragmentation? Revisiting the Ideal Point Distance measure of geopolitical distance."" FEDS Notes, Board of Governors of the Federal Reserve System, March 21, 2025, doi:10.17016/2380-7172.3749. Table/Figure 1 accessible-data version.",https://federalreserve.gov/econres/notes/feds-notes/fragmentation-revisiting-the-ideal-point-distance-measure-of-geopolitical-distance-accessible-20250321.htm,2026-09-01T00:00:00Z
Germany,Indonesia,shared_member_CPTPP,0,2026,"Wikipedia, ""Member states of the Comprehensive and Progressive Agreement for Trans-Pacific Partnership"" (compiled from official accession instruments); cross-check: Global Affairs Canada CPTPP page.",https://en.wikipedia.org/wiki/Member_states_of_the_Comprehensive_and_Progressive_Agreement_for_Trans-Pacific_Partnership,2026-09-01T00:00:00Z
Germany,Indonesia,shared_member_RCEP,0,2026,"Wikipedia, ""Regional Comprehensive Economic Partnership""; cross-check: DFAT Australia RCEP page.",https://en.wikipedia.org/wiki/Regional_Comprehensive_Economic_Partnership,2026-09-01T00:00:00Z
Germany,Indonesia,shared_member_IPEF,0,2026,"Wikipedia, ""Indo-Pacific Economic Framework""; cross-check: USTR IPEF page.",https://en.wikipedia.org/wiki/Indo-Pacific_Economic_Framework,2026-09-01T00:00:00Z
Germany,Indonesia,shared_member_USMCA,0,2026,"USTR, Agreement between the United States, Mexico and Canada (USMCA), in force since 1 July 2020.",https://ustr.gov/trade-agreements/free-trade-agreements/agreement-between-united-states-mexico-and-canada-usmca,2026-09-01T00:00:00Z
Germany,Indonesia,shared_member_EU,0,2026,"European Union, official list of member states.",https://european-union.europa.eu/principles-countries-history/country-profiles_en,2026-09-01T00:00:00Z
Germany,Indonesia,shared_member_NATO,0,2026,"NATO, official member countries page.",https://www.nato.int/en/about-us/organization/nato-member-countries,2026-09-01T00:00:00Z
Germany,Indonesia,shared_member_QUAD,0,2026,"U.S. Department of State, Quadrilateral Security Dialogue (Australia, India, Japan, United States).",https://www.state.gov/quad-countries-joint-leaders-statement/,2026-09-01T00:00:00Z
Germany,Malaysia,abs_diff_ipd_alignment_score_2023_allvotes,1.172858,2023,"Derived by author (this project) as |alignment_score_a - alignment_score_b| from country-level 2023-all-votes Ideal Point Distance alignment scores published in Airaudo, F.S., de Soyres, F., Richards, K. & Santacreu, A.M. (2025). ""Fragmentation? Revisiting the Ideal Point Distance measure of geopolitical distance."" FEDS Notes, Board of Governors of the Federal Reserve System, March 21, 2025, doi:10.17016/2380-7172.3749. Table/Figure 1 accessible-data version.",https://federalreserve.gov/econres/notes/feds-notes/fragmentation-revisiting-the-ideal-point-distance-measure-of-geopolitical-distance-accessible-20250321.htm,2026-09-01T00:00:00Z
Germany,Malaysia,shared_member_CPTPP,0,2026,"Wikipedia, ""Member states of the Comprehensive and Progressive Agreement for Trans-Pacific Partnership"" (compiled from official accession instruments); cross-check: Global Affairs Canada CPTPP page.",https://en.wikipedia.org/wiki/Member_states_of_the_Comprehensive_and_Progressive_Agreement_for_Trans-Pacific_Partnership,2026-09-01T00:00:00Z
Germany,Malaysia,shared_member_RCEP,0,2026,"Wikipedia, ""Regional Comprehensive Economic Partnership""; cross-check: DFAT Australia RCEP page.",https://en.wikipedia.org/wiki/Regional_Comprehensive_Economic_Partnership,2026-09-01T00:00:00Z
Germany,Malaysia,shared_member_IPEF,0,2026,"Wikipedia, ""Indo-Pacific Economic Framework""; cross-check: USTR IPEF page.",https://en.wikipedia.org/wiki/Indo-Pacific_Economic_Framework,2026-09-01T00:00:00Z
Germany,Malaysia,shared_member_USMCA,0,2026,"USTR, Agreement between the United States, Mexico and Canada (USMCA), in force since 1 July 2020.",https://ustr.gov/trade-agreements/free-trade-agreements/agreement-between-united-states-mexico-and-canada-usmca,2026-09-01T00:00:00Z
Germany,Malaysia,shared_member_EU,0,2026,"European Union, official list of member states.",https://european-union.europa.eu/principles-countries-history/country-profiles_en,2026-09-01T00:00:00Z
Germany,Malaysia,shared_member_NATO,0,2026,"NATO, official member countries page.",https://www.nato.int/en/about-us/organization/nato-member-countries,2026-09-01T00:00:00Z
Germany,Malaysia,shared_member_QUAD,0,2026,"U.S. Department of State, Quadrilateral Security Dialogue (Australia, India, Japan, United States).",https://www.state.gov/quad-countries-joint-leaders-statement/,2026-09-01T00:00:00Z
Germany,Brazil,abs_diff_ipd_alignment_score_2023_allvotes,0.976887,2023,"Derived by author (this project) as |alignment_score_a - alignment_score_b| from country-level 2023-all-votes Ideal Point Distance alignment scores published in Airaudo, F.S., de Soyres, F., Richards, K. & Santacreu, A.M. (2025). ""Fragmentation? Revisiting the Ideal Point Distance measure of geopolitical distance."" FEDS Notes, Board of Governors of the Federal Reserve System, March 21, 2025, doi:10.17016/2380-7172.3749. Table/Figure 1 accessible-data version.",https://federalreserve.gov/econres/notes/feds-notes/fragmentation-revisiting-the-ideal-point-distance-measure-of-geopolitical-distance-accessible-20250321.htm,2026-09-01T00:00:00Z
Germany,Brazil,shared_member_CPTPP,0,2026,"Wikipedia, ""Member states of the Comprehensive and Progressive Agreement for Trans-Pacific Partnership"" (compiled from official accession instruments); cross-check: Global Affairs Canada CPTPP page.",https://en.wikipedia.org/wiki/Member_states_of_the_Comprehensive_and_Progressive_Agreement_for_Trans-Pacific_Partnership,2026-09-01T00:00:00Z
Germany,Brazil,shared_member_RCEP,0,2026,"Wikipedia, ""Regional Comprehensive Economic Partnership""; cross-check: DFAT Australia RCEP page.",https://en.wikipedia.org/wiki/Regional_Comprehensive_Economic_Partnership,2026-09-01T00:00:00Z
Germany,Brazil,shared_member_IPEF,0,2026,"Wikipedia, ""Indo-Pacific Economic Framework""; cross-check: USTR IPEF page.",https://en.wikipedia.org/wiki/Indo-Pacific_Economic_Framework,2026-09-01T00:00:00Z
Germany,Brazil,shared_member_USMCA,0,2026,"USTR, Agreement between the United States, Mexico and Canada (USMCA), in force since 1 July 2020.",https://ustr.gov/trade-agreements/free-trade-agreements/agreement-between-united-states-mexico-and-canada-usmca,2026-09-01T00:00:00Z
Germany,Brazil,shared_member_EU,0,2026,"European Union, official list of member states.",https://european-union.europa.eu/principles-countries-history/country-profiles_en,2026-09-01T00:00:00Z
Germany,Brazil,shared_member_NATO,0,2026,"NATO, official member countries page.",https://www.nato.int/en/about-us/organization/nato-member-countries,2026-09-01T00:00:00Z
Germany,Brazil,shared_member_QUAD,0,2026,"U.S. Department of State, Quadrilateral Security Dialogue (Australia, India, Japan, United States).",https://www.state.gov/quad-countries-joint-leaders-statement/,2026-09-01T00:00:00Z
Germany,Canada,abs_diff_ipd_alignment_score_2023_allvotes,0.065416,2023,"Derived by author (this project) as |alignment_score_a - alignment_score_b| from country-level 2023-all-votes Ideal Point Distance alignment scores published in Airaudo, F.S., de Soyres, F., Richards, K. & Santacreu, A.M. (2025). ""Fragmentation? Revisiting the Ideal Point Distance measure of geopolitical distance."" FEDS Notes, Board of Governors of the Federal Reserve System, March 21, 2025, doi:10.17016/2380-7172.3749. Table/Figure 1 accessible-data version.",https://federalreserve.gov/econres/notes/feds-notes/fragmentation-revisiting-the-ideal-point-distance-measure-of-geopolitical-distance-accessible-20250321.htm,2026-09-01T00:00:00Z
Germany,Canada,shared_member_CPTPP,0,2026,"Wikipedia, ""Member states of the Comprehensive and Progressive Agreement for Trans-Pacific Partnership"" (compiled from official accession instruments); cross-check: Global Affairs Canada CPTPP page.",https://en.wikipedia.org/wiki/Member_states_of_the_Comprehensive_and_Progressive_Agreement_for_Trans-Pacific_Partnership,2026-09-01T00:00:00Z
Germany,Canada,shared_member_RCEP,0,2026,"Wikipedia, ""Regional Comprehensive Economic Partnership""; cross-check: DFAT Australia RCEP page.",https://en.wikipedia.org/wiki/Regional_Comprehensive_Economic_Partnership,2026-09-01T00:00:00Z
Germany,Canada,shared_member_IPEF,0,2026,"Wikipedia, ""Indo-Pacific Economic Framework""; cross-check: USTR IPEF page.",https://en.wikipedia.org/wiki/Indo-Pacific_Economic_Framework,2026-09-01T00:00:00Z
Germany,Canada,shared_member_USMCA,0,2026,"USTR, Agreement between the United States, Mexico and Canada (USMCA), in force since 1 July 2020.",https://ustr.gov/trade-agreements/free-trade-agreements/agreement-between-united-states-mexico-and-canada-usmca,2026-09-01T00:00:00Z
Germany,Canada,shared_member_EU,0,2026,"European Union, official list of member states.",https://european-union.europa.eu/principles-countries-history/country-profiles_en,2026-09-01T00:00:00Z
Germany,Canada,shared_member_NATO,1,2026,"NATO, official member countries page.",https://www.nato.int/en/about-us/organization/nato-member-countries,2026-09-01T00:00:00Z
Germany,Canada,shared_member_QUAD,0,2026,"U.S. Department of State, Quadrilateral Security Dialogue (Australia, India, Japan, United States).",https://www.state.gov/quad-countries-joint-leaders-statement/,2026-09-01T00:00:00Z
Germany,Singapore,abs_diff_ipd_alignment_score_2023_allvotes,0.994420,2023,"Derived by author (this project) as |alignment_score_a - alignment_score_b| from country-level 2023-all-votes Ideal Point Distance alignment scores published in Airaudo, F.S., de Soyres, F., Richards, K. & Santacreu, A.M. (2025). ""Fragmentation? Revisiting the Ideal Point Distance measure of geopolitical distance."" FEDS Notes, Board of Governors of the Federal Reserve System, March 21, 2025, doi:10.17016/2380-7172.3749. Table/Figure 1 accessible-data version.",https://federalreserve.gov/econres/notes/feds-notes/fragmentation-revisiting-the-ideal-point-distance-measure-of-geopolitical-distance-accessible-20250321.htm,2026-09-01T00:00:00Z
Germany,Singapore,shared_member_CPTPP,0,2026,"Wikipedia, ""Member states of the Comprehensive and Progressive Agreement for Trans-Pacific Partnership"" (compiled from official accession instruments); cross-check: Global Affairs Canada CPTPP page.",https://en.wikipedia.org/wiki/Member_states_of_the_Comprehensive_and_Progressive_Agreement_for_Trans-Pacific_Partnership,2026-09-01T00:00:00Z
Germany,Singapore,shared_member_RCEP,0,2026,"Wikipedia, ""Regional Comprehensive Economic Partnership""; cross-check: DFAT Australia RCEP page.",https://en.wikipedia.org/wiki/Regional_Comprehensive_Economic_Partnership,2026-09-01T00:00:00Z
Germany,Singapore,shared_member_IPEF,0,2026,"Wikipedia, ""Indo-Pacific Economic Framework""; cross-check: USTR IPEF page.",https://en.wikipedia.org/wiki/Indo-Pacific_Economic_Framework,2026-09-01T00:00:00Z
Germany,Singapore,shared_member_USMCA,0,2026,"USTR, Agreement between the United States, Mexico and Canada (USMCA), in force since 1 July 2020.",https://ustr.gov/trade-agreements/free-trade-agreements/agreement-between-united-states-mexico-and-canada-usmca,2026-09-01T00:00:00Z
Germany,Singapore,shared_member_EU,0,2026,"European Union, official list of member states.",https://european-union.europa.eu/principles-countries-history/country-profiles_en,2026-09-01T00:00:00Z
Germany,Singapore,shared_member_NATO,0,2026,"NATO, official member countries page.",https://www.nato.int/en/about-us/organization/nato-member-countries,2026-09-01T00:00:00Z
Germany,Singapore,shared_member_QUAD,0,2026,"U.S. Department of State, Quadrilateral Security Dialogue (Australia, India, Japan, United States).",https://www.state.gov/quad-countries-joint-leaders-statement/,2026-09-01T00:00:00Z
Japan,Korea Rep.,abs_diff_ipd_alignment_score_2023_allvotes,0.085775,2023,"Derived by author (this project) as |alignment_score_a - alignment_score_b| from country-level 2023-all-votes Ideal Point Distance alignment scores published in Airaudo, F.S., de Soyres, F., Richards, K. & Santacreu, A.M. (2025). ""Fragmentation? Revisiting the Ideal Point Distance measure of geopolitical distance."" FEDS Notes, Board of Governors of the Federal Reserve System, March 21, 2025, doi:10.17016/2380-7172.3749. Table/Figure 1 accessible-data version.",https://federalreserve.gov/econres/notes/feds-notes/fragmentation-revisiting-the-ideal-point-distance-measure-of-geopolitical-distance-accessible-20250321.htm,2026-09-01T00:00:00Z
Japan,Korea Rep.,shared_member_CPTPP,0,2026,"Wikipedia, ""Member states of the Comprehensive and Progressive Agreement for Trans-Pacific Partnership"" (compiled from official accession instruments); cross-check: Global Affairs Canada CPTPP page.",https://en.wikipedia.org/wiki/Member_states_of_the_Comprehensive_and_Progressive_Agreement_for_Trans-Pacific_Partnership,2026-09-01T00:00:00Z
Japan,Korea Rep.,shared_member_RCEP,1,2026,"Wikipedia, ""Regional Comprehensive Economic Partnership""; cross-check: DFAT Australia RCEP page.",https://en.wikipedia.org/wiki/Regional_Comprehensive_Economic_Partnership,2026-09-01T00:00:00Z
Japan,Korea Rep.,shared_member_IPEF,1,2026,"Wikipedia, ""Indo-Pacific Economic Framework""; cross-check: USTR IPEF page.",https://en.wikipedia.org/wiki/Indo-Pacific_Economic_Framework,2026-09-01T00:00:00Z
Japan,Korea Rep.,shared_member_USMCA,0,2026,"USTR, Agreement between the United States, Mexico and Canada (USMCA), in force since 1 July 2020.",https://ustr.gov/trade-agreements/free-trade-agreements/agreement-between-united-states-mexico-and-canada-usmca,2026-09-01T00:00:00Z
Japan,Korea Rep.,shared_member_EU,0,2026,"European Union, official list of member states.",https://european-union.europa.eu/principles-countries-history/country-profiles_en,2026-09-01T00:00:00Z
Japan,Korea Rep.,shared_member_NATO,0,2026,"NATO, official member countries page.",https://www.nato.int/en/about-us/organization/nato-member-countries,2026-09-01T00:00:00Z
Japan,Korea Rep.,shared_member_QUAD,0,2026,"U.S. Department of State, Quadrilateral Security Dialogue (Australia, India, Japan, United States).",https://www.state.gov/quad-countries-joint-leaders-statement/,2026-09-01T00:00:00Z
Japan,Viet Nam,abs_diff_ipd_alignment_score_2023_allvotes,0.840807,2023,"Derived by author (this project) as |alignment_score_a - alignment_score_b| from country-level 2023-all-votes Ideal Point Distance alignment scores published in Airaudo, F.S., de Soyres, F., Richards, K. & Santacreu, A.M. (2025). ""Fragmentation? Revisiting the Ideal Point Distance measure of geopolitical distance."" FEDS Notes, Board of Governors of the Federal Reserve System, March 21, 2025, doi:10.17016/2380-7172.3749. Table/Figure 1 accessible-data version.",https://federalreserve.gov/econres/notes/feds-notes/fragmentation-revisiting-the-ideal-point-distance-measure-of-geopolitical-distance-accessible-20250321.htm,2026-09-01T00:00:00Z
Japan,Viet Nam,shared_member_CPTPP,1,2026,"Wikipedia, ""Member states of the Comprehensive and Progressive Agreement for Trans-Pacific Partnership"" (compiled from official accession instruments); cross-check: Global Affairs Canada CPTPP page.",https://en.wikipedia.org/wiki/Member_states_of_the_Comprehensive_and_Progressive_Agreement_for_Trans-Pacific_Partnership,2026-09-01T00:00:00Z
Japan,Viet Nam,shared_member_RCEP,1,2026,"Wikipedia, ""Regional Comprehensive Economic Partnership""; cross-check: DFAT Australia RCEP page.",https://en.wikipedia.org/wiki/Regional_Comprehensive_Economic_Partnership,2026-09-01T00:00:00Z
Japan,Viet Nam,shared_member_IPEF,1,2026,"Wikipedia, ""Indo-Pacific Economic Framework""; cross-check: USTR IPEF page.",https://en.wikipedia.org/wiki/Indo-Pacific_Economic_Framework,2026-09-01T00:00:00Z
Japan,Viet Nam,shared_member_USMCA,0,2026,"USTR, Agreement between the United States, Mexico and Canada (USMCA), in force since 1 July 2020.",https://ustr.gov/trade-agreements/free-trade-agreements/agreement-between-united-states-mexico-and-canada-usmca,2026-09-01T00:00:00Z
Japan,Viet Nam,shared_member_EU,0,2026,"European Union, official list of member states.",https://european-union.europa.eu/principles-countries-history/country-profiles_en,2026-09-01T00:00:00Z
Japan,Viet Nam,shared_member_NATO,0,2026,"NATO, official member countries page.",https://www.nato.int/en/about-us/organization/nato-member-countries,2026-09-01T00:00:00Z
Japan,Viet Nam,shared_member_QUAD,0,2026,"U.S. Department of State, Quadrilateral Security Dialogue (Australia, India, Japan, United States).",https://www.state.gov/quad-countries-joint-leaders-statement/,2026-09-01T00:00:00Z
Japan,Mexico,abs_diff_ipd_alignment_score_2023_allvotes,0.479452,2023,"Derived by author (this project) as |alignment_score_a - alignment_score_b| from country-level 2023-all-votes Ideal Point Distance alignment scores published in Airaudo, F.S., de Soyres, F., Richards, K. & Santacreu, A.M. (2025). ""Fragmentation? Revisiting the Ideal Point Distance measure of geopolitical distance."" FEDS Notes, Board of Governors of the Federal Reserve System, March 21, 2025, doi:10.17016/2380-7172.3749. Table/Figure 1 accessible-data version.",https://federalreserve.gov/econres/notes/feds-notes/fragmentation-revisiting-the-ideal-point-distance-measure-of-geopolitical-distance-accessible-20250321.htm,2026-09-01T00:00:00Z
Japan,Mexico,shared_member_CPTPP,1,2026,"Wikipedia, ""Member states of the Comprehensive and Progressive Agreement for Trans-Pacific Partnership"" (compiled from official accession instruments); cross-check: Global Affairs Canada CPTPP page.",https://en.wikipedia.org/wiki/Member_states_of_the_Comprehensive_and_Progressive_Agreement_for_Trans-Pacific_Partnership,2026-09-01T00:00:00Z
Japan,Mexico,shared_member_RCEP,0,2026,"Wikipedia, ""Regional Comprehensive Economic Partnership""; cross-check: DFAT Australia RCEP page.",https://en.wikipedia.org/wiki/Regional_Comprehensive_Economic_Partnership,2026-09-01T00:00:00Z
Japan,Mexico,shared_member_IPEF,0,2026,"Wikipedia, ""Indo-Pacific Economic Framework""; cross-check: USTR IPEF page.",https://en.wikipedia.org/wiki/Indo-Pacific_Economic_Framework,2026-09-01T00:00:00Z
Japan,Mexico,shared_member_USMCA,0,2026,"USTR, Agreement between the United States, Mexico and Canada (USMCA), in force since 1 July 2020.",https://ustr.gov/trade-agreements/free-trade-agreements/agreement-between-united-states-mexico-and-canada-usmca,2026-09-01T00:00:00Z
Japan,Mexico,shared_member_EU,0,2026,"European Union, official list of member states.",https://european-union.europa.eu/principles-countries-history/country-profiles_en,2026-09-01T00:00:00Z
Japan,Mexico,shared_member_NATO,0,2026,"NATO, official member countries page.",https://www.nato.int/en/about-us/organization/nato-member-countries,2026-09-01T00:00:00Z
Japan,Mexico,shared_member_QUAD,0,2026,"U.S. Department of State, Quadrilateral Security Dialogue (Australia, India, Japan, United States).",https://www.state.gov/quad-countries-joint-leaders-statement/,2026-09-01T00:00:00Z
Japan,Thailand,abs_diff_ipd_alignment_score_2023_allvotes,0.683302,2023,"Derived by author (this project) as |alignment_score_a - alignment_score_b| from country-level 2023-all-votes Ideal Point Distance alignment scores published in Airaudo, F.S., de Soyres, F., Richards, K. & Santacreu, A.M. (2025). ""Fragmentation? Revisiting the Ideal Point Distance measure of geopolitical distance."" FEDS Notes, Board of Governors of the Federal Reserve System, March 21, 2025, doi:10.17016/2380-7172.3749. Table/Figure 1 accessible-data version.",https://federalreserve.gov/econres/notes/feds-notes/fragmentation-revisiting-the-ideal-point-distance-measure-of-geopolitical-distance-accessible-20250321.htm,2026-09-01T00:00:00Z
Japan,Thailand,shared_member_CPTPP,0,2026,"Wikipedia, ""Member states of the Comprehensive and Progressive Agreement for Trans-Pacific Partnership"" (compiled from official accession instruments); cross-check: Global Affairs Canada CPTPP page.",https://en.wikipedia.org/wiki/Member_states_of_the_Comprehensive_and_Progressive_Agreement_for_Trans-Pacific_Partnership,2026-09-01T00:00:00Z
Japan,Thailand,shared_member_RCEP,1,2026,"Wikipedia, ""Regional Comprehensive Economic Partnership""; cross-check: DFAT Australia RCEP page.",https://en.wikipedia.org/wiki/Regional_Comprehensive_Economic_Partnership,2026-09-01T00:00:00Z
Japan,Thailand,shared_member_IPEF,1,2026,"Wikipedia, ""Indo-Pacific Economic Framework""; cross-check: USTR IPEF page.",https://en.wikipedia.org/wiki/Indo-Pacific_Economic_Framework,2026-09-01T00:00:00Z
Japan,Thailand,shared_member_USMCA,0,2026,"USTR, Agreement between the United States, Mexico and Canada (USMCA), in force since 1 July 2020.",https://ustr.gov/trade-agreements/free-trade-agreements/agreement-between-united-states-mexico-and-canada-usmca,2026-09-01T00:00:00Z
Japan,Thailand,shared_member_EU,0,2026,"European Union, official list of member states.",https://european-union.europa.eu/principles-countries-history/country-profiles_en,2026-09-01T00:00:00Z
Japan,Thailand,shared_member_NATO,0,2026,"NATO, official member countries page.",https://www.nato.int/en/about-us/organization/nato-member-countries,2026-09-01T00:00:00Z
Japan,Thailand,shared_member_QUAD,0,2026,"U.S. Department of State, Quadrilateral Security Dialogue (Australia, India, Japan, United States).",https://www.state.gov/quad-countries-joint-leaders-statement/,2026-09-01T00:00:00Z
Japan,Indonesia,abs_diff_ipd_alignment_score_2023_allvotes,0.950952,2023,"Derived by author (this project) as |alignment_score_a - alignment_score_b| from country-level 2023-all-votes Ideal Point Distance alignment scores published in Airaudo, F.S., de Soyres, F., Richards, K. & Santacreu, A.M. (2025). ""Fragmentation? Revisiting the Ideal Point Distance measure of geopolitical distance."" FEDS Notes, Board of Governors of the Federal Reserve System, March 21, 2025, doi:10.17016/2380-7172.3749. Table/Figure 1 accessible-data version.",https://federalreserve.gov/econres/notes/feds-notes/fragmentation-revisiting-the-ideal-point-distance-measure-of-geopolitical-distance-accessible-20250321.htm,2026-09-01T00:00:00Z
Japan,Indonesia,shared_member_CPTPP,0,2026,"Wikipedia, ""Member states of the Comprehensive and Progressive Agreement for Trans-Pacific Partnership"" (compiled from official accession instruments); cross-check: Global Affairs Canada CPTPP page.",https://en.wikipedia.org/wiki/Member_states_of_the_Comprehensive_and_Progressive_Agreement_for_Trans-Pacific_Partnership,2026-09-01T00:00:00Z
Japan,Indonesia,shared_member_RCEP,1,2026,"Wikipedia, ""Regional Comprehensive Economic Partnership""; cross-check: DFAT Australia RCEP page.",https://en.wikipedia.org/wiki/Regional_Comprehensive_Economic_Partnership,2026-09-01T00:00:00Z
Japan,Indonesia,shared_member_IPEF,1,2026,"Wikipedia, ""Indo-Pacific Economic Framework""; cross-check: USTR IPEF page.",https://en.wikipedia.org/wiki/Indo-Pacific_Economic_Framework,2026-09-01T00:00:00Z
Japan,Indonesia,shared_member_USMCA,0,2026,"USTR, Agreement between the United States, Mexico and Canada (USMCA), in force since 1 July 2020.",https://ustr.gov/trade-agreements/free-trade-agreements/agreement-between-united-states-mexico-and-canada-usmca,2026-09-01T00:00:00Z
Japan,Indonesia,shared_member_EU,0,2026,"European Union, official list of member states.",https://european-union.europa.eu/principles-countries-history/country-profiles_en,2026-09-01T00:00:00Z
Japan,Indonesia,shared_member_NATO,0,2026,"NATO, official member countries page.",https://www.nato.int/en/about-us/organization/nato-member-countries,2026-09-01T00:00:00Z
Japan,Indonesia,shared_member_QUAD,0,2026,"U.S. Department of State, Quadrilateral Security Dialogue (Australia, India, Japan, United States).",https://www.state.gov/quad-countries-joint-leaders-statement/,2026-09-01T00:00:00Z
Japan,Malaysia,abs_diff_ipd_alignment_score_2023_allvotes,0.868610,2023,"Derived by author (this project) as |alignment_score_a - alignment_score_b| from country-level 2023-all-votes Ideal Point Distance alignment scores published in Airaudo, F.S., de Soyres, F., Richards, K. & Santacreu, A.M. (2025). ""Fragmentation? Revisiting the Ideal Point Distance measure of geopolitical distance."" FEDS Notes, Board of Governors of the Federal Reserve System, March 21, 2025, doi:10.17016/2380-7172.3749. Table/Figure 1 accessible-data version.",https://federalreserve.gov/econres/notes/feds-notes/fragmentation-revisiting-the-ideal-point-distance-measure-of-geopolitical-distance-accessible-20250321.htm,2026-09-01T00:00:00Z
Japan,Malaysia,shared_member_CPTPP,1,2026,"Wikipedia, ""Member states of the Comprehensive and Progressive Agreement for Trans-Pacific Partnership"" (compiled from official accession instruments); cross-check: Global Affairs Canada CPTPP page.",https://en.wikipedia.org/wiki/Member_states_of_the_Comprehensive_and_Progressive_Agreement_for_Trans-Pacific_Partnership,2026-09-01T00:00:00Z
Japan,Malaysia,shared_member_RCEP,1,2026,"Wikipedia, ""Regional Comprehensive Economic Partnership""; cross-check: DFAT Australia RCEP page.",https://en.wikipedia.org/wiki/Regional_Comprehensive_Economic_Partnership,2026-09-01T00:00:00Z
Japan,Malaysia,shared_member_IPEF,1,2026,"Wikipedia, ""Indo-Pacific Economic Framework""; cross-check: USTR IPEF page.",https://en.wikipedia.org/wiki/Indo-Pacific_Economic_Framework,2026-09-01T00:00:00Z
Japan,Malaysia,shared_member_USMCA,0,2026,"USTR, Agreement between the United States, Mexico and Canada (USMCA), in force since 1 July 2020.",https://ustr.gov/trade-agreements/free-trade-agreements/agreement-between-united-states-mexico-and-canada-usmca,2026-09-01T00:00:00Z
Japan,Malaysia,shared_member_EU,0,2026,"European Union, official list of member states.",https://european-union.europa.eu/principles-countries-history/country-profiles_en,2026-09-01T00:00:00Z
Japan,Malaysia,shared_member_NATO,0,2026,"NATO, official member countries page.",https://www.nato.int/en/about-us/organization/nato-member-countries,2026-09-01T00:00:00Z
Japan,Malaysia,shared_member_QUAD,0,2026,"U.S. Department of State, Quadrilateral Security Dialogue (Australia, India, Japan, United States).",https://www.state.gov/quad-countries-joint-leaders-statement/,2026-09-01T00:00:00Z
Japan,Brazil,abs_diff_ipd_alignment_score_2023_allvotes,0.672639,2023,"Derived by author (this project) as |alignment_score_a - alignment_score_b| from country-level 2023-all-votes Ideal Point Distance alignment scores published in Airaudo, F.S., de Soyres, F., Richards, K. & Santacreu, A.M. (2025). ""Fragmentation? Revisiting the Ideal Point Distance measure of geopolitical distance."" FEDS Notes, Board of Governors of the Federal Reserve System, March 21, 2025, doi:10.17016/2380-7172.3749. Table/Figure 1 accessible-data version.",https://federalreserve.gov/econres/notes/feds-notes/fragmentation-revisiting-the-ideal-point-distance-measure-of-geopolitical-distance-accessible-20250321.htm,2026-09-01T00:00:00Z
Japan,Brazil,shared_member_CPTPP,0,2026,"Wikipedia, ""Member states of the Comprehensive and Progressive Agreement for Trans-Pacific Partnership"" (compiled from official accession instruments); cross-check: Global Affairs Canada CPTPP page.",https://en.wikipedia.org/wiki/Member_states_of_the_Comprehensive_and_Progressive_Agreement_for_Trans-Pacific_Partnership,2026-09-01T00:00:00Z
Japan,Brazil,shared_member_RCEP,0,2026,"Wikipedia, ""Regional Comprehensive Economic Partnership""; cross-check: DFAT Australia RCEP page.",https://en.wikipedia.org/wiki/Regional_Comprehensive_Economic_Partnership,2026-09-01T00:00:00Z
Japan,Brazil,shared_member_IPEF,0,2026,"Wikipedia, ""Indo-Pacific Economic Framework""; cross-check: USTR IPEF page.",https://en.wikipedia.org/wiki/Indo-Pacific_Economic_Framework,2026-09-01T00:00:00Z
Japan,Brazil,shared_member_USMCA,0,2026,"USTR, Agreement between the United States, Mexico and Canada (USMCA), in force since 1 July 2020.",https://ustr.gov/trade-agreements/free-trade-agreements/agreement-between-united-states-mexico-and-canada-usmca,2026-09-01T00:00:00Z
Japan,Brazil,shared_member_EU,0,2026,"European Union, official list of member states.",https://european-union.europa.eu/principles-countries-history/country-profiles_en,2026-09-01T00:00:00Z
Japan,Brazil,shared_member_NATO,0,2026,"NATO, official member countries page.",https://www.nato.int/en/about-us/organization/nato-member-countries,2026-09-01T00:00:00Z
Japan,Brazil,shared_member_QUAD,0,2026,"U.S. Department of State, Quadrilateral Security Dialogue (Australia, India, Japan, United States).",https://www.state.gov/quad-countries-joint-leaders-statement/,2026-09-01T00:00:00Z
Japan,Canada,abs_diff_ipd_alignment_score_2023_allvotes,0.369665,2023,"Derived by author (this project) as |alignment_score_a - alignment_score_b| from country-level 2023-all-votes Ideal Point Distance alignment scores published in Airaudo, F.S., de Soyres, F., Richards, K. & Santacreu, A.M. (2025). ""Fragmentation? Revisiting the Ideal Point Distance measure of geopolitical distance."" FEDS Notes, Board of Governors of the Federal Reserve System, March 21, 2025, doi:10.17016/2380-7172.3749. Table/Figure 1 accessible-data version.",https://federalreserve.gov/econres/notes/feds-notes/fragmentation-revisiting-the-ideal-point-distance-measure-of-geopolitical-distance-accessible-20250321.htm,2026-09-01T00:00:00Z
Japan,Canada,shared_member_CPTPP,1,2026,"Wikipedia, ""Member states of the Comprehensive and Progressive Agreement for Trans-Pacific Partnership"" (compiled from official accession instruments); cross-check: Global Affairs Canada CPTPP page.",https://en.wikipedia.org/wiki/Member_states_of_the_Comprehensive_and_Progressive_Agreement_for_Trans-Pacific_Partnership,2026-09-01T00:00:00Z
Japan,Canada,shared_member_RCEP,0,2026,"Wikipedia, ""Regional Comprehensive Economic Partnership""; cross-check: DFAT Australia RCEP page.",https://en.wikipedia.org/wiki/Regional_Comprehensive_Economic_Partnership,2026-09-01T00:00:00Z
Japan,Canada,shared_member_IPEF,0,2026,"Wikipedia, ""Indo-Pacific Economic Framework""; cross-check: USTR IPEF page.",https://en.wikipedia.org/wiki/Indo-Pacific_Economic_Framework,2026-09-01T00:00:00Z
Japan,Canada,shared_member_USMCA,0,2026,"USTR, Agreement between the United States, Mexico and Canada (USMCA), in force since 1 July 2020.",https://ustr.gov/trade-agreements/free-trade-agreements/agreement-between-united-states-mexico-and-canada-usmca,2026-09-01T00:00:00Z
Japan,Canada,shared_member_EU,0,2026,"European Union, official list of member states.",https://european-union.europa.eu/principles-countries-history/country-profiles_en,2026-09-01T00:00:00Z
Japan,Canada,shared_member_NATO,0,2026,"NATO, official member countries page.",https://www.nato.int/en/about-us/organization/nato-member-countries,2026-09-01T00:00:00Z
Japan,Canada,shared_member_QUAD,0,2026,"U.S. Department of State, Quadrilateral Security Dialogue (Australia, India, Japan, United States).",https://www.state.gov/quad-countries-joint-leaders-statement/,2026-09-01T00:00:00Z
Japan,Singapore,abs_diff_ipd_alignment_score_2023_allvotes,0.690172,2023,"Derived by author (this project) as |alignment_score_a - alignment_score_b| from country-level 2023-all-votes Ideal Point Distance alignment scores published in Airaudo, F.S., de Soyres, F., Richards, K. & Santacreu, A.M. (2025). ""Fragmentation? Revisiting the Ideal Point Distance measure of geopolitical distance."" FEDS Notes, Board of Governors of the Federal Reserve System, March 21, 2025, doi:10.17016/2380-7172.3749. Table/Figure 1 accessible-data version.",https://federalreserve.gov/econres/notes/feds-notes/fragmentation-revisiting-the-ideal-point-distance-measure-of-geopolitical-distance-accessible-20250321.htm,2026-09-01T00:00:00Z
Japan,Singapore,shared_member_CPTPP,1,2026,"Wikipedia, ""Member states of the Comprehensive and Progressive Agreement for Trans-Pacific Partnership"" (compiled from official accession instruments); cross-check: Global Affairs Canada CPTPP page.",https://en.wikipedia.org/wiki/Member_states_of_the_Comprehensive_and_Progressive_Agreement_for_Trans-Pacific_Partnership,2026-09-01T00:00:00Z
Japan,Singapore,shared_member_RCEP,1,2026,"Wikipedia, ""Regional Comprehensive Economic Partnership""; cross-check: DFAT Australia RCEP page.",https://en.wikipedia.org/wiki/Regional_Comprehensive_Economic_Partnership,2026-09-01T00:00:00Z
Japan,Singapore,shared_member_IPEF,1,2026,"Wikipedia, ""Indo-Pacific Economic Framework""; cross-check: USTR IPEF page.",https://en.wikipedia.org/wiki/Indo-Pacific_Economic_Framework,2026-09-01T00:00:00Z
Japan,Singapore,shared_member_USMCA,0,2026,"USTR, Agreement between the United States, Mexico and Canada (USMCA), in force since 1 July 2020.",https://ustr.gov/trade-agreements/free-trade-agreements/agreement-between-united-states-mexico-and-canada-usmca,2026-09-01T00:00:00Z
Japan,Singapore,shared_member_EU,0,2026,"European Union, official list of member states.",https://european-union.europa.eu/principles-countries-history/country-profiles_en,2026-09-01T00:00:00Z
Japan,Singapore,shared_member_NATO,0,2026,"NATO, official member countries page.",https://www.nato.int/en/about-us/organization/nato-member-countries,2026-09-01T00:00:00Z
Japan,Singapore,shared_member_QUAD,0,2026,"U.S. Department of State, Quadrilateral Security Dialogue (Australia, India, Japan, United States).",https://www.state.gov/quad-countries-joint-leaders-statement/,2026-09-01T00:00:00Z
Korea Rep.,Viet Nam,abs_diff_ipd_alignment_score_2023_allvotes,0.926581,2023,"Derived by author (this project) as |alignment_score_a - alignment_score_b| from country-level 2023-all-votes Ideal Point Distance alignment scores published in Airaudo, F.S., de Soyres, F., Richards, K. & Santacreu, A.M. (2025). ""Fragmentation? Revisiting the Ideal Point Distance measure of geopolitical distance."" FEDS Notes, Board of Governors of the Federal Reserve System, March 21, 2025, doi:10.17016/2380-7172.3749. Table/Figure 1 accessible-data version.",https://federalreserve.gov/econres/notes/feds-notes/fragmentation-revisiting-the-ideal-point-distance-measure-of-geopolitical-distance-accessible-20250321.htm,2026-09-01T00:00:00Z
Korea Rep.,Viet Nam,shared_member_CPTPP,0,2026,"Wikipedia, ""Member states of the Comprehensive and Progressive Agreement for Trans-Pacific Partnership"" (compiled from official accession instruments); cross-check: Global Affairs Canada CPTPP page.",https://en.wikipedia.org/wiki/Member_states_of_the_Comprehensive_and_Progressive_Agreement_for_Trans-Pacific_Partnership,2026-09-01T00:00:00Z
Korea Rep.,Viet Nam,shared_member_RCEP,1,2026,"Wikipedia, ""Regional Comprehensive Economic Partnership""; cross-check: DFAT Australia RCEP page.",https://en.wikipedia.org/wiki/Regional_Comprehensive_Economic_Partnership,2026-09-01T00:00:00Z
Korea Rep.,Viet Nam,shared_member_IPEF,1,2026,"Wikipedia, ""Indo-Pacific Economic Framework""; cross-check: USTR IPEF page.",https://en.wikipedia.org/wiki/Indo-Pacific_Economic_Framework,2026-09-01T00:00:00Z
Korea Rep.,Viet Nam,shared_member_USMCA,0,2026,"USTR, Agreement between the United States, Mexico and Canada (USMCA), in force since 1 July 2020.",https://ustr.gov/trade-agreements/free-trade-agreements/agreement-between-united-states-mexico-and-canada-usmca,2026-09-01T00:00:00Z
Korea Rep.,Viet Nam,shared_member_EU,0,2026,"European Union, official list of member states.",https://european-union.europa.eu/principles-countries-history/country-profiles_en,2026-09-01T00:00:00Z
Korea Rep.,Viet Nam,shared_member_NATO,0,2026,"NATO, official member countries page.",https://www.nato.int/en/about-us/organization/nato-member-countries,2026-09-01T00:00:00Z
Korea Rep.,Viet Nam,shared_member_QUAD,0,2026,"U.S. Department of State, Quadrilateral Security Dialogue (Australia, India, Japan, United States).",https://www.state.gov/quad-countries-joint-leaders-statement/,2026-09-01T00:00:00Z
Korea Rep.,Mexico,abs_diff_ipd_alignment_score_2023_allvotes,0.565227,2023,"Derived by author (this project) as |alignment_score_a - alignment_score_b| from country-level 2023-all-votes Ideal Point Distance alignment scores published in Airaudo, F.S., de Soyres, F., Richards, K. & Santacreu, A.M. (2025). ""Fragmentation? Revisiting the Ideal Point Distance measure of geopolitical distance."" FEDS Notes, Board of Governors of the Federal Reserve System, March 21, 2025, doi:10.17016/2380-7172.3749. Table/Figure 1 accessible-data version.",https://federalreserve.gov/econres/notes/feds-notes/fragmentation-revisiting-the-ideal-point-distance-measure-of-geopolitical-distance-accessible-20250321.htm,2026-09-01T00:00:00Z
Korea Rep.,Mexico,shared_member_CPTPP,0,2026,"Wikipedia, ""Member states of the Comprehensive and Progressive Agreement for Trans-Pacific Partnership"" (compiled from official accession instruments); cross-check: Global Affairs Canada CPTPP page.",https://en.wikipedia.org/wiki/Member_states_of_the_Comprehensive_and_Progressive_Agreement_for_Trans-Pacific_Partnership,2026-09-01T00:00:00Z
Korea Rep.,Mexico,shared_member_RCEP,0,2026,"Wikipedia, ""Regional Comprehensive Economic Partnership""; cross-check: DFAT Australia RCEP page.",https://en.wikipedia.org/wiki/Regional_Comprehensive_Economic_Partnership,2026-09-01T00:00:00Z
Korea Rep.,Mexico,shared_member_IPEF,0,2026,"Wikipedia, ""Indo-Pacific Economic Framework""; cross-check: USTR IPEF page.",https://en.wikipedia.org/wiki/Indo-Pacific_Economic_Framework,2026-09-01T00:00:00Z
Korea Rep.,Mexico,shared_member_USMCA,0,2026,"USTR, Agreement between the United States, Mexico and Canada (USMCA), in force since 1 July 2020.",https://ustr.gov/trade-agreements/free-trade-agreements/agreement-between-united-states-mexico-and-canada-usmca,2026-09-01T00:00:00Z
Korea Rep.,Mexico,shared_member_EU,0,2026,"European Union, official list of member states.",https://european-union.europa.eu/principles-countries-history/country-profiles_en,2026-09-01T00:00:00Z
Korea Rep.,Mexico,shared_member_NATO,0,2026,"NATO, official member countries page.",https://www.nato.int/en/about-us/organization/nato-member-countries,2026-09-01T00:00:00Z
Korea Rep.,Mexico,shared_member_QUAD,0,2026,"U.S. Department of State, Quadrilateral Security Dialogue (Australia, India, Japan, United States).",https://www.state.gov/quad-countries-joint-leaders-statement/,2026-09-01T00:00:00Z
Korea Rep.,Thailand,abs_diff_ipd_alignment_score_2023_allvotes,0.769077,2023,"Derived by author (this project) as |alignment_score_a - alignment_score_b| from country-level 2023-all-votes Ideal Point Distance alignment scores published in Airaudo, F.S., de Soyres, F., Richards, K. & Santacreu, A.M. (2025). ""Fragmentation? Revisiting the Ideal Point Distance measure of geopolitical distance."" FEDS Notes, Board of Governors of the Federal Reserve System, March 21, 2025, doi:10.17016/2380-7172.3749. Table/Figure 1 accessible-data version.",https://federalreserve.gov/econres/notes/feds-notes/fragmentation-revisiting-the-ideal-point-distance-measure-of-geopolitical-distance-accessible-20250321.htm,2026-09-01T00:00:00Z
Korea Rep.,Thailand,shared_member_CPTPP,0,2026,"Wikipedia, ""Member states of the Comprehensive and Progressive Agreement for Trans-Pacific Partnership"" (compiled from official accession instruments); cross-check: Global Affairs Canada CPTPP page.",https://en.wikipedia.org/wiki/Member_states_of_the_Comprehensive_and_Progressive_Agreement_for_Trans-Pacific_Partnership,2026-09-01T00:00:00Z
Korea Rep.,Thailand,shared_member_RCEP,1,2026,"Wikipedia, ""Regional Comprehensive Economic Partnership""; cross-check: DFAT Australia RCEP page.",https://en.wikipedia.org/wiki/Regional_Comprehensive_Economic_Partnership,2026-09-01T00:00:00Z
Korea Rep.,Thailand,shared_member_IPEF,1,2026,"Wikipedia, ""Indo-Pacific Economic Framework""; cross-check: USTR IPEF page.",https://en.wikipedia.org/wiki/Indo-Pacific_Economic_Framework,2026-09-01T00:00:00Z
Korea Rep.,Thailand,shared_member_USMCA,0,2026,"USTR, Agreement between the United States, Mexico and Canada (USMCA), in force since 1 July 2020.",https://ustr.gov/trade-agreements/free-trade-agreements/agreement-between-united-states-mexico-and-canada-usmca,2026-09-01T00:00:00Z
Korea Rep.,Thailand,shared_member_EU,0,2026,"European Union, official list of member states.",https://european-union.europa.eu/principles-countries-history/country-profiles_en,2026-09-01T00:00:00Z
Korea Rep.,Thailand,shared_member_NATO,0,2026,"NATO, official member countries page.",https://www.nato.int/en/about-us/organization/nato-member-countries,2026-09-01T00:00:00Z
Korea Rep.,Thailand,shared_member_QUAD,0,2026,"U.S. Department of State, Quadrilateral Security Dialogue (Australia, India, Japan, United States).",https://www.state.gov/quad-countries-joint-leaders-statement/,2026-09-01T00:00:00Z
Korea Rep.,Indonesia,abs_diff_ipd_alignment_score_2023_allvotes,1.036727,2023,"Derived by author (this project) as |alignment_score_a - alignment_score_b| from country-level 2023-all-votes Ideal Point Distance alignment scores published in Airaudo, F.S., de Soyres, F., Richards, K. & Santacreu, A.M. (2025). ""Fragmentation? Revisiting the Ideal Point Distance measure of geopolitical distance."" FEDS Notes, Board of Governors of the Federal Reserve System, March 21, 2025, doi:10.17016/2380-7172.3749. Table/Figure 1 accessible-data version.",https://federalreserve.gov/econres/notes/feds-notes/fragmentation-revisiting-the-ideal-point-distance-measure-of-geopolitical-distance-accessible-20250321.htm,2026-09-01T00:00:00Z
Korea Rep.,Indonesia,shared_member_CPTPP,0,2026,"Wikipedia, ""Member states of the Comprehensive and Progressive Agreement for Trans-Pacific Partnership"" (compiled from official accession instruments); cross-check: Global Affairs Canada CPTPP page.",https://en.wikipedia.org/wiki/Member_states_of_the_Comprehensive_and_Progressive_Agreement_for_Trans-Pacific_Partnership,2026-09-01T00:00:00Z
Korea Rep.,Indonesia,shared_member_RCEP,1,2026,"Wikipedia, ""Regional Comprehensive Economic Partnership""; cross-check: DFAT Australia RCEP page.",https://en.wikipedia.org/wiki/Regional_Comprehensive_Economic_Partnership,2026-09-01T00:00:00Z
Korea Rep.,Indonesia,shared_member_IPEF,1,2026,"Wikipedia, ""Indo-Pacific Economic Framework""; cross-check: USTR IPEF page.",https://en.wikipedia.org/wiki/Indo-Pacific_Economic_Framework,2026-09-01T00:00:00Z
Korea Rep.,Indonesia,shared_member_USMCA,0,2026,"USTR, Agreement between the United States, Mexico and Canada (USMCA), in force since 1 July 2020.",https://ustr.gov/trade-agreements/free-trade-agreements/agreement-between-united-states-mexico-and-canada-usmca,2026-09-01T00:00:00Z
Korea Rep.,Indonesia,shared_member_EU,0,2026,"European Union, official list of member states.",https://european-union.europa.eu/principles-countries-history/country-profiles_en,2026-09-01T00:00:00Z
Korea Rep.,Indonesia,shared_member_NATO,0,2026,"NATO, official member countries page.",https://www.nato.int/en/about-us/organization/nato-member-countries,2026-09-01T00:00:00Z
Korea Rep.,Indonesia,shared_member_QUAD,0,2026,"U.S. Department of State, Quadrilateral Security Dialogue (Australia, India, Japan, United States).",https://www.state.gov/quad-countries-joint-leaders-statement/,2026-09-01T00:00:00Z
Korea Rep.,Malaysia,abs_diff_ipd_alignment_score_2023_allvotes,0.954385,2023,"Derived by author (this project) as |alignment_score_a - alignment_score_b| from country-level 2023-all-votes Ideal Point Distance alignment scores published in Airaudo, F.S., de Soyres, F., Richards, K. & Santacreu, A.M. (2025). ""Fragmentation? Revisiting the Ideal Point Distance measure of geopolitical distance."" FEDS Notes, Board of Governors of the Federal Reserve System, March 21, 2025, doi:10.17016/2380-7172.3749. Table/Figure 1 accessible-data version.",https://federalreserve.gov/econres/notes/feds-notes/fragmentation-revisiting-the-ideal-point-distance-measure-of-geopolitical-distance-accessible-20250321.htm,2026-09-01T00:00:00Z
Korea Rep.,Malaysia,shared_member_CPTPP,0,2026,"Wikipedia, ""Member states of the Comprehensive and Progressive Agreement for Trans-Pacific Partnership"" (compiled from official accession instruments); cross-check: Global Affairs Canada CPTPP page.",https://en.wikipedia.org/wiki/Member_states_of_the_Comprehensive_and_Progressive_Agreement_for_Trans-Pacific_Partnership,2026-09-01T00:00:00Z
Korea Rep.,Malaysia,shared_member_RCEP,1,2026,"Wikipedia, ""Regional Comprehensive Economic Partnership""; cross-check: DFAT Australia RCEP page.",https://en.wikipedia.org/wiki/Regional_Comprehensive_Economic_Partnership,2026-09-01T00:00:00Z
Korea Rep.,Malaysia,shared_member_IPEF,1,2026,"Wikipedia, ""Indo-Pacific Economic Framework""; cross-check: USTR IPEF page.",https://en.wikipedia.org/wiki/Indo-Pacific_Economic_Framework,2026-09-01T00:00:00Z
Korea Rep.,Malaysia,shared_member_USMCA,0,2026,"USTR, Agreement between the United States, Mexico and Canada (USMCA), in force since 1 July 2020.",https://ustr.gov/trade-agreements/free-trade-agreements/agreement-between-united-states-mexico-and-canada-usmca,2026-09-01T00:00:00Z
Korea Rep.,Malaysia,shared_member_EU,0,2026,"European Union, official list of member states.",https://european-union.europa.eu/principles-countries-history/country-profiles_en,2026-09-01T00:00:00Z
Korea Rep.,Malaysia,shared_member_NATO,0,2026,"NATO, official member countries page.",https://www.nato.int/en/about-us/organization/nato-member-countries,2026-09-01T00:00:00Z
Korea Rep.,Malaysia,shared_member_QUAD,0,2026,"U.S. Department of State, Quadrilateral Security Dialogue (Australia, India, Japan, United States).",https://www.state.gov/quad-countries-joint-leaders-statement/,2026-09-01T00:00:00Z
Korea Rep.,Brazil,abs_diff_ipd_alignment_score_2023_allvotes,0.758414,2023,"Derived by author (this project) as |alignment_score_a - alignment_score_b| from country-level 2023-all-votes Ideal Point Distance alignment scores published in Airaudo, F.S., de Soyres, F., Richards, K. & Santacreu, A.M. (2025). ""Fragmentation? Revisiting the Ideal Point Distance measure of geopolitical distance."" FEDS Notes, Board of Governors of the Federal Reserve System, March 21, 2025, doi:10.17016/2380-7172.3749. Table/Figure 1 accessible-data version.",https://federalreserve.gov/econres/notes/feds-notes/fragmentation-revisiting-the-ideal-point-distance-measure-of-geopolitical-distance-accessible-20250321.htm,2026-09-01T00:00:00Z
Korea Rep.,Brazil,shared_member_CPTPP,0,2026,"Wikipedia, ""Member states of the Comprehensive and Progressive Agreement for Trans-Pacific Partnership"" (compiled from official accession instruments); cross-check: Global Affairs Canada CPTPP page.",https://en.wikipedia.org/wiki/Member_states_of_the_Comprehensive_and_Progressive_Agreement_for_Trans-Pacific_Partnership,2026-09-01T00:00:00Z
Korea Rep.,Brazil,shared_member_RCEP,0,2026,"Wikipedia, ""Regional Comprehensive Economic Partnership""; cross-check: DFAT Australia RCEP page.",https://en.wikipedia.org/wiki/Regional_Comprehensive_Economic_Partnership,2026-09-01T00:00:00Z
Korea Rep.,Brazil,shared_member_IPEF,0,2026,"Wikipedia, ""Indo-Pacific Economic Framework""; cross-check: USTR IPEF page.",https://en.wikipedia.org/wiki/Indo-Pacific_Economic_Framework,2026-09-01T00:00:00Z
Korea Rep.,Brazil,shared_member_USMCA,0,2026,"USTR, Agreement between the United States, Mexico and Canada (USMCA), in force since 1 July 2020.",https://ustr.gov/trade-agreements/free-trade-agreements/agreement-between-united-states-mexico-and-canada-usmca,2026-09-01T00:00:00Z
Korea Rep.,Brazil,shared_member_EU,0,2026,"European Union, official list of member states.",https://european-union.europa.eu/principles-countries-history/country-profiles_en,2026-09-01T00:00:00Z
Korea Rep.,Brazil,shared_member_NATO,0,2026,"NATO, official member countries page.",https://www.nato.int/en/about-us/organization/nato-member-countries,2026-09-01T00:00:00Z
Korea Rep.,Brazil,shared_member_QUAD,0,2026,"U.S. Department of State, Quadrilateral Security Dialogue (Australia, India, Japan, United States).",https://www.state.gov/quad-countries-joint-leaders-statement/,2026-09-01T00:00:00Z
Korea Rep.,Canada,abs_diff_ipd_alignment_score_2023_allvotes,0.283890,2023,"Derived by author (this project) as |alignment_score_a - alignment_score_b| from country-level 2023-all-votes Ideal Point Distance alignment scores published in Airaudo, F.S., de Soyres, F., Richards, K. & Santacreu, A.M. (2025). ""Fragmentation? Revisiting the Ideal Point Distance measure of geopolitical distance."" FEDS Notes, Board of Governors of the Federal Reserve System, March 21, 2025, doi:10.17016/2380-7172.3749. Table/Figure 1 accessible-data version.",https://federalreserve.gov/econres/notes/feds-notes/fragmentation-revisiting-the-ideal-point-distance-measure-of-geopolitical-distance-accessible-20250321.htm,2026-09-01T00:00:00Z
Korea Rep.,Canada,shared_member_CPTPP,0,2026,"Wikipedia, ""Member states of the Comprehensive and Progressive Agreement for Trans-Pacific Partnership"" (compiled from official accession instruments); cross-check: Global Affairs Canada CPTPP page.",https://en.wikipedia.org/wiki/Member_states_of_the_Comprehensive_and_Progressive_Agreement_for_Trans-Pacific_Partnership,2026-09-01T00:00:00Z
Korea Rep.,Canada,shared_member_RCEP,0,2026,"Wikipedia, ""Regional Comprehensive Economic Partnership""; cross-check: DFAT Australia RCEP page.",https://en.wikipedia.org/wiki/Regional_Comprehensive_Economic_Partnership,2026-09-01T00:00:00Z
Korea Rep.,Canada,shared_member_IPEF,0,2026,"Wikipedia, ""Indo-Pacific Economic Framework""; cross-check: USTR IPEF page.",https://en.wikipedia.org/wiki/Indo-Pacific_Economic_Framework,2026-09-01T00:00:00Z
Korea Rep.,Canada,shared_member_USMCA,0,2026,"USTR, Agreement between the United States, Mexico and Canada (USMCA), in force since 1 July 2020.",https://ustr.gov/trade-agreements/free-trade-agreements/agreement-between-united-states-mexico-and-canada-usmca,2026-09-01T00:00:00Z
Korea Rep.,Canada,shared_member_EU,0,2026,"European Union, official list of member states.",https://european-union.europa.eu/principles-countries-history/country-profiles_en,2026-09-01T00:00:00Z
Korea Rep.,Canada,shared_member_NATO,0,2026,"NATO, official member countries page.",https://www.nato.int/en/about-us/organization/nato-member-countries,2026-09-01T00:00:00Z
Korea Rep.,Canada,shared_member_QUAD,0,2026,"U.S. Department of State, Quadrilateral Security Dialogue (Australia, India, Japan, United States).",https://www.state.gov/quad-countries-joint-leaders-statement/,2026-09-01T00:00:00Z
Korea Rep.,Singapore,abs_diff_ipd_alignment_score_2023_allvotes,0.775947,2023,"Derived by author (this project) as |alignment_score_a - alignment_score_b| from country-level 2023-all-votes Ideal Point Distance alignment scores published in Airaudo, F.S., de Soyres, F., Richards, K. & Santacreu, A.M. (2025). ""Fragmentation? Revisiting the Ideal Point Distance measure of geopolitical distance."" FEDS Notes, Board of Governors of the Federal Reserve System, March 21, 2025, doi:10.17016/2380-7172.3749. Table/Figure 1 accessible-data version.",https://federalreserve.gov/econres/notes/feds-notes/fragmentation-revisiting-the-ideal-point-distance-measure-of-geopolitical-distance-accessible-20250321.htm,2026-09-01T00:00:00Z
Korea Rep.,Singapore,shared_member_CPTPP,0,2026,"Wikipedia, ""Member states of the Comprehensive and Progressive Agreement for Trans-Pacific Partnership"" (compiled from official accession instruments); cross-check: Global Affairs Canada CPTPP page.",https://en.wikipedia.org/wiki/Member_states_of_the_Comprehensive_and_Progressive_Agreement_for_Trans-Pacific_Partnership,2026-09-01T00:00:00Z
Korea Rep.,Singapore,shared_member_RCEP,1,2026,"Wikipedia, ""Regional Comprehensive Economic Partnership""; cross-check: DFAT Australia RCEP page.",https://en.wikipedia.org/wiki/Regional_Comprehensive_Economic_Partnership,2026-09-01T00:00:00Z
Korea Rep.,Singapore,shared_member_IPEF,1,2026,"Wikipedia, ""Indo-Pacific Economic Framework""; cross-check: USTR IPEF page.",https://en.wikipedia.org/wiki/Indo-Pacific_Economic_Framework,2026-09-01T00:00:00Z
Korea Rep.,Singapore,shared_member_USMCA,0,2026,"USTR, Agreement between the United States, Mexico and Canada (USMCA), in force since 1 July 2020.",https://ustr.gov/trade-agreements/free-trade-agreements/agreement-between-united-states-mexico-and-canada-usmca,2026-09-01T00:00:00Z
Korea Rep.,Singapore,shared_member_EU,0,2026,"European Union, official list of member states.",https://european-union.europa.eu/principles-countries-history/country-profiles_en,2026-09-01T00:00:00Z
Korea Rep.,Singapore,shared_member_NATO,0,2026,"NATO, official member countries page.",https://www.nato.int/en/about-us/organization/nato-member-countries,2026-09-01T00:00:00Z
Korea Rep.,Singapore,shared_member_QUAD,0,2026,"U.S. Department of State, Quadrilateral Security Dialogue (Australia, India, Japan, United States).",https://www.state.gov/quad-countries-joint-leaders-statement/,2026-09-01T00:00:00Z
Viet Nam,Mexico,abs_diff_ipd_alignment_score_2023_allvotes,0.361354,2023,"Derived by author (this project) as |alignment_score_a - alignment_score_b| from country-level 2023-all-votes Ideal Point Distance alignment scores published in Airaudo, F.S., de Soyres, F., Richards, K. & Santacreu, A.M. (2025). ""Fragmentation? Revisiting the Ideal Point Distance measure of geopolitical distance."" FEDS Notes, Board of Governors of the Federal Reserve System, March 21, 2025, doi:10.17016/2380-7172.3749. Table/Figure 1 accessible-data version.",https://federalreserve.gov/econres/notes/feds-notes/fragmentation-revisiting-the-ideal-point-distance-measure-of-geopolitical-distance-accessible-20250321.htm,2026-09-01T00:00:00Z
Viet Nam,Mexico,shared_member_CPTPP,1,2026,"Wikipedia, ""Member states of the Comprehensive and Progressive Agreement for Trans-Pacific Partnership"" (compiled from official accession instruments); cross-check: Global Affairs Canada CPTPP page.",https://en.wikipedia.org/wiki/Member_states_of_the_Comprehensive_and_Progressive_Agreement_for_Trans-Pacific_Partnership,2026-09-01T00:00:00Z
Viet Nam,Mexico,shared_member_RCEP,0,2026,"Wikipedia, ""Regional Comprehensive Economic Partnership""; cross-check: DFAT Australia RCEP page.",https://en.wikipedia.org/wiki/Regional_Comprehensive_Economic_Partnership,2026-09-01T00:00:00Z
Viet Nam,Mexico,shared_member_IPEF,0,2026,"Wikipedia, ""Indo-Pacific Economic Framework""; cross-check: USTR IPEF page.",https://en.wikipedia.org/wiki/Indo-Pacific_Economic_Framework,2026-09-01T00:00:00Z
Viet Nam,Mexico,shared_member_USMCA,0,2026,"USTR, Agreement between the United States, Mexico and Canada (USMCA), in force since 1 July 2020.",https://ustr.gov/trade-agreements/free-trade-agreements/agreement-between-united-states-mexico-and-canada-usmca,2026-09-01T00:00:00Z
Viet Nam,Mexico,shared_member_EU,0,2026,"European Union, official list of member states.",https://european-union.europa.eu/principles-countries-history/country-profiles_en,2026-09-01T00:00:00Z
Viet Nam,Mexico,shared_member_NATO,0,2026,"NATO, official member countries page.",https://www.nato.int/en/about-us/organization/nato-member-countries,2026-09-01T00:00:00Z
Viet Nam,Mexico,shared_member_QUAD,0,2026,"U.S. Department of State, Quadrilateral Security Dialogue (Australia, India, Japan, United States).",https://www.state.gov/quad-countries-joint-leaders-statement/,2026-09-01T00:00:00Z
Viet Nam,Thailand,abs_diff_ipd_alignment_score_2023_allvotes,0.157505,2023,"Derived by author (this project) as |alignment_score_a - alignment_score_b| from country-level 2023-all-votes Ideal Point Distance alignment scores published in Airaudo, F.S., de Soyres, F., Richards, K. & Santacreu, A.M. (2025). ""Fragmentation? Revisiting the Ideal Point Distance measure of geopolitical distance."" FEDS Notes, Board of Governors of the Federal Reserve System, March 21, 2025, doi:10.17016/2380-7172.3749. Table/Figure 1 accessible-data version.",https://federalreserve.gov/econres/notes/feds-notes/fragmentation-revisiting-the-ideal-point-distance-measure-of-geopolitical-distance-accessible-20250321.htm,2026-09-01T00:00:00Z
Viet Nam,Thailand,shared_member_CPTPP,0,2026,"Wikipedia, ""Member states of the Comprehensive and Progressive Agreement for Trans-Pacific Partnership"" (compiled from official accession instruments); cross-check: Global Affairs Canada CPTPP page.",https://en.wikipedia.org/wiki/Member_states_of_the_Comprehensive_and_Progressive_Agreement_for_Trans-Pacific_Partnership,2026-09-01T00:00:00Z
Viet Nam,Thailand,shared_member_RCEP,1,2026,"Wikipedia, ""Regional Comprehensive Economic Partnership""; cross-check: DFAT Australia RCEP page.",https://en.wikipedia.org/wiki/Regional_Comprehensive_Economic_Partnership,2026-09-01T00:00:00Z
Viet Nam,Thailand,shared_member_IPEF,1,2026,"Wikipedia, ""Indo-Pacific Economic Framework""; cross-check: USTR IPEF page.",https://en.wikipedia.org/wiki/Indo-Pacific_Economic_Framework,2026-09-01T00:00:00Z
Viet Nam,Thailand,shared_member_USMCA,0,2026,"USTR, Agreement between the United States, Mexico and Canada (USMCA), in force since 1 July 2020.",https://ustr.gov/trade-agreements/free-trade-agreements/agreement-between-united-states-mexico-and-canada-usmca,2026-09-01T00:00:00Z
Viet Nam,Thailand,shared_member_EU,0,2026,"European Union, official list of member states.",https://european-union.europa.eu/principles-countries-history/country-profiles_en,2026-09-01T00:00:00Z
Viet Nam,Thailand,shared_member_NATO,0,2026,"NATO, official member countries page.",https://www.nato.int/en/about-us/organization/nato-member-countries,2026-09-01T00:00:00Z
Viet Nam,Thailand,shared_member_QUAD,0,2026,"U.S. Department of State, Quadrilateral Security Dialogue (Australia, India, Japan, United States).",https://www.state.gov/quad-countries-joint-leaders-statement/,2026-09-01T00:00:00Z
Viet Nam,Indonesia,abs_diff_ipd_alignment_score_2023_allvotes,0.110145,2023,"Derived by author (this project) as |alignment_score_a - alignment_score_b| from country-level 2023-all-votes Ideal Point Distance alignment scores published in Airaudo, F.S., de Soyres, F., Richards, K. & Santacreu, A.M. (2025). ""Fragmentation? Revisiting the Ideal Point Distance measure of geopolitical distance."" FEDS Notes, Board of Governors of the Federal Reserve System, March 21, 2025, doi:10.17016/2380-7172.3749. Table/Figure 1 accessible-data version.",https://federalreserve.gov/econres/notes/feds-notes/fragmentation-revisiting-the-ideal-point-distance-measure-of-geopolitical-distance-accessible-20250321.htm,2026-09-01T00:00:00Z
Viet Nam,Indonesia,shared_member_CPTPP,0,2026,"Wikipedia, ""Member states of the Comprehensive and Progressive Agreement for Trans-Pacific Partnership"" (compiled from official accession instruments); cross-check: Global Affairs Canada CPTPP page.",https://en.wikipedia.org/wiki/Member_states_of_the_Comprehensive_and_Progressive_Agreement_for_Trans-Pacific_Partnership,2026-09-01T00:00:00Z
Viet Nam,Indonesia,shared_member_RCEP,1,2026,"Wikipedia, ""Regional Comprehensive Economic Partnership""; cross-check: DFAT Australia RCEP page.",https://en.wikipedia.org/wiki/Regional_Comprehensive_Economic_Partnership,2026-09-01T00:00:00Z
Viet Nam,Indonesia,shared_member_IPEF,1,2026,"Wikipedia, ""Indo-Pacific Economic Framework""; cross-check: USTR IPEF page.",https://en.wikipedia.org/wiki/Indo-Pacific_Economic_Framework,2026-09-01T00:00:00Z
Viet Nam,Indonesia,shared_member_USMCA,0,2026,"USTR, Agreement between the United States, Mexico and Canada (USMCA), in force since 1 July 2020.",https://ustr.gov/trade-agreements/free-trade-agreements/agreement-between-united-states-mexico-and-canada-usmca,2026-09-01T00:00:00Z
Viet Nam,Indonesia,shared_member_EU,0,2026,"European Union, official list of member states.",https://european-union.europa.eu/principles-countries-history/country-profiles_en,2026-09-01T00:00:00Z
Viet Nam,Indonesia,shared_member_NATO,0,2026,"NATO, official member countries page.",https://www.nato.int/en/about-us/organization/nato-member-countries,2026-09-01T00:00:00Z
Viet Nam,Indonesia,shared_member_QUAD,0,2026,"U.S. Department of State, Quadrilateral Security Dialogue (Australia, India, Japan, United States).",https://www.state.gov/quad-countries-joint-leaders-statement/,2026-09-01T00:00:00Z
Viet Nam,Malaysia,abs_diff_ipd_alignment_score_2023_allvotes,0.027803,2023,"Derived by author (this project) as |alignment_score_a - alignment_score_b| from country-level 2023-all-votes Ideal Point Distance alignment scores published in Airaudo, F.S., de Soyres, F., Richards, K. & Santacreu, A.M. (2025). ""Fragmentation? Revisiting the Ideal Point Distance measure of geopolitical distance."" FEDS Notes, Board of Governors of the Federal Reserve System, March 21, 2025, doi:10.17016/2380-7172.3749. Table/Figure 1 accessible-data version.",https://federalreserve.gov/econres/notes/feds-notes/fragmentation-revisiting-the-ideal-point-distance-measure-of-geopolitical-distance-accessible-20250321.htm,2026-09-01T00:00:00Z
Viet Nam,Malaysia,shared_member_CPTPP,1,2026,"Wikipedia, ""Member states of the Comprehensive and Progressive Agreement for Trans-Pacific Partnership"" (compiled from official accession instruments); cross-check: Global Affairs Canada CPTPP page.",https://en.wikipedia.org/wiki/Member_states_of_the_Comprehensive_and_Progressive_Agreement_for_Trans-Pacific_Partnership,2026-09-01T00:00:00Z
Viet Nam,Malaysia,shared_member_RCEP,1,2026,"Wikipedia, ""Regional Comprehensive Economic Partnership""; cross-check: DFAT Australia RCEP page.",https://en.wikipedia.org/wiki/Regional_Comprehensive_Economic_Partnership,2026-09-01T00:00:00Z
Viet Nam,Malaysia,shared_member_IPEF,1,2026,"Wikipedia, ""Indo-Pacific Economic Framework""; cross-check: USTR IPEF page.",https://en.wikipedia.org/wiki/Indo-Pacific_Economic_Framework,2026-09-01T00:00:00Z
Viet Nam,Malaysia,shared_member_USMCA,0,2026,"USTR, Agreement between the United States, Mexico and Canada (USMCA), in force since 1 July 2020.",https://ustr.gov/trade-agreements/free-trade-agreements/agreement-between-united-states-mexico-and-canada-usmca,2026-09-01T00:00:00Z
Viet Nam,Malaysia,shared_member_EU,0,2026,"European Union, official list of member states.",https://european-union.europa.eu/principles-countries-history/country-profiles_en,2026-09-01T00:00:00Z
Viet Nam,Malaysia,shared_member_NATO,0,2026,"NATO, official member countries page.",https://www.nato.int/en/about-us/organization/nato-member-countries,2026-09-01T00:00:00Z
Viet Nam,Malaysia,shared_member_QUAD,0,2026,"U.S. Department of State, Quadrilateral Security Dialogue (Australia, India, Japan, United States).",https://www.state.gov/quad-countries-joint-leaders-statement/,2026-09-01T00:00:00Z
Viet Nam,Brazil,abs_diff_ipd_alignment_score_2023_allvotes,0.168167,2023,"Derived by author (this project) as |alignment_score_a - alignment_score_b| from country-level 2023-all-votes Ideal Point Distance alignment scores published in Airaudo, F.S., de Soyres, F., Richards, K. & Santacreu, A.M. (2025). ""Fragmentation? Revisiting the Ideal Point Distance measure of geopolitical distance."" FEDS Notes, Board of Governors of the Federal Reserve System, March 21, 2025, doi:10.17016/2380-7172.3749. Table/Figure 1 accessible-data version.",https://federalreserve.gov/econres/notes/feds-notes/fragmentation-revisiting-the-ideal-point-distance-measure-of-geopolitical-distance-accessible-20250321.htm,2026-09-01T00:00:00Z
Viet Nam,Brazil,shared_member_CPTPP,0,2026,"Wikipedia, ""Member states of the Comprehensive and Progressive Agreement for Trans-Pacific Partnership"" (compiled from official accession instruments); cross-check: Global Affairs Canada CPTPP page.",https://en.wikipedia.org/wiki/Member_states_of_the_Comprehensive_and_Progressive_Agreement_for_Trans-Pacific_Partnership,2026-09-01T00:00:00Z
Viet Nam,Brazil,shared_member_RCEP,0,2026,"Wikipedia, ""Regional Comprehensive Economic Partnership""; cross-check: DFAT Australia RCEP page.",https://en.wikipedia.org/wiki/Regional_Comprehensive_Economic_Partnership,2026-09-01T00:00:00Z
Viet Nam,Brazil,shared_member_IPEF,0,2026,"Wikipedia, ""Indo-Pacific Economic Framework""; cross-check: USTR IPEF page.",https://en.wikipedia.org/wiki/Indo-Pacific_Economic_Framework,2026-09-01T00:00:00Z
Viet Nam,Brazil,shared_member_USMCA,0,2026,"USTR, Agreement between the United States, Mexico and Canada (USMCA), in force since 1 July 2020.",https://ustr.gov/trade-agreements/free-trade-agreements/agreement-between-united-states-mexico-and-canada-usmca,2026-09-01T00:00:00Z
Viet Nam,Brazil,shared_member_EU,0,2026,"European Union, official list of member states.",https://european-union.europa.eu/principles-countries-history/country-profiles_en,2026-09-01T00:00:00Z
Viet Nam,Brazil,shared_member_NATO,0,2026,"NATO, official member countries page.",https://www.nato.int/en/about-us/organization/nato-member-countries,2026-09-01T00:00:00Z
Viet Nam,Brazil,shared_member_QUAD,0,2026,"U.S. Department of State, Quadrilateral Security Dialogue (Australia, India, Japan, United States).",https://www.state.gov/quad-countries-joint-leaders-statement/,2026-09-01T00:00:00Z
Viet Nam,Canada,abs_diff_ipd_alignment_score_2023_allvotes,1.210471,2023,"Derived by author (this project) as |alignment_score_a - alignment_score_b| from country-level 2023-all-votes Ideal Point Distance alignment scores published in Airaudo, F.S., de Soyres, F., Richards, K. & Santacreu, A.M. (2025). ""Fragmentation? Revisiting the Ideal Point Distance measure of geopolitical distance."" FEDS Notes, Board of Governors of the Federal Reserve System, March 21, 2025, doi:10.17016/2380-7172.3749. Table/Figure 1 accessible-data version.",https://federalreserve.gov/econres/notes/feds-notes/fragmentation-revisiting-the-ideal-point-distance-measure-of-geopolitical-distance-accessible-20250321.htm,2026-09-01T00:00:00Z
Viet Nam,Canada,shared_member_CPTPP,1,2026,"Wikipedia, ""Member states of the Comprehensive and Progressive Agreement for Trans-Pacific Partnership"" (compiled from official accession instruments); cross-check: Global Affairs Canada CPTPP page.",https://en.wikipedia.org/wiki/Member_states_of_the_Comprehensive_and_Progressive_Agreement_for_Trans-Pacific_Partnership,2026-09-01T00:00:00Z
Viet Nam,Canada,shared_member_RCEP,0,2026,"Wikipedia, ""Regional Comprehensive Economic Partnership""; cross-check: DFAT Australia RCEP page.",https://en.wikipedia.org/wiki/Regional_Comprehensive_Economic_Partnership,2026-09-01T00:00:00Z
Viet Nam,Canada,shared_member_IPEF,0,2026,"Wikipedia, ""Indo-Pacific Economic Framework""; cross-check: USTR IPEF page.",https://en.wikipedia.org/wiki/Indo-Pacific_Economic_Framework,2026-09-01T00:00:00Z
Viet Nam,Canada,shared_member_USMCA,0,2026,"USTR, Agreement between the United States, Mexico and Canada (USMCA), in force since 1 July 2020.",https://ustr.gov/trade-agreements/free-trade-agreements/agreement-between-united-states-mexico-and-canada-usmca,2026-09-01T00:00:00Z
Viet Nam,Canada,shared_member_EU,0,2026,"European Union, official list of member states.",https://european-union.europa.eu/principles-countries-history/country-profiles_en,2026-09-01T00:00:00Z
Viet Nam,Canada,shared_member_NATO,0,2026,"NATO, official member countries page.",https://www.nato.int/en/about-us/organization/nato-member-countries,2026-09-01T00:00:00Z
Viet Nam,Canada,shared_member_QUAD,0,2026,"U.S. Department of State, Quadrilateral Security Dialogue (Australia, India, Japan, United States).",https://www.state.gov/quad-countries-joint-leaders-statement/,2026-09-01T00:00:00Z
Viet Nam,Singapore,abs_diff_ipd_alignment_score_2023_allvotes,0.150634,2023,"Derived by author (this project) as |alignment_score_a - alignment_score_b| from country-level 2023-all-votes Ideal Point Distance alignment scores published in Airaudo, F.S., de Soyres, F., Richards, K. & Santacreu, A.M. (2025). ""Fragmentation? Revisiting the Ideal Point Distance measure of geopolitical distance."" FEDS Notes, Board of Governors of the Federal Reserve System, March 21, 2025, doi:10.17016/2380-7172.3749. Table/Figure 1 accessible-data version.",https://federalreserve.gov/econres/notes/feds-notes/fragmentation-revisiting-the-ideal-point-distance-measure-of-geopolitical-distance-accessible-20250321.htm,2026-09-01T00:00:00Z
Viet Nam,Singapore,shared_member_CPTPP,1,2026,"Wikipedia, ""Member states of the Comprehensive and Progressive Agreement for Trans-Pacific Partnership"" (compiled from official accession instruments); cross-check: Global Affairs Canada CPTPP page.",https://en.wikipedia.org/wiki/Member_states_of_the_Comprehensive_and_Progressive_Agreement_for_Trans-Pacific_Partnership,2026-09-01T00:00:00Z
Viet Nam,Singapore,shared_member_RCEP,1,2026,"Wikipedia, ""Regional Comprehensive Economic Partnership""; cross-check: DFAT Australia RCEP page.",https://en.wikipedia.org/wiki/Regional_Comprehensive_Economic_Partnership,2026-09-01T00:00:00Z
Viet Nam,Singapore,shared_member_IPEF,1,2026,"Wikipedia, ""Indo-Pacific Economic Framework""; cross-check: USTR IPEF page.",https://en.wikipedia.org/wiki/Indo-Pacific_Economic_Framework,2026-09-01T00:00:00Z
Viet Nam,Singapore,shared_member_USMCA,0,2026,"USTR, Agreement between the United States, Mexico and Canada (USMCA), in force since 1 July 2020.",https://ustr.gov/trade-agreements/free-trade-agreements/agreement-between-united-states-mexico-and-canada-usmca,2026-09-01T00:00:00Z
Viet Nam,Singapore,shared_member_EU,0,2026,"European Union, official list of member states.",https://european-union.europa.eu/principles-countries-history/country-profiles_en,2026-09-01T00:00:00Z
Viet Nam,Singapore,shared_member_NATO,0,2026,"NATO, official member countries page.",https://www.nato.int/en/about-us/organization/nato-member-countries,2026-09-01T00:00:00Z
Viet Nam,Singapore,shared_member_QUAD,0,2026,"U.S. Department of State, Quadrilateral Security Dialogue (Australia, India, Japan, United States).",https://www.state.gov/quad-countries-joint-leaders-statement/,2026-09-01T00:00:00Z
Mexico,Thailand,abs_diff_ipd_alignment_score_2023_allvotes,0.203849,2023,"Derived by author (this project) as |alignment_score_a - alignment_score_b| from country-level 2023-all-votes Ideal Point Distance alignment scores published in Airaudo, F.S., de Soyres, F., Richards, K. & Santacreu, A.M. (2025). ""Fragmentation? Revisiting the Ideal Point Distance measure of geopolitical distance."" FEDS Notes, Board of Governors of the Federal Reserve System, March 21, 2025, doi:10.17016/2380-7172.3749. Table/Figure 1 accessible-data version.",https://federalreserve.gov/econres/notes/feds-notes/fragmentation-revisiting-the-ideal-point-distance-measure-of-geopolitical-distance-accessible-20250321.htm,2026-09-01T00:00:00Z
Mexico,Thailand,shared_member_CPTPP,0,2026,"Wikipedia, ""Member states of the Comprehensive and Progressive Agreement for Trans-Pacific Partnership"" (compiled from official accession instruments); cross-check: Global Affairs Canada CPTPP page.",https://en.wikipedia.org/wiki/Member_states_of_the_Comprehensive_and_Progressive_Agreement_for_Trans-Pacific_Partnership,2026-09-01T00:00:00Z
Mexico,Thailand,shared_member_RCEP,0,2026,"Wikipedia, ""Regional Comprehensive Economic Partnership""; cross-check: DFAT Australia RCEP page.",https://en.wikipedia.org/wiki/Regional_Comprehensive_Economic_Partnership,2026-09-01T00:00:00Z
Mexico,Thailand,shared_member_IPEF,0,2026,"Wikipedia, ""Indo-Pacific Economic Framework""; cross-check: USTR IPEF page.",https://en.wikipedia.org/wiki/Indo-Pacific_Economic_Framework,2026-09-01T00:00:00Z
Mexico,Thailand,shared_member_USMCA,0,2026,"USTR, Agreement between the United States, Mexico and Canada (USMCA), in force since 1 July 2020.",https://ustr.gov/trade-agreements/free-trade-agreements/agreement-between-united-states-mexico-and-canada-usmca,2026-09-01T00:00:00Z
Mexico,Thailand,shared_member_EU,0,2026,"European Union, official list of member states.",https://european-union.europa.eu/principles-countries-history/country-profiles_en,2026-09-01T00:00:00Z
Mexico,Thailand,shared_member_NATO,0,2026,"NATO, official member countries page.",https://www.nato.int/en/about-us/organization/nato-member-countries,2026-09-01T00:00:00Z
Mexico,Thailand,shared_member_QUAD,0,2026,"U.S. Department of State, Quadrilateral Security Dialogue (Australia, India, Japan, United States).",https://www.state.gov/quad-countries-joint-leaders-statement/,2026-09-01T00:00:00Z
Mexico,Indonesia,abs_diff_ipd_alignment_score_2023_allvotes,0.471500,2023,"Derived by author (this project) as |alignment_score_a - alignment_score_b| from country-level 2023-all-votes Ideal Point Distance alignment scores published in Airaudo, F.S., de Soyres, F., Richards, K. & Santacreu, A.M. (2025). ""Fragmentation? Revisiting the Ideal Point Distance measure of geopolitical distance."" FEDS Notes, Board of Governors of the Federal Reserve System, March 21, 2025, doi:10.17016/2380-7172.3749. Table/Figure 1 accessible-data version.",https://federalreserve.gov/econres/notes/feds-notes/fragmentation-revisiting-the-ideal-point-distance-measure-of-geopolitical-distance-accessible-20250321.htm,2026-09-01T00:00:00Z
Mexico,Indonesia,shared_member_CPTPP,0,2026,"Wikipedia, ""Member states of the Comprehensive and Progressive Agreement for Trans-Pacific Partnership"" (compiled from official accession instruments); cross-check: Global Affairs Canada CPTPP page.",https://en.wikipedia.org/wiki/Member_states_of_the_Comprehensive_and_Progressive_Agreement_for_Trans-Pacific_Partnership,2026-09-01T00:00:00Z
Mexico,Indonesia,shared_member_RCEP,0,2026,"Wikipedia, ""Regional Comprehensive Economic Partnership""; cross-check: DFAT Australia RCEP page.",https://en.wikipedia.org/wiki/Regional_Comprehensive_Economic_Partnership,2026-09-01T00:00:00Z
Mexico,Indonesia,shared_member_IPEF,0,2026,"Wikipedia, ""Indo-Pacific Economic Framework""; cross-check: USTR IPEF page.",https://en.wikipedia.org/wiki/Indo-Pacific_Economic_Framework,2026-09-01T00:00:00Z
Mexico,Indonesia,shared_member_USMCA,0,2026,"USTR, Agreement between the United States, Mexico and Canada (USMCA), in force since 1 July 2020.",https://ustr.gov/trade-agreements/free-trade-agreements/agreement-between-united-states-mexico-and-canada-usmca,2026-09-01T00:00:00Z
Mexico,Indonesia,shared_member_EU,0,2026,"European Union, official list of member states.",https://european-union.europa.eu/principles-countries-history/country-profiles_en,2026-09-01T00:00:00Z
Mexico,Indonesia,shared_member_NATO,0,2026,"NATO, official member countries page.",https://www.nato.int/en/about-us/organization/nato-member-countries,2026-09-01T00:00:00Z
Mexico,Indonesia,shared_member_QUAD,0,2026,"U.S. Department of State, Quadrilateral Security Dialogue (Australia, India, Japan, United States).",https://www.state.gov/quad-countries-joint-leaders-statement/,2026-09-01T00:00:00Z
Mexico,Malaysia,abs_diff_ipd_alignment_score_2023_allvotes,0.389158,2023,"Derived by author (this project) as |alignment_score_a - alignment_score_b| from country-level 2023-all-votes Ideal Point Distance alignment scores published in Airaudo, F.S., de Soyres, F., Richards, K. & Santacreu, A.M. (2025). ""Fragmentation? Revisiting the Ideal Point Distance measure of geopolitical distance."" FEDS Notes, Board of Governors of the Federal Reserve System, March 21, 2025, doi:10.17016/2380-7172.3749. Table/Figure 1 accessible-data version.",https://federalreserve.gov/econres/notes/feds-notes/fragmentation-revisiting-the-ideal-point-distance-measure-of-geopolitical-distance-accessible-20250321.htm,2026-09-01T00:00:00Z
Mexico,Malaysia,shared_member_CPTPP,1,2026,"Wikipedia, ""Member states of the Comprehensive and Progressive Agreement for Trans-Pacific Partnership"" (compiled from official accession instruments); cross-check: Global Affairs Canada CPTPP page.",https://en.wikipedia.org/wiki/Member_states_of_the_Comprehensive_and_Progressive_Agreement_for_Trans-Pacific_Partnership,2026-09-01T00:00:00Z
Mexico,Malaysia,shared_member_RCEP,0,2026,"Wikipedia, ""Regional Comprehensive Economic Partnership""; cross-check: DFAT Australia RCEP page.",https://en.wikipedia.org/wiki/Regional_Comprehensive_Economic_Partnership,2026-09-01T00:00:00Z
Mexico,Malaysia,shared_member_IPEF,0,2026,"Wikipedia, ""Indo-Pacific Economic Framework""; cross-check: USTR IPEF page.",https://en.wikipedia.org/wiki/Indo-Pacific_Economic_Framework,2026-09-01T00:00:00Z
Mexico,Malaysia,shared_member_USMCA,0,2026,"USTR, Agreement between the United States, Mexico and Canada (USMCA), in force since 1 July 2020.",https://ustr.gov/trade-agreements/free-trade-agreements/agreement-between-united-states-mexico-and-canada-usmca,2026-09-01T00:00:00Z
Mexico,Malaysia,shared_member_EU,0,2026,"European Union, official list of member states.",https://european-union.europa.eu/principles-countries-history/country-profiles_en,2026-09-01T00:00:00Z
Mexico,Malaysia,shared_member_NATO,0,2026,"NATO, official member countries page.",https://www.nato.int/en/about-us/organization/nato-member-countries,2026-09-01T00:00:00Z
Mexico,Malaysia,shared_member_QUAD,0,2026,"U.S. Department of State, Quadrilateral Security Dialogue (Australia, India, Japan, United States).",https://www.state.gov/quad-countries-joint-leaders-statement/,2026-09-01T00:00:00Z
Mexico,Brazil,abs_diff_ipd_alignment_score_2023_allvotes,0.193187,2023,"Derived by author (this project) as |alignment_score_a - alignment_score_b| from country-level 2023-all-votes Ideal Point Distance alignment scores published in Airaudo, F.S., de Soyres, F., Richards, K. & Santacreu, A.M. (2025). ""Fragmentation? Revisiting the Ideal Point Distance measure of geopolitical distance."" FEDS Notes, Board of Governors of the Federal Reserve System, March 21, 2025, doi:10.17016/2380-7172.3749. Table/Figure 1 accessible-data version.",https://federalreserve.gov/econres/notes/feds-notes/fragmentation-revisiting-the-ideal-point-distance-measure-of-geopolitical-distance-accessible-20250321.htm,2026-09-01T00:00:00Z
Mexico,Brazil,shared_member_CPTPP,0,2026,"Wikipedia, ""Member states of the Comprehensive and Progressive Agreement for Trans-Pacific Partnership"" (compiled from official accession instruments); cross-check: Global Affairs Canada CPTPP page.",https://en.wikipedia.org/wiki/Member_states_of_the_Comprehensive_and_Progressive_Agreement_for_Trans-Pacific_Partnership,2026-09-01T00:00:00Z
Mexico,Brazil,shared_member_RCEP,0,2026,"Wikipedia, ""Regional Comprehensive Economic Partnership""; cross-check: DFAT Australia RCEP page.",https://en.wikipedia.org/wiki/Regional_Comprehensive_Economic_Partnership,2026-09-01T00:00:00Z
Mexico,Brazil,shared_member_IPEF,0,2026,"Wikipedia, ""Indo-Pacific Economic Framework""; cross-check: USTR IPEF page.",https://en.wikipedia.org/wiki/Indo-Pacific_Economic_Framework,2026-09-01T00:00:00Z
Mexico,Brazil,shared_member_USMCA,0,2026,"USTR, Agreement between the United States, Mexico and Canada (USMCA), in force since 1 July 2020.",https://ustr.gov/trade-agreements/free-trade-agreements/agreement-between-united-states-mexico-and-canada-usmca,2026-09-01T00:00:00Z
Mexico,Brazil,shared_member_EU,0,2026,"European Union, official list of member states.",https://european-union.europa.eu/principles-countries-history/country-profiles_en,2026-09-01T00:00:00Z
Mexico,Brazil,shared_member_NATO,0,2026,"NATO, official member countries page.",https://www.nato.int/en/about-us/organization/nato-member-countries,2026-09-01T00:00:00Z
Mexico,Brazil,shared_member_QUAD,0,2026,"U.S. Department of State, Quadrilateral Security Dialogue (Australia, India, Japan, United States).",https://www.state.gov/quad-countries-joint-leaders-statement/,2026-09-01T00:00:00Z
Mexico,Canada,abs_diff_ipd_alignment_score_2023_allvotes,0.849117,2023,"Derived by author (this project) as |alignment_score_a - alignment_score_b| from country-level 2023-all-votes Ideal Point Distance alignment scores published in Airaudo, F.S., de Soyres, F., Richards, K. & Santacreu, A.M. (2025). ""Fragmentation? Revisiting the Ideal Point Distance measure of geopolitical distance."" FEDS Notes, Board of Governors of the Federal Reserve System, March 21, 2025, doi:10.17016/2380-7172.3749. Table/Figure 1 accessible-data version.",https://federalreserve.gov/econres/notes/feds-notes/fragmentation-revisiting-the-ideal-point-distance-measure-of-geopolitical-distance-accessible-20250321.htm,2026-09-01T00:00:00Z
Mexico,Canada,shared_member_CPTPP,1,2026,"Wikipedia, ""Member states of the Comprehensive and Progressive Agreement for Trans-Pacific Partnership"" (compiled from official accession instruments); cross-check: Global Affairs Canada CPTPP page.",https://en.wikipedia.org/wiki/Member_states_of_the_Comprehensive_and_Progressive_Agreement_for_Trans-Pacific_Partnership,2026-09-01T00:00:00Z
Mexico,Canada,shared_member_RCEP,0,2026,"Wikipedia, ""Regional Comprehensive Economic Partnership""; cross-check: DFAT Australia RCEP page.",https://en.wikipedia.org/wiki/Regional_Comprehensive_Economic_Partnership,2026-09-01T00:00:00Z
Mexico,Canada,shared_member_IPEF,0,2026,"Wikipedia, ""Indo-Pacific Economic Framework""; cross-check: USTR IPEF page.",https://en.wikipedia.org/wiki/Indo-Pacific_Economic_Framework,2026-09-01T00:00:00Z
Mexico,Canada,shared_member_USMCA,1,2026,"USTR, Agreement between the United States, Mexico and Canada (USMCA), in force since 1 July 2020.",https://ustr.gov/trade-agreements/free-trade-agreements/agreement-between-united-states-mexico-and-canada-usmca,2026-09-01T00:00:00Z
Mexico,Canada,shared_member_EU,0,2026,"European Union, official list of member states.",https://european-union.europa.eu/principles-countries-history/country-profiles_en,2026-09-01T00:00:00Z
Mexico,Canada,shared_member_NATO,0,2026,"NATO, official member countries page.",https://www.nato.int/en/about-us/organization/nato-member-countries,2026-09-01T00:00:00Z
Mexico,Canada,shared_member_QUAD,0,2026,"U.S. Department of State, Quadrilateral Security Dialogue (Australia, India, Japan, United States).",https://www.state.gov/quad-countries-joint-leaders-statement/,2026-09-01T00:00:00Z
Mexico,Singapore,abs_diff_ipd_alignment_score_2023_allvotes,0.210720,2023,"Derived by author (this project) as |alignment_score_a - alignment_score_b| from country-level 2023-all-votes Ideal Point Distance alignment scores published in Airaudo, F.S., de Soyres, F., Richards, K. & Santacreu, A.M. (2025). ""Fragmentation? Revisiting the Ideal Point Distance measure of geopolitical distance."" FEDS Notes, Board of Governors of the Federal Reserve System, March 21, 2025, doi:10.17016/2380-7172.3749. Table/Figure 1 accessible-data version.",https://federalreserve.gov/econres/notes/feds-notes/fragmentation-revisiting-the-ideal-point-distance-measure-of-geopolitical-distance-accessible-20250321.htm,2026-09-01T00:00:00Z
Mexico,Singapore,shared_member_CPTPP,1,2026,"Wikipedia, ""Member states of the Comprehensive and Progressive Agreement for Trans-Pacific Partnership"" (compiled from official accession instruments); cross-check: Global Affairs Canada CPTPP page.",https://en.wikipedia.org/wiki/Member_states_of_the_Comprehensive_and_Progressive_Agreement_for_Trans-Pacific_Partnership,2026-09-01T00:00:00Z
Mexico,Singapore,shared_member_RCEP,0,2026,"Wikipedia, ""Regional Comprehensive Economic Partnership""; cross-check: DFAT Australia RCEP page.",https://en.wikipedia.org/wiki/Regional_Comprehensive_Economic_Partnership,2026-09-01T00:00:00Z
Mexico,Singapore,shared_member_IPEF,0,2026,"Wikipedia, ""Indo-Pacific Economic Framework""; cross-check: USTR IPEF page.",https://en.wikipedia.org/wiki/Indo-Pacific_Economic_Framework,2026-09-01T00:00:00Z
Mexico,Singapore,shared_member_USMCA,0,2026,"USTR, Agreement between the United States, Mexico and Canada (USMCA), in force since 1 July 2020.",https://ustr.gov/trade-agreements/free-trade-agreements/agreement-between-united-states-mexico-and-canada-usmca,2026-09-01T00:00:00Z
Mexico,Singapore,shared_member_EU,0,2026,"European Union, official list of member states.",https://european-union.europa.eu/principles-countries-history/country-profiles_en,2026-09-01T00:00:00Z
Mexico,Singapore,shared_member_NATO,0,2026,"NATO, official member countries page.",https://www.nato.int/en/about-us/organization/nato-member-countries,2026-09-01T00:00:00Z
Mexico,Singapore,shared_member_QUAD,0,2026,"U.S. Department of State, Quadrilateral Security Dialogue (Australia, India, Japan, United States).",https://www.state.gov/quad-countries-joint-leaders-statement/,2026-09-01T00:00:00Z
Thailand,Indonesia,abs_diff_ipd_alignment_score_2023_allvotes,0.267650,2023,"Derived by author (this project) as |alignment_score_a - alignment_score_b| from country-level 2023-all-votes Ideal Point Distance alignment scores published in Airaudo, F.S., de Soyres, F., Richards, K. & Santacreu, A.M. (2025). ""Fragmentation? Revisiting the Ideal Point Distance measure of geopolitical distance."" FEDS Notes, Board of Governors of the Federal Reserve System, March 21, 2025, doi:10.17016/2380-7172.3749. Table/Figure 1 accessible-data version.",https://federalreserve.gov/econres/notes/feds-notes/fragmentation-revisiting-the-ideal-point-distance-measure-of-geopolitical-distance-accessible-20250321.htm,2026-09-01T00:00:00Z
Thailand,Indonesia,shared_member_CPTPP,0,2026,"Wikipedia, ""Member states of the Comprehensive and Progressive Agreement for Trans-Pacific Partnership"" (compiled from official accession instruments); cross-check: Global Affairs Canada CPTPP page.",https://en.wikipedia.org/wiki/Member_states_of_the_Comprehensive_and_Progressive_Agreement_for_Trans-Pacific_Partnership,2026-09-01T00:00:00Z
Thailand,Indonesia,shared_member_RCEP,1,2026,"Wikipedia, ""Regional Comprehensive Economic Partnership""; cross-check: DFAT Australia RCEP page.",https://en.wikipedia.org/wiki/Regional_Comprehensive_Economic_Partnership,2026-09-01T00:00:00Z
Thailand,Indonesia,shared_member_IPEF,1,2026,"Wikipedia, ""Indo-Pacific Economic Framework""; cross-check: USTR IPEF page.",https://en.wikipedia.org/wiki/Indo-Pacific_Economic_Framework,2026-09-01T00:00:00Z
Thailand,Indonesia,shared_member_USMCA,0,2026,"USTR, Agreement between the United States, Mexico and Canada (USMCA), in force since 1 July 2020.",https://ustr.gov/trade-agreements/free-trade-agreements/agreement-between-united-states-mexico-and-canada-usmca,2026-09-01T00:00:00Z
Thailand,Indonesia,shared_member_EU,0,2026,"European Union, official list of member states.",https://european-union.europa.eu/principles-countries-history/country-profiles_en,2026-09-01T00:00:00Z
Thailand,Indonesia,shared_member_NATO,0,2026,"NATO, official member countries page.",https://www.nato.int/en/about-us/organization/nato-member-countries,2026-09-01T00:00:00Z
Thailand,Indonesia,shared_member_QUAD,0,2026,"U.S. Department of State, Quadrilateral Security Dialogue (Australia, India, Japan, United States).",https://www.state.gov/quad-countries-joint-leaders-statement/,2026-09-01T00:00:00Z
Thailand,Malaysia,abs_diff_ipd_alignment_score_2023_allvotes,0.185308,2023,"Derived by author (this project) as |alignment_score_a - alignment_score_b| from country-level 2023-all-votes Ideal Point Distance alignment scores published in Airaudo, F.S., de Soyres, F., Richards, K. & Santacreu, A.M. (2025). ""Fragmentation? Revisiting the Ideal Point Distance measure of geopolitical distance."" FEDS Notes, Board of Governors of the Federal Reserve System, March 21, 2025, doi:10.17016/2380-7172.3749. Table/Figure 1 accessible-data version.",https://federalreserve.gov/econres/notes/feds-notes/fragmentation-revisiting-the-ideal-point-distance-measure-of-geopolitical-distance-accessible-20250321.htm,2026-09-01T00:00:00Z
Thailand,Malaysia,shared_member_CPTPP,0,2026,"Wikipedia, ""Member states of the Comprehensive and Progressive Agreement for Trans-Pacific Partnership"" (compiled from official accession instruments); cross-check: Global Affairs Canada CPTPP page.",https://en.wikipedia.org/wiki/Member_states_of_the_Comprehensive_and_Progressive_Agreement_for_Trans-Pacific_Partnership,2026-09-01T00:00:00Z
Thailand,Malaysia,shared_member_RCEP,1,2026,"Wikipedia, ""Regional Comprehensive Economic Partnership""; cross-check: DFAT Australia RCEP page.",https://en.wikipedia.org/wiki/Regional_Comprehensive_Economic_Partnership,2026-09-01T00:00:00Z
Thailand,Malaysia,shared_member_IPEF,1,2026,"Wikipedia, ""Indo-Pacific Economic Framework""; cross-check: USTR IPEF page.",https://en.wikipedia.org/wiki/Indo-Pacific_Economic_Framework,2026-09-01T00:00:00Z
Thailand,Malaysia,shared_member_USMCA,0,2026,"USTR, Agreement between the United States, Mexico and Canada (USMCA), in force since 1 July 2020.",https://ustr.gov/trade-agreements/free-trade-agreements/agreement-between-united-states-mexico-and-canada-usmca,2026-09-01T00:00:00Z
Thailand,Malaysia,shared_member_EU,0,2026,"European Union, official list of member states.",https://european-union.europa.eu/principles-countries-history/country-profiles_en,2026-09-01T00:00:00Z
Thailand,Malaysia,shared_member_NATO,0,2026,"NATO, official member countries page.",https://www.nato.int/en/about-us/organization/nato-member-countries,2026-09-01T00:00:00Z
Thailand,Malaysia,shared_member_QUAD,0,2026,"U.S. Department of State, Quadrilateral Security Dialogue (Australia, India, Japan, United States).",https://www.state.gov/quad-countries-joint-leaders-statement/,2026-09-01T00:00:00Z
Thailand,Brazil,abs_diff_ipd_alignment_score_2023_allvotes,0.010663,2023,"Derived by author (this project) as |alignment_score_a - alignment_score_b| from country-level 2023-all-votes Ideal Point Distance alignment scores published in Airaudo, F.S., de Soyres, F., Richards, K. & Santacreu, A.M. (2025). ""Fragmentation? Revisiting the Ideal Point Distance measure of geopolitical distance."" FEDS Notes, Board of Governors of the Federal Reserve System, March 21, 2025, doi:10.17016/2380-7172.3749. Table/Figure 1 accessible-data version.",https://federalreserve.gov/econres/notes/feds-notes/fragmentation-revisiting-the-ideal-point-distance-measure-of-geopolitical-distance-accessible-20250321.htm,2026-09-01T00:00:00Z
Thailand,Brazil,shared_member_CPTPP,0,2026,"Wikipedia, ""Member states of the Comprehensive and Progressive Agreement for Trans-Pacific Partnership"" (compiled from official accession instruments); cross-check: Global Affairs Canada CPTPP page.",https://en.wikipedia.org/wiki/Member_states_of_the_Comprehensive_and_Progressive_Agreement_for_Trans-Pacific_Partnership,2026-09-01T00:00:00Z
Thailand,Brazil,shared_member_RCEP,0,2026,"Wikipedia, ""Regional Comprehensive Economic Partnership""; cross-check: DFAT Australia RCEP page.",https://en.wikipedia.org/wiki/Regional_Comprehensive_Economic_Partnership,2026-09-01T00:00:00Z
Thailand,Brazil,shared_member_IPEF,0,2026,"Wikipedia, ""Indo-Pacific Economic Framework""; cross-check: USTR IPEF page.",https://en.wikipedia.org/wiki/Indo-Pacific_Economic_Framework,2026-09-01T00:00:00Z
Thailand,Brazil,shared_member_USMCA,0,2026,"USTR, Agreement between the United States, Mexico and Canada (USMCA), in force since 1 July 2020.",https://ustr.gov/trade-agreements/free-trade-agreements/agreement-between-united-states-mexico-and-canada-usmca,2026-09-01T00:00:00Z
Thailand,Brazil,shared_member_EU,0,2026,"European Union, official list of member states.",https://european-union.europa.eu/principles-countries-history/country-profiles_en,2026-09-01T00:00:00Z
Thailand,Brazil,shared_member_NATO,0,2026,"NATO, official member countries page.",https://www.nato.int/en/about-us/organization/nato-member-countries,2026-09-01T00:00:00Z
Thailand,Brazil,shared_member_QUAD,0,2026,"U.S. Department of State, Quadrilateral Security Dialogue (Australia, India, Japan, United States).",https://www.state.gov/quad-countries-joint-leaders-statement/,2026-09-01T00:00:00Z
Thailand,Canada,abs_diff_ipd_alignment_score_2023_allvotes,1.052966,2023,"Derived by author (this project) as |alignment_score_a - alignment_score_b| from country-level 2023-all-votes Ideal Point Distance alignment scores published in Airaudo, F.S., de Soyres, F., Richards, K. & Santacreu, A.M. (2025). ""Fragmentation? Revisiting the Ideal Point Distance measure of geopolitical distance."" FEDS Notes, Board of Governors of the Federal Reserve System, March 21, 2025, doi:10.17016/2380-7172.3749. Table/Figure 1 accessible-data version.",https://federalreserve.gov/econres/notes/feds-notes/fragmentation-revisiting-the-ideal-point-distance-measure-of-geopolitical-distance-accessible-20250321.htm,2026-09-01T00:00:00Z
Thailand,Canada,shared_member_CPTPP,0,2026,"Wikipedia, ""Member states of the Comprehensive and Progressive Agreement for Trans-Pacific Partnership"" (compiled from official accession instruments); cross-check: Global Affairs Canada CPTPP page.",https://en.wikipedia.org/wiki/Member_states_of_the_Comprehensive_and_Progressive_Agreement_for_Trans-Pacific_Partnership,2026-09-01T00:00:00Z
Thailand,Canada,shared_member_RCEP,0,2026,"Wikipedia, ""Regional Comprehensive Economic Partnership""; cross-check: DFAT Australia RCEP page.",https://en.wikipedia.org/wiki/Regional_Comprehensive_Economic_Partnership,2026-09-01T00:00:00Z
Thailand,Canada,shared_member_IPEF,0,2026,"Wikipedia, ""Indo-Pacific Economic Framework""; cross-check: USTR IPEF page.",https://en.wikipedia.org/wiki/Indo-Pacific_Economic_Framework,2026-09-01T00:00:00Z
Thailand,Canada,shared_member_USMCA,0,2026,"USTR, Agreement between the United States, Mexico and Canada (USMCA), in force since 1 July 2020.",https://ustr.gov/trade-agreements/free-trade-agreements/agreement-between-united-states-mexico-and-canada-usmca,2026-09-01T00:00:00Z
Thailand,Canada,shared_member_EU,0,2026,"European Union, official list of member states.",https://european-union.europa.eu/principles-countries-history/country-profiles_en,2026-09-01T00:00:00Z
Thailand,Canada,shared_member_NATO,0,2026,"NATO, official member countries page.",https://www.nato.int/en/about-us/organization/nato-member-countries,2026-09-01T00:00:00Z
Thailand,Canada,shared_member_QUAD,0,2026,"U.S. Department of State, Quadrilateral Security Dialogue (Australia, India, Japan, United States).",https://www.state.gov/quad-countries-joint-leaders-statement/,2026-09-01T00:00:00Z
Thailand,Singapore,abs_diff_ipd_alignment_score_2023_allvotes,0.006870,2023,"Derived by author (this project) as |alignment_score_a - alignment_score_b| from country-level 2023-all-votes Ideal Point Distance alignment scores published in Airaudo, F.S., de Soyres, F., Richards, K. & Santacreu, A.M. (2025). ""Fragmentation? Revisiting the Ideal Point Distance measure of geopolitical distance."" FEDS Notes, Board of Governors of the Federal Reserve System, March 21, 2025, doi:10.17016/2380-7172.3749. Table/Figure 1 accessible-data version.",https://federalreserve.gov/econres/notes/feds-notes/fragmentation-revisiting-the-ideal-point-distance-measure-of-geopolitical-distance-accessible-20250321.htm,2026-09-01T00:00:00Z
Thailand,Singapore,shared_member_CPTPP,0,2026,"Wikipedia, ""Member states of the Comprehensive and Progressive Agreement for Trans-Pacific Partnership"" (compiled from official accession instruments); cross-check: Global Affairs Canada CPTPP page.",https://en.wikipedia.org/wiki/Member_states_of_the_Comprehensive_and_Progressive_Agreement_for_Trans-Pacific_Partnership,2026-09-01T00:00:00Z
Thailand,Singapore,shared_member_RCEP,1,2026,"Wikipedia, ""Regional Comprehensive Economic Partnership""; cross-check: DFAT Australia RCEP page.",https://en.wikipedia.org/wiki/Regional_Comprehensive_Economic_Partnership,2026-09-01T00:00:00Z
Thailand,Singapore,shared_member_IPEF,1,2026,"Wikipedia, ""Indo-Pacific Economic Framework""; cross-check: USTR IPEF page.",https://en.wikipedia.org/wiki/Indo-Pacific_Economic_Framework,2026-09-01T00:00:00Z
Thailand,Singapore,shared_member_USMCA,0,2026,"USTR, Agreement between the United States, Mexico and Canada (USMCA), in force since 1 July 2020.",https://ustr.gov/trade-agreements/free-trade-agreements/agreement-between-united-states-mexico-and-canada-usmca,2026-09-01T00:00:00Z
Thailand,Singapore,shared_member_EU,0,2026,"European Union, official list of member states.",https://european-union.europa.eu/principles-countries-history/country-profiles_en,2026-09-01T00:00:00Z
Thailand,Singapore,shared_member_NATO,0,2026,"NATO, official member countries page.",https://www.nato.int/en/about-us/organization/nato-member-countries,2026-09-01T00:00:00Z
Thailand,Singapore,shared_member_QUAD,0,2026,"U.S. Department of State, Quadrilateral Security Dialogue (Australia, India, Japan, United States).",https://www.state.gov/quad-countries-joint-leaders-statement/,2026-09-01T00:00:00Z
Indonesia,Malaysia,abs_diff_ipd_alignment_score_2023_allvotes,0.082342,2023,"Derived by author (this project) as |alignment_score_a - alignment_score_b| from country-level 2023-all-votes Ideal Point Distance alignment scores published in Airaudo, F.S., de Soyres, F., Richards, K. & Santacreu, A.M. (2025). ""Fragmentation? Revisiting the Ideal Point Distance measure of geopolitical distance."" FEDS Notes, Board of Governors of the Federal Reserve System, March 21, 2025, doi:10.17016/2380-7172.3749. Table/Figure 1 accessible-data version.",https://federalreserve.gov/econres/notes/feds-notes/fragmentation-revisiting-the-ideal-point-distance-measure-of-geopolitical-distance-accessible-20250321.htm,2026-09-01T00:00:00Z
Indonesia,Malaysia,shared_member_CPTPP,0,2026,"Wikipedia, ""Member states of the Comprehensive and Progressive Agreement for Trans-Pacific Partnership"" (compiled from official accession instruments); cross-check: Global Affairs Canada CPTPP page.",https://en.wikipedia.org/wiki/Member_states_of_the_Comprehensive_and_Progressive_Agreement_for_Trans-Pacific_Partnership,2026-09-01T00:00:00Z
Indonesia,Malaysia,shared_member_RCEP,1,2026,"Wikipedia, ""Regional Comprehensive Economic Partnership""; cross-check: DFAT Australia RCEP page.",https://en.wikipedia.org/wiki/Regional_Comprehensive_Economic_Partnership,2026-09-01T00:00:00Z
Indonesia,Malaysia,shared_member_IPEF,1,2026,"Wikipedia, ""Indo-Pacific Economic Framework""; cross-check: USTR IPEF page.",https://en.wikipedia.org/wiki/Indo-Pacific_Economic_Framework,2026-09-01T00:00:00Z
Indonesia,Malaysia,shared_member_USMCA,0,2026,"USTR, Agreement between the United States, Mexico and Canada (USMCA), in force since 1 July 2020.",https://ustr.gov/trade-agreements/free-trade-agreements/agreement-between-united-states-mexico-and-canada-usmca,2026-09-01T00:00:00Z
Indonesia,Malaysia,shared_member_EU,0,2026,"European Union, official list of member states.",https://european-union.europa.eu/principles-countries-history/country-profiles_en,2026-09-01T00:00:00Z
Indonesia,Malaysia,shared_member_NATO,0,2026,"NATO, official member countries page.",https://www.nato.int/en/about-us/organization/nato-member-countries,2026-09-01T00:00:00Z
Indonesia,Malaysia,shared_member_QUAD,0,2026,"U.S. Department of State, Quadrilateral Security Dialogue (Australia, India, Japan, United States).",https://www.state.gov/quad-countries-joint-leaders-statement/,2026-09-01T00:00:00Z
Indonesia,Brazil,abs_diff_ipd_alignment_score_2023_allvotes,0.278313,2023,"Derived by author (this project) as |alignment_score_a - alignment_score_b| from country-level 2023-all-votes Ideal Point Distance alignment scores published in Airaudo, F.S., de Soyres, F., Richards, K. & Santacreu, A.M. (2025). ""Fragmentation? Revisiting the Ideal Point Distance measure of geopolitical distance."" FEDS Notes, Board of Governors of the Federal Reserve System, March 21, 2025, doi:10.17016/2380-7172.3749. Table/Figure 1 accessible-data version.",https://federalreserve.gov/econres/notes/feds-notes/fragmentation-revisiting-the-ideal-point-distance-measure-of-geopolitical-distance-accessible-20250321.htm,2026-09-01T00:00:00Z
Indonesia,Brazil,shared_member_CPTPP,0,2026,"Wikipedia, ""Member states of the Comprehensive and Progressive Agreement for Trans-Pacific Partnership"" (compiled from official accession instruments); cross-check: Global Affairs Canada CPTPP page.",https://en.wikipedia.org/wiki/Member_states_of_the_Comprehensive_and_Progressive_Agreement_for_Trans-Pacific_Partnership,2026-09-01T00:00:00Z
Indonesia,Brazil,shared_member_RCEP,0,2026,"Wikipedia, ""Regional Comprehensive Economic Partnership""; cross-check: DFAT Australia RCEP page.",https://en.wikipedia.org/wiki/Regional_Comprehensive_Economic_Partnership,2026-09-01T00:00:00Z
Indonesia,Brazil,shared_member_IPEF,0,2026,"Wikipedia, ""Indo-Pacific Economic Framework""; cross-check: USTR IPEF page.",https://en.wikipedia.org/wiki/Indo-Pacific_Economic_Framework,2026-09-01T00:00:00Z
Indonesia,Brazil,shared_member_USMCA,0,2026,"USTR, Agreement between the United States, Mexico and Canada (USMCA), in force since 1 July 2020.",https://ustr.gov/trade-agreements/free-trade-agreements/agreement-between-united-states-mexico-and-canada-usmca,2026-09-01T00:00:00Z
Indonesia,Brazil,shared_member_EU,0,2026,"European Union, official list of member states.",https://european-union.europa.eu/principles-countries-history/country-profiles_en,2026-09-01T00:00:00Z
Indonesia,Brazil,shared_member_NATO,0,2026,"NATO, official member countries page.",https://www.nato.int/en/about-us/organization/nato-member-countries,2026-09-01T00:00:00Z
Indonesia,Brazil,shared_member_QUAD,0,2026,"U.S. Department of State, Quadrilateral Security Dialogue (Australia, India, Japan, United States).",https://www.state.gov/quad-countries-joint-leaders-statement/,2026-09-01T00:00:00Z
Indonesia,Canada,abs_diff_ipd_alignment_score_2023_allvotes,1.320617,2023,"Derived by author (this project) as |alignment_score_a - alignment_score_b| from country-level 2023-all-votes Ideal Point Distance alignment scores published in Airaudo, F.S., de Soyres, F., Richards, K. & Santacreu, A.M. (2025). ""Fragmentation? Revisiting the Ideal Point Distance measure of geopolitical distance."" FEDS Notes, Board of Governors of the Federal Reserve System, March 21, 2025, doi:10.17016/2380-7172.3749. Table/Figure 1 accessible-data version.",https://federalreserve.gov/econres/notes/feds-notes/fragmentation-revisiting-the-ideal-point-distance-measure-of-geopolitical-distance-accessible-20250321.htm,2026-09-01T00:00:00Z
Indonesia,Canada,shared_member_CPTPP,0,2026,"Wikipedia, ""Member states of the Comprehensive and Progressive Agreement for Trans-Pacific Partnership"" (compiled from official accession instruments); cross-check: Global Affairs Canada CPTPP page.",https://en.wikipedia.org/wiki/Member_states_of_the_Comprehensive_and_Progressive_Agreement_for_Trans-Pacific_Partnership,2026-09-01T00:00:00Z
Indonesia,Canada,shared_member_RCEP,0,2026,"Wikipedia, ""Regional Comprehensive Economic Partnership""; cross-check: DFAT Australia RCEP page.",https://en.wikipedia.org/wiki/Regional_Comprehensive_Economic_Partnership,2026-09-01T00:00:00Z
Indonesia,Canada,shared_member_IPEF,0,2026,"Wikipedia, ""Indo-Pacific Economic Framework""; cross-check: USTR IPEF page.",https://en.wikipedia.org/wiki/Indo-Pacific_Economic_Framework,2026-09-01T00:00:00Z
Indonesia,Canada,shared_member_USMCA,0,2026,"USTR, Agreement between the United States, Mexico and Canada (USMCA), in force since 1 July 2020.",https://ustr.gov/trade-agreements/free-trade-agreements/agreement-between-united-states-mexico-and-canada-usmca,2026-09-01T00:00:00Z
Indonesia,Canada,shared_member_EU,0,2026,"European Union, official list of member states.",https://european-union.europa.eu/principles-countries-history/country-profiles_en,2026-09-01T00:00:00Z
Indonesia,Canada,shared_member_NATO,0,2026,"NATO, official member countries page.",https://www.nato.int/en/about-us/organization/nato-member-countries,2026-09-01T00:00:00Z
Indonesia,Canada,shared_member_QUAD,0,2026,"U.S. Department of State, Quadrilateral Security Dialogue (Australia, India, Japan, United States).",https://www.state.gov/quad-countries-joint-leaders-statement/,2026-09-01T00:00:00Z
Indonesia,Singapore,abs_diff_ipd_alignment_score_2023_allvotes,0.260780,2023,"Derived by author (this project) as |alignment_score_a - alignment_score_b| from country-level 2023-all-votes Ideal Point Distance alignment scores published in Airaudo, F.S., de Soyres, F., Richards, K. & Santacreu, A.M. (2025). ""Fragmentation? Revisiting the Ideal Point Distance measure of geopolitical distance."" FEDS Notes, Board of Governors of the Federal Reserve System, March 21, 2025, doi:10.17016/2380-7172.3749. Table/Figure 1 accessible-data version.",https://federalreserve.gov/econres/notes/feds-notes/fragmentation-revisiting-the-ideal-point-distance-measure-of-geopolitical-distance-accessible-20250321.htm,2026-09-01T00:00:00Z
Indonesia,Singapore,shared_member_CPTPP,0,2026,"Wikipedia, ""Member states of the Comprehensive and Progressive Agreement for Trans-Pacific Partnership"" (compiled from official accession instruments); cross-check: Global Affairs Canada CPTPP page.",https://en.wikipedia.org/wiki/Member_states_of_the_Comprehensive_and_Progressive_Agreement_for_Trans-Pacific_Partnership,2026-09-01T00:00:00Z
Indonesia,Singapore,shared_member_RCEP,1,2026,"Wikipedia, ""Regional Comprehensive Economic Partnership""; cross-check: DFAT Australia RCEP page.",https://en.wikipedia.org/wiki/Regional_Comprehensive_Economic_Partnership,2026-09-01T00:00:00Z
Indonesia,Singapore,shared_member_IPEF,1,2026,"Wikipedia, ""Indo-Pacific Economic Framework""; cross-check: USTR IPEF page.",https://en.wikipedia.org/wiki/Indo-Pacific_Economic_Framework,2026-09-01T00:00:00Z
Indonesia,Singapore,shared_member_USMCA,0,2026,"USTR, Agreement between the United States, Mexico and Canada (USMCA), in force since 1 July 2020.",https://ustr.gov/trade-agreements/free-trade-agreements/agreement-between-united-states-mexico-and-canada-usmca,2026-09-01T00:00:00Z
Indonesia,Singapore,shared_member_EU,0,2026,"European Union, official list of member states.",https://european-union.europa.eu/principles-countries-history/country-profiles_en,2026-09-01T00:00:00Z
Indonesia,Singapore,shared_member_NATO,0,2026,"NATO, official member countries page.",https://www.nato.int/en/about-us/organization/nato-member-countries,2026-09-01T00:00:00Z
Indonesia,Singapore,shared_member_QUAD,0,2026,"U.S. Department of State, Quadrilateral Security Dialogue (Australia, India, Japan, United States).",https://www.state.gov/quad-countries-joint-leaders-statement/,2026-09-01T00:00:00Z
Malaysia,Brazil,abs_diff_ipd_alignment_score_2023_allvotes,0.195971,2023,"Derived by author (this project) as |alignment_score_a - alignment_score_b| from country-level 2023-all-votes Ideal Point Distance alignment scores published in Airaudo, F.S., de Soyres, F., Richards, K. & Santacreu, A.M. (2025). ""Fragmentation? Revisiting the Ideal Point Distance measure of geopolitical distance."" FEDS Notes, Board of Governors of the Federal Reserve System, March 21, 2025, doi:10.17016/2380-7172.3749. Table/Figure 1 accessible-data version.",https://federalreserve.gov/econres/notes/feds-notes/fragmentation-revisiting-the-ideal-point-distance-measure-of-geopolitical-distance-accessible-20250321.htm,2026-09-01T00:00:00Z
Malaysia,Brazil,shared_member_CPTPP,0,2026,"Wikipedia, ""Member states of the Comprehensive and Progressive Agreement for Trans-Pacific Partnership"" (compiled from official accession instruments); cross-check: Global Affairs Canada CPTPP page.",https://en.wikipedia.org/wiki/Member_states_of_the_Comprehensive_and_Progressive_Agreement_for_Trans-Pacific_Partnership,2026-09-01T00:00:00Z
Malaysia,Brazil,shared_member_RCEP,0,2026,"Wikipedia, ""Regional Comprehensive Economic Partnership""; cross-check: DFAT Australia RCEP page.",https://en.wikipedia.org/wiki/Regional_Comprehensive_Economic_Partnership,2026-09-01T00:00:00Z
Malaysia,Brazil,shared_member_IPEF,0,2026,"Wikipedia, ""Indo-Pacific Economic Framework""; cross-check: USTR IPEF page.",https://en.wikipedia.org/wiki/Indo-Pacific_Economic_Framework,2026-09-01T00:00:00Z
Malaysia,Brazil,shared_member_USMCA,0,2026,"USTR, Agreement between the United States, Mexico and Canada (USMCA), in force since 1 July 2020.",https://ustr.gov/trade-agreements/free-trade-agreements/agreement-between-united-states-mexico-and-canada-usmca,2026-09-01T00:00:00Z
Malaysia,Brazil,shared_member_EU,0,2026,"European Union, official list of member states.",https://european-union.europa.eu/principles-countries-history/country-profiles_en,2026-09-01T00:00:00Z
Malaysia,Brazil,shared_member_NATO,0,2026,"NATO, official member countries page.",https://www.nato.int/en/about-us/organization/nato-member-countries,2026-09-01T00:00:00Z
Malaysia,Brazil,shared_member_QUAD,0,2026,"U.S. Department of State, Quadrilateral Security Dialogue (Australia, India, Japan, United States).",https://www.state.gov/quad-countries-joint-leaders-statement/,2026-09-01T00:00:00Z
Malaysia,Canada,abs_diff_ipd_alignment_score_2023_allvotes,1.238275,2023,"Derived by author (this project) as |alignment_score_a - alignment_score_b| from country-level 2023-all-votes Ideal Point Distance alignment scores published in Airaudo, F.S., de Soyres, F., Richards, K. & Santacreu, A.M. (2025). ""Fragmentation? Revisiting the Ideal Point Distance measure of geopolitical distance."" FEDS Notes, Board of Governors of the Federal Reserve System, March 21, 2025, doi:10.17016/2380-7172.3749. Table/Figure 1 accessible-data version.",https://federalreserve.gov/econres/notes/feds-notes/fragmentation-revisiting-the-ideal-point-distance-measure-of-geopolitical-distance-accessible-20250321.htm,2026-09-01T00:00:00Z
Malaysia,Canada,shared_member_CPTPP,1,2026,"Wikipedia, ""Member states of the Comprehensive and Progressive Agreement for Trans-Pacific Partnership"" (compiled from official accession instruments); cross-check: Global Affairs Canada CPTPP page.",https://en.wikipedia.org/wiki/Member_states_of_the_Comprehensive_and_Progressive_Agreement_for_Trans-Pacific_Partnership,2026-09-01T00:00:00Z
Malaysia,Canada,shared_member_RCEP,0,2026,"Wikipedia, ""Regional Comprehensive Economic Partnership""; cross-check: DFAT Australia RCEP page.",https://en.wikipedia.org/wiki/Regional_Comprehensive_Economic_Partnership,2026-09-01T00:00:00Z
Malaysia,Canada,shared_member_IPEF,0,2026,"Wikipedia, ""Indo-Pacific Economic Framework""; cross-check: USTR IPEF page.",https://en.wikipedia.org/wiki/Indo-Pacific_Economic_Framework,2026-09-01T00:00:00Z
Malaysia,Canada,shared_member_USMCA,0,2026,"USTR, Agreement between the United States, Mexico and Canada (USMCA), in force since 1 July 2020.",https://ustr.gov/trade-agreements/free-trade-agreements/agreement-between-united-states-mexico-and-canada-usmca,2026-09-01T00:00:00Z
Malaysia,Canada,shared_member_EU,0,2026,"European Union, official list of member states.",https://european-union.europa.eu/principles-countries-history/country-profiles_en,2026-09-01T00:00:00Z
Malaysia,Canada,shared_member_NATO,0,2026,"NATO, official member countries page.",https://www.nato.int/en/about-us/organization/nato-member-countries,2026-09-01T00:00:00Z
Malaysia,Canada,shared_member_QUAD,0,2026,"U.S. Department of State, Quadrilateral Security Dialogue (Australia, India, Japan, United States).",https://www.state.gov/quad-countries-joint-leaders-statement/,2026-09-01T00:00:00Z
Malaysia,Singapore,abs_diff_ipd_alignment_score_2023_allvotes,0.178438,2023,"Derived by author (this project) as |alignment_score_a - alignment_score_b| from country-level 2023-all-votes Ideal Point Distance alignment scores published in Airaudo, F.S., de Soyres, F., Richards, K. & Santacreu, A.M. (2025). ""Fragmentation? Revisiting the Ideal Point Distance measure of geopolitical distance."" FEDS Notes, Board of Governors of the Federal Reserve System, March 21, 2025, doi:10.17016/2380-7172.3749. Table/Figure 1 accessible-data version.",https://federalreserve.gov/econres/notes/feds-notes/fragmentation-revisiting-the-ideal-point-distance-measure-of-geopolitical-distance-accessible-20250321.htm,2026-09-01T00:00:00Z
Malaysia,Singapore,shared_member_CPTPP,1,2026,"Wikipedia, ""Member states of the Comprehensive and Progressive Agreement for Trans-Pacific Partnership"" (compiled from official accession instruments); cross-check: Global Affairs Canada CPTPP page.",https://en.wikipedia.org/wiki/Member_states_of_the_Comprehensive_and_Progressive_Agreement_for_Trans-Pacific_Partnership,2026-09-01T00:00:00Z
Malaysia,Singapore,shared_member_RCEP,1,2026,"Wikipedia, ""Regional Comprehensive Economic Partnership""; cross-check: DFAT Australia RCEP page.",https://en.wikipedia.org/wiki/Regional_Comprehensive_Economic_Partnership,2026-09-01T00:00:00Z
Malaysia,Singapore,shared_member_IPEF,1,2026,"Wikipedia, ""Indo-Pacific Economic Framework""; cross-check: USTR IPEF page.",https://en.wikipedia.org/wiki/Indo-Pacific_Economic_Framework,2026-09-01T00:00:00Z
Malaysia,Singapore,shared_member_USMCA,0,2026,"USTR, Agreement between the United States, Mexico and Canada (USMCA), in force since 1 July 2020.",https://ustr.gov/trade-agreements/free-trade-agreements/agreement-between-united-states-mexico-and-canada-usmca,2026-09-01T00:00:00Z
Malaysia,Singapore,shared_member_EU,0,2026,"European Union, official list of member states.",https://european-union.europa.eu/principles-countries-history/country-profiles_en,2026-09-01T00:00:00Z
Malaysia,Singapore,shared_member_NATO,0,2026,"NATO, official member countries page.",https://www.nato.int/en/about-us/organization/nato-member-countries,2026-09-01T00:00:00Z
Malaysia,Singapore,shared_member_QUAD,0,2026,"U.S. Department of State, Quadrilateral Security Dialogue (Australia, India, Japan, United States).",https://www.state.gov/quad-countries-joint-leaders-statement/,2026-09-01T00:00:00Z
Brazil,Canada,abs_diff_ipd_alignment_score_2023_allvotes,1.042304,2023,"Derived by author (this project) as |alignment_score_a - alignment_score_b| from country-level 2023-all-votes Ideal Point Distance alignment scores published in Airaudo, F.S., de Soyres, F., Richards, K. & Santacreu, A.M. (2025). ""Fragmentation? Revisiting the Ideal Point Distance measure of geopolitical distance."" FEDS Notes, Board of Governors of the Federal Reserve System, March 21, 2025, doi:10.17016/2380-7172.3749. Table/Figure 1 accessible-data version.",https://federalreserve.gov/econres/notes/feds-notes/fragmentation-revisiting-the-ideal-point-distance-measure-of-geopolitical-distance-accessible-20250321.htm,2026-09-01T00:00:00Z
Brazil,Canada,shared_member_CPTPP,0,2026,"Wikipedia, ""Member states of the Comprehensive and Progressive Agreement for Trans-Pacific Partnership"" (compiled from official accession instruments); cross-check: Global Affairs Canada CPTPP page.",https://en.wikipedia.org/wiki/Member_states_of_the_Comprehensive_and_Progressive_Agreement_for_Trans-Pacific_Partnership,2026-09-01T00:00:00Z
Brazil,Canada,shared_member_RCEP,0,2026,"Wikipedia, ""Regional Comprehensive Economic Partnership""; cross-check: DFAT Australia RCEP page.",https://en.wikipedia.org/wiki/Regional_Comprehensive_Economic_Partnership,2026-09-01T00:00:00Z
Brazil,Canada,shared_member_IPEF,0,2026,"Wikipedia, ""Indo-Pacific Economic Framework""; cross-check: USTR IPEF page.",https://en.wikipedia.org/wiki/Indo-Pacific_Economic_Framework,2026-09-01T00:00:00Z
Brazil,Canada,shared_member_USMCA,0,2026,"USTR, Agreement between the United States, Mexico and Canada (USMCA), in force since 1 July 2020.",https://ustr.gov/trade-agreements/free-trade-agreements/agreement-between-united-states-mexico-and-canada-usmca,2026-09-01T00:00:00Z
Brazil,Canada,shared_member_EU,0,2026,"European Union, official list of member states.",https://european-union.europa.eu/principles-countries-history/country-profiles_en,2026-09-01T00:00:00Z
Brazil,Canada,shared_member_NATO,0,2026,"NATO, official member countries page.",https://www.nato.int/en/about-us/organization/nato-member-countries,2026-09-01T00:00:00Z
Brazil,Canada,shared_member_QUAD,0,2026,"U.S. Department of State, Quadrilateral Security Dialogue (Australia, India, Japan, United States).",https://www.state.gov/quad-countries-joint-leaders-statement/,2026-09-01T00:00:00Z
Brazil,Singapore,abs_diff_ipd_alignment_score_2023_allvotes,0.017533,2023,"Derived by author (this project) as |alignment_score_a - alignment_score_b| from country-level 2023-all-votes Ideal Point Distance alignment scores published in Airaudo, F.S., de Soyres, F., Richards, K. & Santacreu, A.M. (2025). ""Fragmentation? Revisiting the Ideal Point Distance measure of geopolitical distance."" FEDS Notes, Board of Governors of the Federal Reserve System, March 21, 2025, doi:10.17016/2380-7172.3749. Table/Figure 1 accessible-data version.",https://federalreserve.gov/econres/notes/feds-notes/fragmentation-revisiting-the-ideal-point-distance-measure-of-geopolitical-distance-accessible-20250321.htm,2026-09-01T00:00:00Z
Brazil,Singapore,shared_member_CPTPP,0,2026,"Wikipedia, ""Member states of the Comprehensive and Progressive Agreement for Trans-Pacific Partnership"" (compiled from official accession instruments); cross-check: Global Affairs Canada CPTPP page.",https://en.wikipedia.org/wiki/Member_states_of_the_Comprehensive_and_Progressive_Agreement_for_Trans-Pacific_Partnership,2026-09-01T00:00:00Z
Brazil,Singapore,shared_member_RCEP,0,2026,"Wikipedia, ""Regional Comprehensive Economic Partnership""; cross-check: DFAT Australia RCEP page.",https://en.wikipedia.org/wiki/Regional_Comprehensive_Economic_Partnership,2026-09-01T00:00:00Z
Brazil,Singapore,shared_member_IPEF,0,2026,"Wikipedia, ""Indo-Pacific Economic Framework""; cross-check: USTR IPEF page.",https://en.wikipedia.org/wiki/Indo-Pacific_Economic_Framework,2026-09-01T00:00:00Z
Brazil,Singapore,shared_member_USMCA,0,2026,"USTR, Agreement between the United States, Mexico and Canada (USMCA), in force since 1 July 2020.",https://ustr.gov/trade-agreements/free-trade-agreements/agreement-between-united-states-mexico-and-canada-usmca,2026-09-01T00:00:00Z
Brazil,Singapore,shared_member_EU,0,2026,"European Union, official list of member states.",https://european-union.europa.eu/principles-countries-history/country-profiles_en,2026-09-01T00:00:00Z
Brazil,Singapore,shared_member_NATO,0,2026,"NATO, official member countries page.",https://www.nato.int/en/about-us/organization/nato-member-countries,2026-09-01T00:00:00Z
Brazil,Singapore,shared_member_QUAD,0,2026,"U.S. Department of State, Quadrilateral Security Dialogue (Australia, India, Japan, United States).",https://www.state.gov/quad-countries-joint-leaders-statement/,2026-09-01T00:00:00Z
Canada,Singapore,abs_diff_ipd_alignment_score_2023_allvotes,1.059837,2023,"Derived by author (this project) as |alignment_score_a - alignment_score_b| from country-level 2023-all-votes Ideal Point Distance alignment scores published in Airaudo, F.S., de Soyres, F., Richards, K. & Santacreu, A.M. (2025). ""Fragmentation? Revisiting the Ideal Point Distance measure of geopolitical distance."" FEDS Notes, Board of Governors of the Federal Reserve System, March 21, 2025, doi:10.17016/2380-7172.3749. Table/Figure 1 accessible-data version.",https://federalreserve.gov/econres/notes/feds-notes/fragmentation-revisiting-the-ideal-point-distance-measure-of-geopolitical-distance-accessible-20250321.htm,2026-09-01T00:00:00Z
Canada,Singapore,shared_member_CPTPP,1,2026,"Wikipedia, ""Member states of the Comprehensive and Progressive Agreement for Trans-Pacific Partnership"" (compiled from official accession instruments); cross-check: Global Affairs Canada CPTPP page.",https://en.wikipedia.org/wiki/Member_states_of_the_Comprehensive_and_Progressive_Agreement_for_Trans-Pacific_Partnership,2026-09-01T00:00:00Z
Canada,Singapore,shared_member_RCEP,0,2026,"Wikipedia, ""Regional Comprehensive Economic Partnership""; cross-check: DFAT Australia RCEP page.",https://en.wikipedia.org/wiki/Regional_Comprehensive_Economic_Partnership,2026-09-01T00:00:00Z
Canada,Singapore,shared_member_IPEF,0,2026,"Wikipedia, ""Indo-Pacific Economic Framework""; cross-check: USTR IPEF page.",https://en.wikipedia.org/wiki/Indo-Pacific_Economic_Framework,2026-09-01T00:00:00Z
Canada,Singapore,shared_member_USMCA,0,2026,"USTR, Agreement between the United States, Mexico and Canada (USMCA), in force since 1 July 2020.",https://ustr.gov/trade-agreements/free-trade-agreements/agreement-between-united-states-mexico-and-canada-usmca,2026-09-01T00:00:00Z
Canada,Singapore,shared_member_EU,0,2026,"European Union, official list of member states.",https://european-union.europa.eu/principles-countries-history/country-profiles_en,2026-09-01T00:00:00Z
Canada,Singapore,shared_member_NATO,0,2026,"NATO, official member countries page.",https://www.nato.int/en/about-us/organization/nato-member-countries,2026-09-01T00:00:00Z
Canada,Singapore,shared_member_QUAD,0,2026,"U.S. Department of State, Quadrilateral Security Dialogue (Australia, India, Japan, United States).",https://www.state.gov/quad-countries-joint-leaders-statement/,2026-09-01T00:00:00Z
