reporter_iso3,partner_iso3,product_group,year,indicator,value,unit,source_url,retrieved_utc
usa,chn,84-85_MachElec,2022,MPRT-TRD-VL,258664731.04,USD thousand,https://wits.worldbank.org/API/V1/SDMX/V21/datasource/tradestats-trade/reporter/usa/year/2022/partner/chn/product/all/indicator/MPRT-TRD-VL,2026-09-01T01:33:38Z
usa,chn,28-38_Chemicals,2022,MPRT-TRD-VL,32560306.388,USD thousand,https://wits.worldbank.org/API/V1/SDMX/V21/datasource/tradestats-trade/reporter/usa/year/2022/partner/chn/product/all/indicator/MPRT-TRD-VL,2026-09-01T01:33:38Z
usa,chn,72-83_Metals,2022,MPRT-TRD-VL,34520715.3,USD thousand,https://wits.worldbank.org/API/V1/SDMX/V21/datasource/tradestats-trade/reporter/usa/year/2022/partner/chn/product/all/indicator/MPRT-TRD-VL,2026-09-01T01:33:38Z
usa,chn,86-89_Transport,2022,MPRT-TRD-VL,21902448.192,USD thousand,https://wits.worldbank.org/API/V1/SDMX/V21/datasource/tradestats-trade/reporter/usa/year/2022/partner/chn/product/all/indicator/MPRT-TRD-VL,2026-09-01T01:33:38Z
usa,chn,Total,2022,MPRT-TRD-VL,575688091.172,USD thousand,https://wits.worldbank.org/API/V1/SDMX/V21/datasource/tradestats-trade/reporter/usa/year/2022/partner/chn/product/all/indicator/MPRT-TRD-VL,2026-09-01T01:33:38Z
usa,ind,Total,2022,MPRT-TRD-VL,90991853.182,USD thousand,https://wits.worldbank.org/API/V1/SDMX/V21/datasource/tradestats-trade/reporter/usa/year/2022/partner/all/product/Total/indicator/MPRT-TRD-VL,2026-09-01T01:33:38Z
usa,vnm,Total,2022,MPRT-TRD-VL,135876540.954,USD thousand,https://wits.worldbank.org/API/V1/SDMX/V21/datasource/tradestats-trade/reporter/usa/year/2022/partner/all/product/Total/indicator/MPRT-TRD-VL,2026-09-01T01:33:38Z
usa,mex,Total,2022,MPRT-TRD-VL,459177656.357,USD thousand,https://wits.worldbank.org/API/V1/SDMX/V21/datasource/tradestats-trade/reporter/usa/year/2022/partner/all/product/Total/indicator/MPRT-TRD-VL,2026-09-01T01:33:38Z
usa,jpn,Total,2022,MPRT-TRD-VL,154445161.543,USD thousand,https://wits.worldbank.org/API/V1/SDMX/V21/datasource/tradestats-trade/reporter/usa/year/2022/partner/all/product/Total/indicator/MPRT-TRD-VL,2026-09-01T01:33:38Z
usa,kor,Total,2022,MPRT-TRD-VL,120859256.396,USD thousand,https://wits.worldbank.org/API/V1/SDMX/V21/datasource/tradestats-trade/reporter/usa/year/2022/partner/all/product/Total/indicator/MPRT-TRD-VL,2026-09-01T01:33:38Z
usa,deu,Total,2022,MPRT-TRD-VL,150408499.381,USD thousand,https://wits.worldbank.org/API/V1/SDMX/V21/datasource/tradestats-trade/reporter/usa/year/2022/partner/all/product/Total/indicator/MPRT-TRD-VL,2026-09-01T01:33:38Z
usa,tha,Total,2022,MPRT-TRD-VL,63012027.525,USD thousand,https://wits.worldbank.org/API/V1/SDMX/V21/datasource/tradestats-trade/reporter/usa/year/2022/partner/all/product/Total/indicator/MPRT-TRD-VL,2026-09-01T01:33:38Z
usa,idn,Total,2022,MPRT-TRD-VL,37263064.591,USD thousand,https://wits.worldbank.org/API/V1/SDMX/V21/datasource/tradestats-trade/reporter/usa/year/2022/partner/all/product/Total/indicator/MPRT-TRD-VL,2026-09-01T01:33:38Z
usa,mys,Total,2022,MPRT-TRD-VL,56896643.094,USD thousand,https://wits.worldbank.org/API/V1/SDMX/V21/datasource/tradestats-trade/reporter/usa/year/2022/partner/all/product/Total/indicator/MPRT-TRD-VL,2026-09-01T01:33:38Z
usa,bra,Total,2022,MPRT-TRD-VL,41370520.13,USD thousand,https://wits.worldbank.org/API/V1/SDMX/V21/datasource/tradestats-trade/reporter/usa/year/2022/partner/all/product/Total/indicator/MPRT-TRD-VL,2026-09-01T01:33:38Z
usa,can,Total,2022,MPRT-TRD-VL,446623933.605,USD thousand,https://wits.worldbank.org/API/V1/SDMX/V21/datasource/tradestats-trade/reporter/usa/year/2022/partner/all/product/Total/indicator/MPRT-TRD-VL,2026-09-01T01:33:38Z
usa,sgp,Total,2022,MPRT-TRD-VL,32140706.291,USD thousand,https://wits.worldbank.org/API/V1/SDMX/V21/datasource/tradestats-trade/reporter/usa/year/2022/partner/all/product/Total/indicator/MPRT-TRD-VL,2026-09-01T01:33:38Z
usa,che,Total,2022,MPRT-TRD-VL,60136429.976,USD thousand,https://wits.worldbank.org/API/V1/SDMX/V21/datasource/tradestats-trade/reporter/usa/year/2022/partner/all/product/Total/indicator/MPRT-TRD-VL,2026-09-01T01:33:38Z
usa,gbr,Total,2022,MPRT-TRD-VL,64745551.328,USD thousand,https://wits.worldbank.org/API/V1/SDMX/V21/datasource/tradestats-trade/reporter/usa/year/2022/partner/all/product/Total/indicator/MPRT-TRD-VL,2026-09-01T01:33:38Z
usa,wld,Total,2022,MPRT-TRD-VL,3372902165.775,USD thousand,https://wits.worldbank.org/API/V1/SDMX/V21/datasource/tradestats-trade/reporter/usa/year/2022/partner/all/product/Total/indicator/MPRT-TRD-VL,2026-09-01T01:33:38Z
usa,phl,Total,2022,MPRT-TRD-VL,16876576.518,USD thousand,https://wits.worldbank.org/API/V1/SDMX/V21/datasource/tradestats-trade/reporter/usa/year/2022/partner/phl/product/Total/indicator/MPRT-TRD-VL,2026-09-01T10:35:00Z
usa,twn,Total,2022,MPRT-TRD-VL,,,,NOT_RETURNED_BY_API
usa,ind,84-85_MachElec,2022,MPRT-TRD-VL,12482750,USD thousand,https://wits.worldbank.org/API/V1/SDMX/V21/datasource/tradestats-trade/reporter/usa/year/2022/partner/all/product/84-85_MachElec/indicator/MPRT-TRD-VL,2026-09-01T08:25:18Z
usa,vnm,84-85_MachElec,2022,MPRT-TRD-VL,59886650,USD thousand,https://wits.worldbank.org/API/V1/SDMX/V21/datasource/tradestats-trade/reporter/usa/year/2022/partner/all/product/84-85_MachElec/indicator/MPRT-TRD-VL,2026-09-01T08:25:18Z
usa,mex,84-85_MachElec,2022,MPRT-TRD-VL,166049770,USD thousand,https://wits.worldbank.org/API/V1/SDMX/V21/datasource/tradestats-trade/reporter/usa/year/2022/partner/all/product/84-85_MachElec/indicator/MPRT-TRD-VL,2026-09-01T08:25:18Z
usa,jpn,84-85_MachElec,2022,MPRT-TRD-VL,59848590,USD thousand,https://wits.worldbank.org/API/V1/SDMX/V21/datasource/tradestats-trade/reporter/usa/year/2022/partner/all/product/84-85_MachElec/indicator/MPRT-TRD-VL,2026-09-01T08:25:18Z
usa,kor,84-85_MachElec,2022,MPRT-TRD-VL,47140740,USD thousand,https://wits.worldbank.org/API/V1/SDMX/V21/datasource/tradestats-trade/reporter/usa/year/2022/partner/all/product/84-85_MachElec/indicator/MPRT-TRD-VL,2026-09-01T08:25:18Z
usa,deu,84-85_MachElec,2022,MPRT-TRD-VL,41180260,USD thousand,https://wits.worldbank.org/API/V1/SDMX/V21/datasource/tradestats-trade/reporter/usa/year/2022/partner/all/product/84-85_MachElec/indicator/MPRT-TRD-VL,2026-09-01T08:25:18Z
usa,tha,84-85_MachElec,2022,MPRT-TRD-VL,33074150,USD thousand,https://wits.worldbank.org/API/V1/SDMX/V21/datasource/tradestats-trade/reporter/usa/year/2022/partner/all/product/84-85_MachElec/indicator/MPRT-TRD-VL,2026-09-01T08:25:18Z
usa,idn,84-85_MachElec,2022,MPRT-TRD-VL,5977190,USD thousand,https://wits.worldbank.org/API/V1/SDMX/V21/datasource/tradestats-trade/reporter/usa/year/2022/partner/all/product/84-85_MachElec/indicator/MPRT-TRD-VL,2026-09-01T08:25:18Z
usa,mys,84-85_MachElec,2022,MPRT-TRD-VL,38891450,USD thousand,https://wits.worldbank.org/API/V1/SDMX/V21/datasource/tradestats-trade/reporter/usa/year/2022/partner/all/product/84-85_MachElec/indicator/MPRT-TRD-VL,2026-09-01T08:25:18Z
usa,bra,84-85_MachElec,2022,MPRT-TRD-VL,3701460,USD thousand,https://wits.worldbank.org/API/V1/SDMX/V21/datasource/tradestats-trade/reporter/usa/year/2022/partner/all/product/84-85_MachElec/indicator/MPRT-TRD-VL,2026-09-01T08:25:18Z
usa,can,84-85_MachElec,2022,MPRT-TRD-VL,36389020,USD thousand,https://wits.worldbank.org/API/V1/SDMX/V21/datasource/tradestats-trade/reporter/usa/year/2022/partner/all/product/84-85_MachElec/indicator/MPRT-TRD-VL,2026-09-01T08:25:18Z
usa,sgp,84-85_MachElec,2022,MPRT-TRD-VL,6965610,USD thousand,https://wits.worldbank.org/API/V1/SDMX/V21/datasource/tradestats-trade/reporter/usa/year/2022/partner/all/product/84-85_MachElec/indicator/MPRT-TRD-VL,2026-09-01T08:25:18Z
usa,che,84-85_MachElec,2022,MPRT-TRD-VL,5165520,USD thousand,https://wits.worldbank.org/API/V1/SDMX/V21/datasource/tradestats-trade/reporter/usa/year/2022/partner/all/product/84-85_MachElec/indicator/MPRT-TRD-VL,2026-09-01T08:25:18Z
usa,gbr,84-85_MachElec,2022,MPRT-TRD-VL,13784210,USD thousand,https://wits.worldbank.org/API/V1/SDMX/V21/datasource/tradestats-trade/reporter/usa/year/2022/partner/all/product/84-85_MachElec/indicator/MPRT-TRD-VL,2026-09-01T08:25:18Z
usa,phl,84-85_MachElec,2022,MPRT-TRD-VL,10613220,USD thousand,https://wits.worldbank.org/API/V1/SDMX/V21/datasource/tradestats-trade/reporter/usa/year/2022/partner/all/product/84-85_MachElec/indicator/MPRT-TRD-VL,2026-09-01T08:25:18Z
usa,wld,84-85_MachElec,2022,MPRT-TRD-VL,952749840,USD thousand,https://wits.worldbank.org/API/V1/SDMX/V21/datasource/tradestats-trade/reporter/usa/year/2022/partner/all/product/84-85_MachElec/indicator/MPRT-TRD-VL,2026-09-01T08:25:18Z
usa,ind,28-38_Chemicals,2022,MPRT-TRD-VL,16051650,USD thousand,https://wits.worldbank.org/API/V1/SDMX/V21/datasource/tradestats-trade/reporter/usa/year/2022/partner/all/product/28-38_Chemicals/indicator/MPRT-TRD-VL,2026-09-01T08:25:18Z
usa,vnm,28-38_Chemicals,2022,MPRT-TRD-VL,820540,USD thousand,https://wits.worldbank.org/API/V1/SDMX/V21/datasource/tradestats-trade/reporter/usa/year/2022/partner/all/product/28-38_Chemicals/indicator/MPRT-TRD-VL,2026-09-01T08:25:18Z
usa,mex,28-38_Chemicals,2022,MPRT-TRD-VL,6751560,USD thousand,https://wits.worldbank.org/API/V1/SDMX/V21/datasource/tradestats-trade/reporter/usa/year/2022/partner/all/product/28-38_Chemicals/indicator/MPRT-TRD-VL,2026-09-01T08:25:18Z
usa,jpn,28-38_Chemicals,2022,MPRT-TRD-VL,15600530,USD thousand,https://wits.worldbank.org/API/V1/SDMX/V21/datasource/tradestats-trade/reporter/usa/year/2022/partner/all/product/28-38_Chemicals/indicator/MPRT-TRD-VL,2026-09-01T08:25:18Z
usa,kor,28-38_Chemicals,2022,MPRT-TRD-VL,8864580,USD thousand,https://wits.worldbank.org/API/V1/SDMX/V21/datasource/tradestats-trade/reporter/usa/year/2022/partner/all/product/28-38_Chemicals/indicator/MPRT-TRD-VL,2026-09-01T08:25:18Z
usa,deu,28-38_Chemicals,2022,MPRT-TRD-VL,27576770,USD thousand,https://wits.worldbank.org/API/V1/SDMX/V21/datasource/tradestats-trade/reporter/usa/year/2022/partner/all/product/28-38_Chemicals/indicator/MPRT-TRD-VL,2026-09-01T08:25:18Z
usa,tha,28-38_Chemicals,2022,MPRT-TRD-VL,949050,USD thousand,https://wits.worldbank.org/API/V1/SDMX/V21/datasource/tradestats-trade/reporter/usa/year/2022/partner/all/product/28-38_Chemicals/indicator/MPRT-TRD-VL,2026-09-01T08:25:18Z
usa,idn,28-38_Chemicals,2022,MPRT-TRD-VL,771600,USD thousand,https://wits.worldbank.org/API/V1/SDMX/V21/datasource/tradestats-trade/reporter/usa/year/2022/partner/all/product/28-38_Chemicals/indicator/MPRT-TRD-VL,2026-09-01T08:25:18Z
usa,mys,28-38_Chemicals,2022,MPRT-TRD-VL,1297530,USD thousand,https://wits.worldbank.org/API/V1/SDMX/V21/datasource/tradestats-trade/reporter/usa/year/2022/partner/all/product/28-38_Chemicals/indicator/MPRT-TRD-VL,2026-09-01T08:25:18Z
usa,bra,28-38_Chemicals,2022,MPRT-TRD-VL,2634000,USD thousand,https://wits.worldbank.org/API/V1/SDMX/V21/datasource/tradestats-trade/reporter/usa/year/2022/partner/all/product/28-38_Chemicals/indicator/MPRT-TRD-VL,2026-09-01T08:25:18Z
usa,can,28-38_Chemicals,2022,MPRT-TRD-VL,26245440,USD thousand,https://wits.worldbank.org/API/V1/SDMX/V21/datasource/tradestats-trade/reporter/usa/year/2022/partner/all/product/28-38_Chemicals/indicator/MPRT-TRD-VL,2026-09-01T08:25:18Z
usa,sgp,28-38_Chemicals,2022,MPRT-TRD-VL,7102760,USD thousand,https://wits.worldbank.org/API/V1/SDMX/V21/datasource/tradestats-trade/reporter/usa/year/2022/partner/all/product/28-38_Chemicals/indicator/MPRT-TRD-VL,2026-09-01T08:25:18Z
usa,che,28-38_Chemicals,2022,MPRT-TRD-VL,21901420,USD thousand,https://wits.worldbank.org/API/V1/SDMX/V21/datasource/tradestats-trade/reporter/usa/year/2022/partner/all/product/28-38_Chemicals/indicator/MPRT-TRD-VL,2026-09-01T08:25:18Z
usa,gbr,28-38_Chemicals,2022,MPRT-TRD-VL,10076700,USD thousand,https://wits.worldbank.org/API/V1/SDMX/V21/datasource/tradestats-trade/reporter/usa/year/2022/partner/all/product/28-38_Chemicals/indicator/MPRT-TRD-VL,2026-09-01T08:25:18Z
usa,phl,28-38_Chemicals,2022,MPRT-TRD-VL,165340,USD thousand,https://wits.worldbank.org/API/V1/SDMX/V21/datasource/tradestats-trade/reporter/usa/year/2022/partner/all/product/28-38_Chemicals/indicator/MPRT-TRD-VL,2026-09-01T08:25:18Z
usa,wld,28-38_Chemicals,2022,MPRT-TRD-VL,331315660,USD thousand,https://wits.worldbank.org/API/V1/SDMX/V21/datasource/tradestats-trade/reporter/usa/year/2022/partner/all/product/28-38_Chemicals/indicator/MPRT-TRD-VL,2026-09-01T08:25:18Z
usa,ind,72-83_Metals,2022,MPRT-TRD-VL,7138183.50,USD thousand,https://wits.worldbank.org/API/V1/SDMX/V21/datasource/tradestats-trade/reporter/usa/year/2022/partner/all/product/72-83_Metals/indicator/MPRT-TRD-VL,2026-09-01T08:25:18Z
usa,vnm,72-83_Metals,2022,MPRT-TRD-VL,4356295.95,USD thousand,https://wits.worldbank.org/API/V1/SDMX/V21/datasource/tradestats-trade/reporter/usa/year/2022/partner/all/product/72-83_Metals/indicator/MPRT-TRD-VL,2026-09-01T08:25:18Z
usa,mex,72-83_Metals,2022,MPRT-TRD-VL,21773488.48,USD thousand,https://wits.worldbank.org/API/V1/SDMX/V21/datasource/tradestats-trade/reporter/usa/year/2022/partner/all/product/72-83_Metals/indicator/MPRT-TRD-VL,2026-09-01T08:25:18Z
usa,jpn,72-83_Metals,2022,MPRT-TRD-VL,5981800.21,USD thousand,https://wits.worldbank.org/API/V1/SDMX/V21/datasource/tradestats-trade/reporter/usa/year/2022/partner/all/product/72-83_Metals/indicator/MPRT-TRD-VL,2026-09-01T08:25:18Z
usa,kor,72-83_Metals,2022,MPRT-TRD-VL,9974832.17,USD thousand,https://wits.worldbank.org/API/V1/SDMX/V21/datasource/tradestats-trade/reporter/usa/year/2022/partner/all/product/72-83_Metals/indicator/MPRT-TRD-VL,2026-09-01T08:25:18Z
usa,deu,72-83_Metals,2022,MPRT-TRD-VL,7826342.04,USD thousand,https://wits.worldbank.org/API/V1/SDMX/V21/datasource/tradestats-trade/reporter/usa/year/2022/partner/all/product/72-83_Metals/indicator/MPRT-TRD-VL,2026-09-01T08:25:18Z
usa,tha,72-83_Metals,2022,MPRT-TRD-VL,3757206.49,USD thousand,https://wits.worldbank.org/API/V1/SDMX/V21/datasource/tradestats-trade/reporter/usa/year/2022/partner/all/product/72-83_Metals/indicator/MPRT-TRD-VL,2026-09-01T08:25:18Z
usa,idn,72-83_Metals,2022,MPRT-TRD-VL,898831.30,USD thousand,https://wits.worldbank.org/API/V1/SDMX/V21/datasource/tradestats-trade/reporter/usa/year/2022/partner/all/product/72-83_Metals/indicator/MPRT-TRD-VL,2026-09-01T08:25:18Z
usa,mys,72-83_Metals,2022,MPRT-TRD-VL,1445792.12,USD thousand,https://wits.worldbank.org/API/V1/SDMX/V21/datasource/tradestats-trade/reporter/usa/year/2022/partner/all/product/72-83_Metals/indicator/MPRT-TRD-VL,2026-09-01T08:25:18Z
usa,bra,72-83_Metals,2022,MPRT-TRD-VL,5739114.60,USD thousand,https://wits.worldbank.org/API/V1/SDMX/V21/datasource/tradestats-trade/reporter/usa/year/2022/partner/all/product/72-83_Metals/indicator/MPRT-TRD-VL,2026-09-01T08:25:18Z
usa,can,72-83_Metals,2022,MPRT-TRD-VL,37692520.67,USD thousand,https://wits.worldbank.org/API/V1/SDMX/V21/datasource/tradestats-trade/reporter/usa/year/2022/partner/all/product/72-83_Metals/indicator/MPRT-TRD-VL,2026-09-01T08:25:18Z
usa,sgp,72-83_Metals,2022,MPRT-TRD-VL,156567.73,USD thousand,https://wits.worldbank.org/API/V1/SDMX/V21/datasource/tradestats-trade/reporter/usa/year/2022/partner/all/product/72-83_Metals/indicator/MPRT-TRD-VL,2026-09-01T08:25:18Z
usa,che,72-83_Metals,2022,MPRT-TRD-VL,713451.76,USD thousand,https://wits.worldbank.org/API/V1/SDMX/V21/datasource/tradestats-trade/reporter/usa/year/2022/partner/all/product/72-83_Metals/indicator/MPRT-TRD-VL,2026-09-01T08:25:18Z
usa,gbr,72-83_Metals,2022,MPRT-TRD-VL,2522493.21,USD thousand,https://wits.worldbank.org/API/V1/SDMX/V21/datasource/tradestats-trade/reporter/usa/year/2022/partner/all/product/72-83_Metals/indicator/MPRT-TRD-VL,2026-09-01T08:25:18Z
usa,phl,72-83_Metals,2022,MPRT-TRD-VL,171171.97,USD thousand,https://wits.worldbank.org/API/V1/SDMX/V21/datasource/tradestats-trade/reporter/usa/year/2022/partner/all/product/72-83_Metals/indicator/MPRT-TRD-VL,2026-09-01T08:25:18Z
usa,wld,72-83_Metals,2022,MPRT-TRD-VL,202935205.79,USD thousand,https://wits.worldbank.org/API/V1/SDMX/V21/datasource/tradestats-trade/reporter/usa/year/2022/partner/all/product/72-83_Metals/indicator/MPRT-TRD-VL,2026-09-01T08:25:18Z
usa,ind,86-89_Transport,2022,MPRT-TRD-VL,3738552.198,USD thousand,https://wits.worldbank.org/API/V1/SDMX/V21/datasource/tradestats-trade/reporter/usa/year/2022/partner/all/product/86-89_Transport/indicator/MPRT-TRD-VL,2026-09-01T08:32:00Z
usa,vnm,86-89_Transport,2022,MPRT-TRD-VL,1389574.78,USD thousand,https://wits.worldbank.org/API/V1/SDMX/V21/datasource/tradestats-trade/reporter/usa/year/2022/partner/all/product/86-89_Transport/indicator/MPRT-TRD-VL,2026-09-01T08:32:00Z
usa,mex,86-89_Transport,2022,MPRT-TRD-VL,113901777.806,USD thousand,https://wits.worldbank.org/API/V1/SDMX/V21/datasource/tradestats-trade/reporter/usa/year/2022/partner/all/product/86-89_Transport/indicator/MPRT-TRD-VL,2026-09-01T08:32:00Z
usa,jpn,86-89_Transport,2022,MPRT-TRD-VL,46426874.881,USD thousand,https://wits.worldbank.org/API/V1/SDMX/V21/datasource/tradestats-trade/reporter/usa/year/2022/partner/all/product/86-89_Transport/indicator/MPRT-TRD-VL,2026-09-01T08:32:00Z
usa,kor,86-89_Transport,2022,MPRT-TRD-VL,30511972.644,USD thousand,https://wits.worldbank.org/API/V1/SDMX/V21/datasource/tradestats-trade/reporter/usa/year/2022/partner/all/product/86-89_Transport/indicator/MPRT-TRD-VL,2026-09-01T08:32:00Z
usa,deu,86-89_Transport,2022,MPRT-TRD-VL,30892365.578,USD thousand,https://wits.worldbank.org/API/V1/SDMX/V21/datasource/tradestats-trade/reporter/usa/year/2022/partner/all/product/86-89_Transport/indicator/MPRT-TRD-VL,2026-09-01T08:32:00Z
usa,tha,86-89_Transport,2022,MPRT-TRD-VL,2533967.269,USD thousand,https://wits.worldbank.org/API/V1/SDMX/V21/datasource/tradestats-trade/reporter/usa/year/2022/partner/all/product/86-89_Transport/indicator/MPRT-TRD-VL,2026-09-01T08:32:00Z
usa,idn,86-89_Transport,2022,MPRT-TRD-VL,502459.938,USD thousand,https://wits.worldbank.org/API/V1/SDMX/V21/datasource/tradestats-trade/reporter/usa/year/2022/partner/all/product/86-89_Transport/indicator/MPRT-TRD-VL,2026-09-01T08:32:00Z
usa,mys,86-89_Transport,2022,MPRT-TRD-VL,348638.186,USD thousand,https://wits.worldbank.org/API/V1/SDMX/V21/datasource/tradestats-trade/reporter/usa/year/2022/partner/all/product/86-89_Transport/indicator/MPRT-TRD-VL,2026-09-01T08:32:00Z
usa,bra,86-89_Transport,2022,MPRT-TRD-VL,2984543.335,USD thousand,https://wits.worldbank.org/API/V1/SDMX/V21/datasource/tradestats-trade/reporter/usa/year/2022/partner/all/product/86-89_Transport/indicator/MPRT-TRD-VL,2026-09-01T08:32:00Z
usa,can,86-89_Transport,2022,MPRT-TRD-VL,50874139.261,USD thousand,https://wits.worldbank.org/API/V1/SDMX/V21/datasource/tradestats-trade/reporter/usa/year/2022/partner/all/product/86-89_Transport/indicator/MPRT-TRD-VL,2026-09-01T08:32:00Z
usa,sgp,86-89_Transport,2022,MPRT-TRD-VL,613883.345,USD thousand,https://wits.worldbank.org/API/V1/SDMX/V21/datasource/tradestats-trade/reporter/usa/year/2022/partner/all/product/86-89_Transport/indicator/MPRT-TRD-VL,2026-09-01T08:32:00Z
usa,che,86-89_Transport,2022,MPRT-TRD-VL,751522.136,USD thousand,https://wits.worldbank.org/API/V1/SDMX/V21/datasource/tradestats-trade/reporter/usa/year/2022/partner/all/product/86-89_Transport/indicator/MPRT-TRD-VL,2026-09-01T08:32:00Z
usa,gbr,86-89_Transport,2022,MPRT-TRD-VL,10698627.716,USD thousand,https://wits.worldbank.org/API/V1/SDMX/V21/datasource/tradestats-trade/reporter/usa/year/2022/partner/all/product/86-89_Transport/indicator/MPRT-TRD-VL,2026-09-01T08:32:00Z
usa,phl,86-89_Transport,2022,MPRT-TRD-VL,138296.775,USD thousand,https://wits.worldbank.org/API/V1/SDMX/V21/datasource/tradestats-trade/reporter/usa/year/2022/partner/all/product/86-89_Transport/indicator/MPRT-TRD-VL,2026-09-01T08:32:00Z
usa,wld,86-89_Transport,2022,MPRT-TRD-VL,363962537.175,USD thousand,https://wits.worldbank.org/API/V1/SDMX/V21/datasource/tradestats-trade/reporter/usa/year/2022/partner/all/product/86-89_Transport/indicator/MPRT-TRD-VL,2026-09-01T08:32:00Z
ind,chn,Total,2022,MPRT-TRD-VL,102249179.657568,USD thousand,https://wits.worldbank.org/API/V1/SDMX/V21/datasource/tradestats-trade/reporter/ind/year/2022/partner/all/product/Total/indicator/MPRT-TRD-VL,2026-09-01T08:32:00Z
ind,usa,Total,2022,MPRT-TRD-VL,51772470.811623,USD thousand,https://wits.worldbank.org/API/V1/SDMX/V21/datasource/tradestats-trade/reporter/ind/year/2022/partner/all/product/Total/indicator/MPRT-TRD-VL,2026-09-01T08:32:00Z
ind,idn,Total,2022,MPRT-TRD-VL,28665340.561755,USD thousand,https://wits.worldbank.org/API/V1/SDMX/V21/datasource/tradestats-trade/reporter/ind/year/2022/partner/all/product/Total/indicator/MPRT-TRD-VL,2026-09-01T08:32:00Z
ind,sgp,Total,2022,MPRT-TRD-VL,24418725.272813,USD thousand,https://wits.worldbank.org/API/V1/SDMX/V21/datasource/tradestats-trade/reporter/ind/year/2022/partner/all/product/Total/indicator/MPRT-TRD-VL,2026-09-01T08:32:00Z
ind,jpn,Total,2022,MPRT-TRD-VL,15749465.833231,USD thousand,https://wits.worldbank.org/API/V1/SDMX/V21/datasource/tradestats-trade/reporter/ind/year/2022/partner/all/product/Total/indicator/MPRT-TRD-VL,2026-09-01T08:32:00Z
ind,kor,Total,2022,MPRT-TRD-VL,20723337.39859,USD thousand,https://wits.worldbank.org/API/V1/SDMX/V21/datasource/tradestats-trade/reporter/ind/year/2022/partner/all/product/Total/indicator/MPRT-TRD-VL,2026-09-01T08:32:00Z
ind,deu,Total,2022,MPRT-TRD-VL,13903417.440365,USD thousand,https://wits.worldbank.org/API/V1/SDMX/V21/datasource/tradestats-trade/reporter/ind/year/2022/partner/all/product/Total/indicator/MPRT-TRD-VL,2026-09-01T08:32:00Z
ind,mys,Total,2022,MPRT-TRD-VL,13542357.658234,USD thousand,https://wits.worldbank.org/API/V1/SDMX/V21/datasource/tradestats-trade/reporter/ind/year/2022/partner/all/product/Total/indicator/MPRT-TRD-VL,2026-09-01T08:32:00Z
ind,che,Total,2022,MPRT-TRD-VL,16302711.0227,USD thousand,https://wits.worldbank.org/API/V1/SDMX/V21/datasource/tradestats-trade/reporter/ind/year/2022/partner/all/product/Total/indicator/MPRT-TRD-VL,2026-09-01T08:32:00Z
ind,gbr,Total,2022,MPRT-TRD-VL,9622330.432202,USD thousand,https://wits.worldbank.org/API/V1/SDMX/V21/datasource/tradestats-trade/reporter/ind/year/2022/partner/all/product/Total/indicator/MPRT-TRD-VL,2026-09-01T08:32:00Z
ind,tha,Total,2022,MPRT-TRD-VL,11250487.387977,USD thousand,https://wits.worldbank.org/API/V1/SDMX/V21/datasource/tradestats-trade/reporter/ind/year/2022/partner/all/product/Total/indicator/MPRT-TRD-VL,2026-09-01T08:32:00Z
ind,bra,Total,2022,MPRT-TRD-VL,7116223.374617,USD thousand,https://wits.worldbank.org/API/V1/SDMX/V21/datasource/tradestats-trade/reporter/ind/year/2022/partner/all/product/Total/indicator/MPRT-TRD-VL,2026-09-01T08:32:00Z
ind,can,Total,2022,MPRT-TRD-VL,3906174.143153,USD thousand,https://wits.worldbank.org/API/V1/SDMX/V21/datasource/tradestats-trade/reporter/ind/year/2022/partner/all/product/Total/indicator/MPRT-TRD-VL,2026-09-01T08:32:00Z
ind,vnm,Total,2022,MPRT-TRD-VL,9004743.211768,USD thousand,https://wits.worldbank.org/API/V1/SDMX/V21/datasource/tradestats-trade/reporter/ind/year/2022/partner/all/product/Total/indicator/MPRT-TRD-VL,2026-09-01T08:32:00Z
ind,mex,Total,2022,MPRT-TRD-VL,4376981.795506,USD thousand,https://wits.worldbank.org/API/V1/SDMX/V21/datasource/tradestats-trade/reporter/ind/year/2022/partner/all/product/Total/indicator/MPRT-TRD-VL,2026-09-01T08:32:00Z
ind,phl,Total,2022,MPRT-TRD-VL,896445.937993,USD thousand,https://wits.worldbank.org/API/V1/SDMX/V21/datasource/tradestats-trade/reporter/ind/year/2022/partner/all/product/Total/indicator/MPRT-TRD-VL,2026-09-01T08:32:00Z
ind,wld,Total,2022,MPRT-TRD-VL,732565993.392928,USD thousand,https://wits.worldbank.org/API/V1/SDMX/V21/datasource/tradestats-trade/reporter/ind/year/2022/partner/all/product/Total/indicator/MPRT-TRD-VL,2026-09-01T08:32:00Z
ind,chn,84-85_MachElec,2022,MPRT-TRD-VL,52300976.942278,USD thousand,https://wits.worldbank.org/API/V1/SDMX/V21/datasource/tradestats-trade/reporter/ind/year/2022/partner/all/product/84-85_MachElec/indicator/MPRT-TRD-VL,2026-09-01T08:32:00Z
ind,usa,84-85_MachElec,2022,MPRT-TRD-VL,6097686.180704,USD thousand,https://wits.worldbank.org/API/V1/SDMX/V21/datasource/tradestats-trade/reporter/ind/year/2022/partner/all/product/84-85_MachElec/indicator/MPRT-TRD-VL,2026-09-01T08:32:00Z
ind,vnm,84-85_MachElec,2022,MPRT-TRD-VL,4298901.808161,USD thousand,https://wits.worldbank.org/API/V1/SDMX/V21/datasource/tradestats-trade/reporter/ind/year/2022/partner/all/product/84-85_MachElec/indicator/MPRT-TRD-VL,2026-09-01T08:32:00Z
ind,mex,84-85_MachElec,2022,MPRT-TRD-VL,383161.698585,USD thousand,https://wits.worldbank.org/API/V1/SDMX/V21/datasource/tradestats-trade/reporter/ind/year/2022/partner/all/product/84-85_MachElec/indicator/MPRT-TRD-VL,2026-09-01T08:32:00Z
ind,jpn,84-85_MachElec,2022,MPRT-TRD-VL,4343946.55655,USD thousand,https://wits.worldbank.org/API/V1/SDMX/V21/datasource/tradestats-trade/reporter/ind/year/2022/partner/all/product/84-85_MachElec/indicator/MPRT-TRD-VL,2026-09-01T08:32:00Z
ind,kor,84-85_MachElec,2022,MPRT-TRD-VL,6535032.791462,USD thousand,https://wits.worldbank.org/API/V1/SDMX/V21/datasource/tradestats-trade/reporter/ind/year/2022/partner/all/product/84-85_MachElec/indicator/MPRT-TRD-VL,2026-09-01T08:32:00Z
ind,deu,84-85_MachElec,2022,MPRT-TRD-VL,5967572.594895,USD thousand,https://wits.worldbank.org/API/V1/SDMX/V21/datasource/tradestats-trade/reporter/ind/year/2022/partner/all/product/84-85_MachElec/indicator/MPRT-TRD-VL,2026-09-01T08:32:00Z
ind,tha,84-85_MachElec,2022,MPRT-TRD-VL,2790967.0044,USD thousand,https://wits.worldbank.org/API/V1/SDMX/V21/datasource/tradestats-trade/reporter/ind/year/2022/partner/all/product/84-85_MachElec/indicator/MPRT-TRD-VL,2026-09-01T08:32:00Z
ind,idn,84-85_MachElec,2022,MPRT-TRD-VL,453439.285661,USD thousand,https://wits.worldbank.org/API/V1/SDMX/V21/datasource/tradestats-trade/reporter/ind/year/2022/partner/all/product/84-85_MachElec/indicator/MPRT-TRD-VL,2026-09-01T08:32:00Z
ind,mys,84-85_MachElec,2022,MPRT-TRD-VL,2139025.845694,USD thousand,https://wits.worldbank.org/API/V1/SDMX/V21/datasource/tradestats-trade/reporter/ind/year/2022/partner/all/product/84-85_MachElec/indicator/MPRT-TRD-VL,2026-09-01T08:32:00Z
ind,bra,84-85_MachElec,2022,MPRT-TRD-VL,162103.342908,USD thousand,https://wits.worldbank.org/API/V1/SDMX/V21/datasource/tradestats-trade/reporter/ind/year/2022/partner/all/product/84-85_MachElec/indicator/MPRT-TRD-VL,2026-09-01T08:32:00Z
ind,can,84-85_MachElec,2022,MPRT-TRD-VL,211922.250385,USD thousand,https://wits.worldbank.org/API/V1/SDMX/V21/datasource/tradestats-trade/reporter/ind/year/2022/partner/all/product/84-85_MachElec/indicator/MPRT-TRD-VL,2026-09-01T08:32:00Z
ind,sgp,84-85_MachElec,2022,MPRT-TRD-VL,7497597.885299,USD thousand,https://wits.worldbank.org/API/V1/SDMX/V21/datasource/tradestats-trade/reporter/ind/year/2022/partner/all/product/84-85_MachElec/indicator/MPRT-TRD-VL,2026-09-01T08:32:00Z
ind,che,84-85_MachElec,2022,MPRT-TRD-VL,559447.312468,USD thousand,https://wits.worldbank.org/API/V1/SDMX/V21/datasource/tradestats-trade/reporter/ind/year/2022/partner/all/product/84-85_MachElec/indicator/MPRT-TRD-VL,2026-09-01T08:32:00Z
ind,gbr,84-85_MachElec,2022,MPRT-TRD-VL,1612880.602647,USD thousand,https://wits.worldbank.org/API/V1/SDMX/V21/datasource/tradestats-trade/reporter/ind/year/2022/partner/all/product/84-85_MachElec/indicator/MPRT-TRD-VL,2026-09-01T08:32:00Z
ind,phl,84-85_MachElec,2022,MPRT-TRD-VL,396420.951973,USD thousand,https://wits.worldbank.org/API/V1/SDMX/V21/datasource/tradestats-trade/reporter/ind/year/2022/partner/all/product/84-85_MachElec/indicator/MPRT-TRD-VL,2026-09-01T08:32:00Z
ind,wld,84-85_MachElec,2022,MPRT-TRD-VL,124106668.472962,USD thousand,https://wits.worldbank.org/API/V1/SDMX/V21/datasource/tradestats-trade/reporter/ind/year/2022/partner/all/product/84-85_MachElec/indicator/MPRT-TRD-VL,2026-09-01T08:32:00Z
ind,chn,28-38_Chemicals,2022,MPRT-TRD-VL,20574007.18641,USD thousand,https://wits.worldbank.org/API/V1/SDMX/V21/datasource/tradestats-trade/reporter/ind/year/2022/partner/all/product/28-38_Chemicals/indicator/MPRT-TRD-VL,2026-09-01T08:40:00Z
ind,usa,28-38_Chemicals,2022,MPRT-TRD-VL,4745088.348904,USD thousand,https://wits.worldbank.org/API/V1/SDMX/V21/datasource/tradestats-trade/reporter/ind/year/2022/partner/all/product/28-38_Chemicals/indicator/MPRT-TRD-VL,2026-09-01T08:40:00Z
ind,jpn,28-38_Chemicals,2022,MPRT-TRD-VL,3511722.635964,USD thousand,https://wits.worldbank.org/API/V1/SDMX/V21/datasource/tradestats-trade/reporter/ind/year/2022/partner/all/product/28-38_Chemicals/indicator/MPRT-TRD-VL,2026-09-01T08:40:00Z
ind,kor,28-38_Chemicals,2022,MPRT-TRD-VL,2196140.182713,USD thousand,https://wits.worldbank.org/API/V1/SDMX/V21/datasource/tradestats-trade/reporter/ind/year/2022/partner/all/product/28-38_Chemicals/indicator/MPRT-TRD-VL,2026-09-01T08:40:00Z
ind,sgp,28-38_Chemicals,2022,MPRT-TRD-VL,2375088.105236,USD thousand,https://wits.worldbank.org/API/V1/SDMX/V21/datasource/tradestats-trade/reporter/ind/year/2022/partner/all/product/28-38_Chemicals/indicator/MPRT-TRD-VL,2026-09-01T08:40:00Z
ind,deu,28-38_Chemicals,2022,MPRT-TRD-VL,1489602.214043,USD thousand,https://wits.worldbank.org/API/V1/SDMX/V21/datasource/tradestats-trade/reporter/ind/year/2022/partner/all/product/28-38_Chemicals/indicator/MPRT-TRD-VL,2026-09-01T08:40:00Z
ind,idn,28-38_Chemicals,2022,MPRT-TRD-VL,1736004.406235,USD thousand,https://wits.worldbank.org/API/V1/SDMX/V21/datasource/tradestats-trade/reporter/ind/year/2022/partner/all/product/28-38_Chemicals/indicator/MPRT-TRD-VL,2026-09-01T08:40:00Z
ind,mys,28-38_Chemicals,2022,MPRT-TRD-VL,1422689.401303,USD thousand,https://wits.worldbank.org/API/V1/SDMX/V21/datasource/tradestats-trade/reporter/ind/year/2022/partner/all/product/28-38_Chemicals/indicator/MPRT-TRD-VL,2026-09-01T08:40:00Z
ind,tha,28-38_Chemicals,2022,MPRT-TRD-VL,1351195.106169,USD thousand,https://wits.worldbank.org/API/V1/SDMX/V21/datasource/tradestats-trade/reporter/ind/year/2022/partner/all/product/28-38_Chemicals/indicator/MPRT-TRD-VL,2026-09-01T08:40:00Z
ind,vnm,28-38_Chemicals,2022,MPRT-TRD-VL,1111527.753532,USD thousand,https://wits.worldbank.org/API/V1/SDMX/V21/datasource/tradestats-trade/reporter/ind/year/2022/partner/all/product/28-38_Chemicals/indicator/MPRT-TRD-VL,2026-09-01T08:40:00Z
ind,gbr,28-38_Chemicals,2022,MPRT-TRD-VL,724189.423201,USD thousand,https://wits.worldbank.org/API/V1/SDMX/V21/datasource/tradestats-trade/reporter/ind/year/2022/partner/all/product/28-38_Chemicals/indicator/MPRT-TRD-VL,2026-09-01T08:40:00Z
ind,can,28-38_Chemicals,2022,MPRT-TRD-VL,716027.026715,USD thousand,https://wits.worldbank.org/API/V1/SDMX/V21/datasource/tradestats-trade/reporter/ind/year/2022/partner/all/product/28-38_Chemicals/indicator/MPRT-TRD-VL,2026-09-01T08:40:00Z
ind,che,28-38_Chemicals,2022,MPRT-TRD-VL,623341.365697,USD thousand,https://wits.worldbank.org/API/V1/SDMX/V21/datasource/tradestats-trade/reporter/ind/year/2022/partner/all/product/28-38_Chemicals/indicator/MPRT-TRD-VL,2026-09-01T08:40:00Z
ind,bra,28-38_Chemicals,2022,MPRT-TRD-VL,272584.679211,USD thousand,https://wits.worldbank.org/API/V1/SDMX/V21/datasource/tradestats-trade/reporter/ind/year/2022/partner/all/product/28-38_Chemicals/indicator/MPRT-TRD-VL,2026-09-01T08:40:00Z
ind,mex,28-38_Chemicals,2022,MPRT-TRD-VL,228887.891222,USD thousand,https://wits.worldbank.org/API/V1/SDMX/V21/datasource/tradestats-trade/reporter/ind/year/2022/partner/all/product/28-38_Chemicals/indicator/MPRT-TRD-VL,2026-09-01T08:40:00Z
ind,phl,28-38_Chemicals,2022,MPRT-TRD-VL,172722.842452,USD thousand,https://wits.worldbank.org/API/V1/SDMX/V21/datasource/tradestats-trade/reporter/ind/year/2022/partner/all/product/28-38_Chemicals/indicator/MPRT-TRD-VL,2026-09-01T08:40:00Z
ind,wld,28-38_Chemicals,2022,MPRT-TRD-VL,75510114.246612,USD thousand,https://wits.worldbank.org/API/V1/SDMX/V21/datasource/tradestats-trade/reporter/ind/year/2022/partner/all/product/28-38_Chemicals/indicator/MPRT-TRD-VL,2026-09-01T08:40:00Z
ind,chn,72-83_Metals,2022,MPRT-TRD-VL,7283894.969129,USD thousand,https://wits.worldbank.org/API/V1/SDMX/V21/datasource/tradestats-trade/reporter/ind/year/2022/partner/all/product/72-83_Metals/indicator/MPRT-TRD-VL,2026-09-01T08:40:00Z
ind,usa,72-83_Metals,2022,MPRT-TRD-VL,3055740.301544,USD thousand,https://wits.worldbank.org/API/V1/SDMX/V21/datasource/tradestats-trade/reporter/ind/year/2022/partner/all/product/72-83_Metals/indicator/MPRT-TRD-VL,2026-09-01T08:40:00Z
ind,jpn,72-83_Metals,2022,MPRT-TRD-VL,3095430.561184,USD thousand,https://wits.worldbank.org/API/V1/SDMX/V21/datasource/tradestats-trade/reporter/ind/year/2022/partner/all/product/72-83_Metals/indicator/MPRT-TRD-VL,2026-09-01T08:40:00Z
ind,kor,72-83_Metals,2022,MPRT-TRD-VL,4361805.024783,USD thousand,https://wits.worldbank.org/API/V1/SDMX/V21/datasource/tradestats-trade/reporter/ind/year/2022/partner/all/product/72-83_Metals/indicator/MPRT-TRD-VL,2026-09-01T08:40:00Z
ind,deu,72-83_Metals,2022,MPRT-TRD-VL,1406943.095379,USD thousand,https://wits.worldbank.org/API/V1/SDMX/V21/datasource/tradestats-trade/reporter/ind/year/2022/partner/all/product/72-83_Metals/indicator/MPRT-TRD-VL,2026-09-01T08:40:00Z
ind,tha,72-83_Metals,2022,MPRT-TRD-VL,1198800.14209,USD thousand,https://wits.worldbank.org/API/V1/SDMX/V21/datasource/tradestats-trade/reporter/ind/year/2022/partner/all/product/72-83_Metals/indicator/MPRT-TRD-VL,2026-09-01T08:40:00Z
ind,idn,72-83_Metals,2022,MPRT-TRD-VL,2090277.630441,USD thousand,https://wits.worldbank.org/API/V1/SDMX/V21/datasource/tradestats-trade/reporter/ind/year/2022/partner/all/product/72-83_Metals/indicator/MPRT-TRD-VL,2026-09-01T08:40:00Z
ind,mys,72-83_Metals,2022,MPRT-TRD-VL,1256827.956307,USD thousand,https://wits.worldbank.org/API/V1/SDMX/V21/datasource/tradestats-trade/reporter/ind/year/2022/partner/all/product/72-83_Metals/indicator/MPRT-TRD-VL,2026-09-01T08:40:00Z
ind,bra,72-83_Metals,2022,MPRT-TRD-VL,162109.768873,USD thousand,https://wits.worldbank.org/API/V1/SDMX/V21/datasource/tradestats-trade/reporter/ind/year/2022/partner/all/product/72-83_Metals/indicator/MPRT-TRD-VL,2026-09-01T08:40:00Z
ind,can,72-83_Metals,2022,MPRT-TRD-VL,375060.672199,USD thousand,https://wits.worldbank.org/API/V1/SDMX/V21/datasource/tradestats-trade/reporter/ind/year/2022/partner/all/product/72-83_Metals/indicator/MPRT-TRD-VL,2026-09-01T08:40:00Z
ind,sgp,72-83_Metals,2022,MPRT-TRD-VL,1124255.165843,USD thousand,https://wits.worldbank.org/API/V1/SDMX/V21/datasource/tradestats-trade/reporter/ind/year/2022/partner/all/product/72-83_Metals/indicator/MPRT-TRD-VL,2026-09-01T08:40:00Z
ind,che,72-83_Metals,2022,MPRT-TRD-VL,139785.860403,USD thousand,https://wits.worldbank.org/API/V1/SDMX/V21/datasource/tradestats-trade/reporter/ind/year/2022/partner/all/product/72-83_Metals/indicator/MPRT-TRD-VL,2026-09-01T08:40:00Z
ind,gbr,72-83_Metals,2022,MPRT-TRD-VL,1435788.481488,USD thousand,https://wits.worldbank.org/API/V1/SDMX/V21/datasource/tradestats-trade/reporter/ind/year/2022/partner/all/product/72-83_Metals/indicator/MPRT-TRD-VL,2026-09-01T08:40:00Z
ind,phl,72-83_Metals,2022,MPRT-TRD-VL,70008.713553,USD thousand,https://wits.worldbank.org/API/V1/SDMX/V21/datasource/tradestats-trade/reporter/ind/year/2022/partner/all/product/72-83_Metals/indicator/MPRT-TRD-VL,2026-09-01T08:40:00Z
ind,vnm,72-83_Metals,2022,MPRT-TRD-VL,1178975.96303,USD thousand,https://wits.worldbank.org/API/V1/SDMX/V21/datasource/tradestats-trade/reporter/ind/year/2022/partner/all/product/72-83_Metals/indicator/MPRT-TRD-VL,2026-09-01T08:40:00Z
ind,mex,72-83_Metals,2022,MPRT-TRD-VL,,,,NOT_RETURNED_BY_API
ind,wld,72-83_Metals,2022,MPRT-TRD-VL,43074933.655621,USD thousand,https://wits.worldbank.org/API/V1/SDMX/V21/datasource/tradestats-trade/reporter/ind/year/2022/partner/all/product/72-83_Metals/indicator/MPRT-TRD-VL,2026-09-01T08:40:00Z
ind,chn,86-89_Transport,2022,MPRT-TRD-VL,2082448.947409,USD thousand,https://wits.worldbank.org/API/V1/SDMX/V21/datasource/tradestats-trade/reporter/ind/year/2022/partner/all/product/86-89_Transport/indicator/MPRT-TRD-VL,2026-09-01T08:40:00Z
ind,usa,86-89_Transport,2022,MPRT-TRD-VL,976331.696244,USD thousand,https://wits.worldbank.org/API/V1/SDMX/V21/datasource/tradestats-trade/reporter/ind/year/2022/partner/all/product/86-89_Transport/indicator/MPRT-TRD-VL,2026-09-01T08:40:00Z
ind,jpn,86-89_Transport,2022,MPRT-TRD-VL,985379.36016,USD thousand,https://wits.worldbank.org/API/V1/SDMX/V21/datasource/tradestats-trade/reporter/ind/year/2022/partner/all/product/86-89_Transport/indicator/MPRT-TRD-VL,2026-09-01T08:40:00Z
ind,kor,86-89_Transport,2022,MPRT-TRD-VL,2158806.634639,USD thousand,https://wits.worldbank.org/API/V1/SDMX/V21/datasource/tradestats-trade/reporter/ind/year/2022/partner/all/product/86-89_Transport/indicator/MPRT-TRD-VL,2026-09-01T08:40:00Z
ind,deu,86-89_Transport,2022,MPRT-TRD-VL,1126181.3816,USD thousand,https://wits.worldbank.org/API/V1/SDMX/V21/datasource/tradestats-trade/reporter/ind/year/2022/partner/all/product/86-89_Transport/indicator/MPRT-TRD-VL,2026-09-01T08:40:00Z
ind,tha,86-89_Transport,2022,MPRT-TRD-VL,471359.628779,USD thousand,https://wits.worldbank.org/API/V1/SDMX/V21/datasource/tradestats-trade/reporter/ind/year/2022/partner/all/product/86-89_Transport/indicator/MPRT-TRD-VL,2026-09-01T08:40:00Z
ind,idn,86-89_Transport,2022,MPRT-TRD-VL,286268.995417,USD thousand,https://wits.worldbank.org/API/V1/SDMX/V21/datasource/tradestats-trade/reporter/ind/year/2022/partner/all/product/86-89_Transport/indicator/MPRT-TRD-VL,2026-09-01T08:40:00Z
ind,mys,86-89_Transport,2022,MPRT-TRD-VL,317927.736336,USD thousand,https://wits.worldbank.org/API/V1/SDMX/V21/datasource/tradestats-trade/reporter/ind/year/2022/partner/all/product/86-89_Transport/indicator/MPRT-TRD-VL,2026-09-01T08:40:00Z
ind,bra,86-89_Transport,2022,MPRT-TRD-VL,33336.820518,USD thousand,https://wits.worldbank.org/API/V1/SDMX/V21/datasource/tradestats-trade/reporter/ind/year/2022/partner/all/product/86-89_Transport/indicator/MPRT-TRD-VL,2026-09-01T08:40:00Z
ind,can,86-89_Transport,2022,MPRT-TRD-VL,161769.27068,USD thousand,https://wits.worldbank.org/API/V1/SDMX/V21/datasource/tradestats-trade/reporter/ind/year/2022/partner/all/product/86-89_Transport/indicator/MPRT-TRD-VL,2026-09-01T08:40:00Z
ind,sgp,86-89_Transport,2022,MPRT-TRD-VL,3236709.240968,USD thousand,https://wits.worldbank.org/API/V1/SDMX/V21/datasource/tradestats-trade/reporter/ind/year/2022/partner/all/product/86-89_Transport/indicator/MPRT-TRD-VL,2026-09-01T08:40:00Z
ind,che,86-89_Transport,2022,MPRT-TRD-VL,3226.900662,USD thousand,https://wits.worldbank.org/API/V1/SDMX/V21/datasource/tradestats-trade/reporter/ind/year/2022/partner/all/product/86-89_Transport/indicator/MPRT-TRD-VL,2026-09-01T08:40:00Z
ind,gbr,86-89_Transport,2022,MPRT-TRD-VL,190831.90776,USD thousand,https://wits.worldbank.org/API/V1/SDMX/V21/datasource/tradestats-trade/reporter/ind/year/2022/partner/all/product/86-89_Transport/indicator/MPRT-TRD-VL,2026-09-01T08:40:00Z
ind,phl,86-89_Transport,2022,MPRT-TRD-VL,26203.766051,USD thousand,https://wits.worldbank.org/API/V1/SDMX/V21/datasource/tradestats-trade/reporter/ind/year/2022/partner/all/product/86-89_Transport/indicator/MPRT-TRD-VL,2026-09-01T08:40:00Z
ind,vnm,86-89_Transport,2022,MPRT-TRD-VL,86569.881192,USD thousand,https://wits.worldbank.org/API/V1/SDMX/V21/datasource/tradestats-trade/reporter/ind/year/2022/partner/all/product/86-89_Transport/indicator/MPRT-TRD-VL,2026-09-01T08:40:00Z
ind,mex,86-89_Transport,2022,MPRT-TRD-VL,56798.106534,USD thousand,https://wits.worldbank.org/API/V1/SDMX/V21/datasource/tradestats-trade/reporter/ind/year/2022/partner/all/product/86-89_Transport/indicator/MPRT-TRD-VL,2026-09-01T08:40:00Z
ind,wld,86-89_Transport,2022,MPRT-TRD-VL,18202296.7149,USD thousand,https://wits.worldbank.org/API/V1/SDMX/V21/datasource/tradestats-trade/reporter/ind/year/2022/partner/all/product/86-89_Transport/indicator/MPRT-TRD-VL,2026-09-01T08:40:00Z
chn,usa,Total,2022,MPRT-TRD-VL,178956829.551,USD thousand,https://wits.worldbank.org/API/V1/SDMX/V21/datasource/tradestats-trade/reporter/chn/year/2022/partner/all/product/Total/indicator/MPRT-TRD-VL,2026-09-01T08:48:00Z
chn,ind,Total,2022,MPRT-TRD-VL,17482816.906,USD thousand,https://wits.worldbank.org/API/V1/SDMX/V21/datasource/tradestats-trade/reporter/chn/year/2022/partner/all/product/Total/indicator/MPRT-TRD-VL,2026-09-01T08:48:00Z
chn,vnm,Total,2022,MPRT-TRD-VL,87960625.997,USD thousand,https://wits.worldbank.org/API/V1/SDMX/V21/datasource/tradestats-trade/reporter/chn/year/2022/partner/all/product/Total/indicator/MPRT-TRD-VL,2026-09-01T08:48:00Z
chn,mex,Total,2022,MPRT-TRD-VL,17429580.385,USD thousand,https://wits.worldbank.org/API/V1/SDMX/V21/datasource/tradestats-trade/reporter/chn/year/2022/partner/all/product/Total/indicator/MPRT-TRD-VL,2026-09-01T08:48:00Z
chn,jpn,Total,2022,MPRT-TRD-VL,184496994.754,USD thousand,https://wits.worldbank.org/API/V1/SDMX/V21/datasource/tradestats-trade/reporter/chn/year/2022/partner/all/product/Total/indicator/MPRT-TRD-VL,2026-09-01T08:48:00Z
chn,kor,Total,2022,MPRT-TRD-VL,199667117.88,USD thousand,https://wits.worldbank.org/API/V1/SDMX/V21/datasource/tradestats-trade/reporter/chn/year/2022/partner/all/product/Total/indicator/MPRT-TRD-VL,2026-09-01T08:48:00Z
chn,deu,Total,2022,MPRT-TRD-VL,111397908.371,USD thousand,https://wits.worldbank.org/API/V1/SDMX/V21/datasource/tradestats-trade/reporter/chn/year/2022/partner/all/product/Total/indicator/MPRT-TRD-VL,2026-09-01T08:48:00Z
chn,tha,Total,2022,MPRT-TRD-VL,56517648.875,USD thousand,https://wits.worldbank.org/API/V1/SDMX/V21/datasource/tradestats-trade/reporter/chn/year/2022/partner/all/product/Total/indicator/MPRT-TRD-VL,2026-09-01T08:48:00Z
chn,idn,Total,2022,MPRT-TRD-VL,77770058.058,USD thousand,https://wits.worldbank.org/API/V1/SDMX/V21/datasource/tradestats-trade/reporter/chn/year/2022/partner/all/product/Total/indicator/MPRT-TRD-VL,2026-09-01T08:48:00Z
chn,mys,Total,2022,MPRT-TRD-VL,109878979.893,USD thousand,https://wits.worldbank.org/API/V1/SDMX/V21/datasource/tradestats-trade/reporter/chn/year/2022/partner/all/product/Total/indicator/MPRT-TRD-VL,2026-09-01T08:48:00Z
chn,bra,Total,2022,MPRT-TRD-VL,109522043.335,USD thousand,https://wits.worldbank.org/API/V1/SDMX/V21/datasource/tradestats-trade/reporter/chn/year/2022/partner/all/product/Total/indicator/MPRT-TRD-VL,2026-09-01T08:48:00Z
chn,can,Total,2022,MPRT-TRD-VL,42383256.533,USD thousand,https://wits.worldbank.org/API/V1/SDMX/V21/datasource/tradestats-trade/reporter/chn/year/2022/partner/all/product/Total/indicator/MPRT-TRD-VL,2026-09-01T08:48:00Z
chn,sgp,Total,2022,MPRT-TRD-VL,33958352.676,USD thousand,https://wits.worldbank.org/API/V1/SDMX/V21/datasource/tradestats-trade/reporter/chn/year/2022/partner/all/product/Total/indicator/MPRT-TRD-VL,2026-09-01T08:48:00Z
chn,che,Total,2022,MPRT-TRD-VL,49907977.086,USD thousand,https://wits.worldbank.org/API/V1/SDMX/V21/datasource/tradestats-trade/reporter/chn/year/2022/partner/all/product/Total/indicator/MPRT-TRD-VL,2026-09-01T08:48:00Z
chn,gbr,Total,2022,MPRT-TRD-VL,21822456.855,USD thousand,https://wits.worldbank.org/API/V1/SDMX/V21/datasource/tradestats-trade/reporter/chn/year/2022/partner/all/product/Total/indicator/MPRT-TRD-VL,2026-09-01T08:48:00Z
chn,phl,Total,2022,MPRT-TRD-VL,23046246.017,USD thousand,https://wits.worldbank.org/API/V1/SDMX/V21/datasource/tradestats-trade/reporter/chn/year/2022/partner/all/product/Total/indicator/MPRT-TRD-VL,2026-09-01T08:48:00Z
chn,wld,Total,2022,MPRT-TRD-VL,2715997517.261,USD thousand,https://wits.worldbank.org/API/V1/SDMX/V21/datasource/tradestats-trade/reporter/chn/year/2022/partner/all/product/Total/indicator/MPRT-TRD-VL,2026-09-01T08:48:00Z
chn,usa,84-85_MachElec,2022,MPRT-TRD-VL,37924118.477,USD thousand,https://wits.worldbank.org/API/V1/SDMX/V21/datasource/tradestats-trade/reporter/chn/year/2022/partner/all/product/84-85_MachElec/indicator/MPRT-TRD-VL,2026-09-01T08:48:00Z
chn,ind,84-85_MachElec,2022,MPRT-TRD-VL,2120194.582,USD thousand,https://wits.worldbank.org/API/V1/SDMX/V21/datasource/tradestats-trade/reporter/chn/year/2022/partner/all/product/84-85_MachElec/indicator/MPRT-TRD-VL,2026-09-01T08:48:00Z
chn,vnm,84-85_MachElec,2022,MPRT-TRD-VL,60549354.806,USD thousand,https://wits.worldbank.org/API/V1/SDMX/V21/datasource/tradestats-trade/reporter/chn/year/2022/partner/all/product/84-85_MachElec/indicator/MPRT-TRD-VL,2026-09-01T08:48:00Z
chn,mex,84-85_MachElec,2022,MPRT-TRD-VL,7189601.397,USD thousand,https://wits.worldbank.org/API/V1/SDMX/V21/datasource/tradestats-trade/reporter/chn/year/2022/partner/all/product/84-85_MachElec/indicator/MPRT-TRD-VL,2026-09-01T08:48:00Z
chn,jpn,84-85_MachElec,2022,MPRT-TRD-VL,86780220.124,USD thousand,https://wits.worldbank.org/API/V1/SDMX/V21/datasource/tradestats-trade/reporter/chn/year/2022/partner/all/product/84-85_MachElec/indicator/MPRT-TRD-VL,2026-09-01T08:48:00Z
chn,kor,84-85_MachElec,2022,MPRT-TRD-VL,131046559.177,USD thousand,https://wits.worldbank.org/API/V1/SDMX/V21/datasource/tradestats-trade/reporter/chn/year/2022/partner/all/product/84-85_MachElec/indicator/MPRT-TRD-VL,2026-09-01T08:48:00Z
chn,deu,84-85_MachElec,2022,MPRT-TRD-VL,36608984.272,USD thousand,https://wits.worldbank.org/API/V1/SDMX/V21/datasource/tradestats-trade/reporter/chn/year/2022/partner/all/product/84-85_MachElec/indicator/MPRT-TRD-VL,2026-09-01T08:48:00Z
chn,tha,84-85_MachElec,2022,MPRT-TRD-VL,22538876.149,USD thousand,https://wits.worldbank.org/API/V1/SDMX/V21/datasource/tradestats-trade/reporter/chn/year/2022/partner/all/product/84-85_MachElec/indicator/MPRT-TRD-VL,2026-09-01T08:48:00Z
chn,idn,84-85_MachElec,2022,MPRT-TRD-VL,1967171.915,USD thousand,https://wits.worldbank.org/API/V1/SDMX/V21/datasource/tradestats-trade/reporter/chn/year/2022/partner/all/product/84-85_MachElec/indicator/MPRT-TRD-VL,2026-09-01T08:48:00Z
chn,mys,84-85_MachElec,2022,MPRT-TRD-VL,48344291.315,USD thousand,https://wits.worldbank.org/API/V1/SDMX/V21/datasource/tradestats-trade/reporter/chn/year/2022/partner/all/product/84-85_MachElec/indicator/MPRT-TRD-VL,2026-09-01T08:48:00Z
chn,bra,84-85_MachElec,2022,MPRT-TRD-VL,893724.285,USD thousand,https://wits.worldbank.org/API/V1/SDMX/V21/datasource/tradestats-trade/reporter/chn/year/2022/partner/all/product/84-85_MachElec/indicator/MPRT-TRD-VL,2026-09-01T08:48:00Z
chn,can,84-85_MachElec,2022,MPRT-TRD-VL,1234758.122,USD thousand,https://wits.worldbank.org/API/V1/SDMX/V21/datasource/tradestats-trade/reporter/chn/year/2022/partner/all/product/84-85_MachElec/indicator/MPRT-TRD-VL,2026-09-01T08:48:00Z
chn,sgp,84-85_MachElec,2022,MPRT-TRD-VL,16279893.366,USD thousand,https://wits.worldbank.org/API/V1/SDMX/V21/datasource/tradestats-trade/reporter/chn/year/2022/partner/all/product/84-85_MachElec/indicator/MPRT-TRD-VL,2026-09-01T08:48:00Z
chn,che,84-85_MachElec,2022,MPRT-TRD-VL,3979235.287,USD thousand,https://wits.worldbank.org/API/V1/SDMX/V21/datasource/tradestats-trade/reporter/chn/year/2022/partner/all/product/84-85_MachElec/indicator/MPRT-TRD-VL,2026-09-01T08:48:00Z
chn,gbr,84-85_MachElec,2022,MPRT-TRD-VL,3900072.152,USD thousand,https://wits.worldbank.org/API/V1/SDMX/V21/datasource/tradestats-trade/reporter/chn/year/2022/partner/all/product/84-85_MachElec/indicator/MPRT-TRD-VL,2026-09-01T08:48:00Z
chn,phl,84-85_MachElec,2022,MPRT-TRD-VL,15772035.217,USD thousand,https://wits.worldbank.org/API/V1/SDMX/V21/datasource/tradestats-trade/reporter/chn/year/2022/partner/all/product/84-85_MachElec/indicator/MPRT-TRD-VL,2026-09-01T08:48:00Z
chn,wld,84-85_MachElec,2022,MPRT-TRD-VL,846788114.571,USD thousand,https://wits.worldbank.org/API/V1/SDMX/V21/datasource/tradestats-trade/reporter/chn/year/2022/partner/all/product/84-85_MachElec/indicator/MPRT-TRD-VL,2026-09-01T08:48:00Z
chn,usa,28-38_Chemicals,2022,MPRT-TRD-VL,22444108.039,USD thousand,https://wits.worldbank.org/API/V1/SDMX/V21/datasource/tradestats-trade/reporter/chn/year/2022/partner/all/product/28-38_Chemicals/indicator/MPRT-TRD-VL,2026-09-01T08:48:00Z
chn,ind,28-38_Chemicals,2022,MPRT-TRD-VL,2770697.673,USD thousand,https://wits.worldbank.org/API/V1/SDMX/V21/datasource/tradestats-trade/reporter/chn/year/2022/partner/all/product/28-38_Chemicals/indicator/MPRT-TRD-VL,2026-09-01T08:48:00Z
chn,vnm,28-38_Chemicals,2022,MPRT-TRD-VL,1299989.81,USD thousand,https://wits.worldbank.org/API/V1/SDMX/V21/datasource/tradestats-trade/reporter/chn/year/2022/partner/all/product/28-38_Chemicals/indicator/MPRT-TRD-VL,2026-09-01T08:48:00Z
chn,mex,28-38_Chemicals,2022,MPRT-TRD-VL,283777.374,USD thousand,https://wits.worldbank.org/API/V1/SDMX/V21/datasource/tradestats-trade/reporter/chn/year/2022/partner/all/product/28-38_Chemicals/indicator/MPRT-TRD-VL,2026-09-01T08:48:00Z
chn,jpn,28-38_Chemicals,2022,MPRT-TRD-VL,23904431.417,USD thousand,https://wits.worldbank.org/API/V1/SDMX/V21/datasource/tradestats-trade/reporter/chn/year/2022/partner/all/product/28-38_Chemicals/indicator/MPRT-TRD-VL,2026-09-01T08:48:00Z
chn,kor,28-38_Chemicals,2022,MPRT-TRD-VL,24741962.581,USD thousand,https://wits.worldbank.org/API/V1/SDMX/V21/datasource/tradestats-trade/reporter/chn/year/2022/partner/all/product/28-38_Chemicals/indicator/MPRT-TRD-VL,2026-09-01T08:48:00Z
chn,deu,28-38_Chemicals,2022,MPRT-TRD-VL,15160909.535,USD thousand,https://wits.worldbank.org/API/V1/SDMX/V21/datasource/tradestats-trade/reporter/chn/year/2022/partner/all/product/28-38_Chemicals/indicator/MPRT-TRD-VL,2026-09-01T08:48:00Z
chn,tha,28-38_Chemicals,2022,MPRT-TRD-VL,2451524.129,USD thousand,https://wits.worldbank.org/API/V1/SDMX/V21/datasource/tradestats-trade/reporter/chn/year/2022/partner/all/product/28-38_Chemicals/indicator/MPRT-TRD-VL,2026-09-01T08:48:00Z
chn,idn,28-38_Chemicals,2022,MPRT-TRD-VL,1884541.221,USD thousand,https://wits.worldbank.org/API/V1/SDMX/V21/datasource/tradestats-trade/reporter/chn/year/2022/partner/all/product/28-38_Chemicals/indicator/MPRT-TRD-VL,2026-09-01T08:48:00Z
chn,mys,28-38_Chemicals,2022,MPRT-TRD-VL,3076021.121,USD thousand,https://wits.worldbank.org/API/V1/SDMX/V21/datasource/tradestats-trade/reporter/chn/year/2022/partner/all/product/28-38_Chemicals/indicator/MPRT-TRD-VL,2026-09-01T08:48:00Z
chn,bra,28-38_Chemicals,2022,MPRT-TRD-VL,364526.537,USD thousand,https://wits.worldbank.org/API/V1/SDMX/V21/datasource/tradestats-trade/reporter/chn/year/2022/partner/all/product/28-38_Chemicals/indicator/MPRT-TRD-VL,2026-09-01T08:48:00Z
chn,can,28-38_Chemicals,2022,MPRT-TRD-VL,2899791.963,USD thousand,https://wits.worldbank.org/API/V1/SDMX/V21/datasource/tradestats-trade/reporter/chn/year/2022/partner/all/product/28-38_Chemicals/indicator/MPRT-TRD-VL,2026-09-01T08:48:00Z
chn,sgp,28-38_Chemicals,2022,MPRT-TRD-VL,4333322.595,USD thousand,https://wits.worldbank.org/API/V1/SDMX/V21/datasource/tradestats-trade/reporter/chn/year/2022/partner/all/product/28-38_Chemicals/indicator/MPRT-TRD-VL,2026-09-01T08:48:00Z
chn,che,28-38_Chemicals,2022,MPRT-TRD-VL,3749408.923,USD thousand,https://wits.worldbank.org/API/V1/SDMX/V21/datasource/tradestats-trade/reporter/chn/year/2022/partner/all/product/28-38_Chemicals/indicator/MPRT-TRD-VL,2026-09-01T08:48:00Z
chn,gbr,28-38_Chemicals,2022,MPRT-TRD-VL,4101747.444,USD thousand,https://wits.worldbank.org/API/V1/SDMX/V21/datasource/tradestats-trade/reporter/chn/year/2022/partner/all/product/28-38_Chemicals/indicator/MPRT-TRD-VL,2026-09-01T08:48:00Z
chn,phl,28-38_Chemicals,2022,MPRT-TRD-VL,362322.193,USD thousand,https://wits.worldbank.org/API/V1/SDMX/V21/datasource/tradestats-trade/reporter/chn/year/2022/partner/all/product/28-38_Chemicals/indicator/MPRT-TRD-VL,2026-09-01T08:48:00Z
chn,wld,28-38_Chemicals,2022,MPRT-TRD-VL,188834718.111,USD thousand,https://wits.worldbank.org/API/V1/SDMX/V21/datasource/tradestats-trade/reporter/chn/year/2022/partner/all/product/28-38_Chemicals/indicator/MPRT-TRD-VL,2026-09-01T08:48:00Z
chn,usa,72-83_Metals,2022,MPRT-TRD-VL,6212831.025,USD thousand,https://wits.worldbank.org/API/V1/SDMX/V21/datasource/tradestats-trade/reporter/chn/year/2022/partner/all/product/72-83_Metals/indicator/MPRT-TRD-VL,2026-09-01T08:52:00Z
chn,ind,72-83_Metals,2022,MPRT-TRD-VL,1744656.115,USD thousand,https://wits.worldbank.org/API/V1/SDMX/V21/datasource/tradestats-trade/reporter/chn/year/2022/partner/all/product/72-83_Metals/indicator/MPRT-TRD-VL,2026-09-01T08:52:00Z
chn,vnm,72-83_Metals,2022,MPRT-TRD-VL,854188.422,USD thousand,https://wits.worldbank.org/API/V1/SDMX/V21/datasource/tradestats-trade/reporter/chn/year/2022/partner/all/product/72-83_Metals/indicator/MPRT-TRD-VL,2026-09-01T08:52:00Z
chn,mex,72-83_Metals,2022,MPRT-TRD-VL,640085.952,USD thousand,https://wits.worldbank.org/API/V1/SDMX/V21/datasource/tradestats-trade/reporter/chn/year/2022/partner/all/product/72-83_Metals/indicator/MPRT-TRD-VL,2026-09-01T08:52:00Z
chn,jpn,72-83_Metals,2022,MPRT-TRD-VL,16484591.318,USD thousand,https://wits.worldbank.org/API/V1/SDMX/V21/datasource/tradestats-trade/reporter/chn/year/2022/partner/all/product/72-83_Metals/indicator/MPRT-TRD-VL,2026-09-01T08:52:00Z
chn,kor,72-83_Metals,2022,MPRT-TRD-VL,10611224.456,USD thousand,https://wits.worldbank.org/API/V1/SDMX/V21/datasource/tradestats-trade/reporter/chn/year/2022/partner/all/product/72-83_Metals/indicator/MPRT-TRD-VL,2026-09-01T08:52:00Z
chn,deu,72-83_Metals,2022,MPRT-TRD-VL,4912330.285,USD thousand,https://wits.worldbank.org/API/V1/SDMX/V21/datasource/tradestats-trade/reporter/chn/year/2022/partner/all/product/72-83_Metals/indicator/MPRT-TRD-VL,2026-09-01T08:52:00Z
chn,tha,72-83_Metals,2022,MPRT-TRD-VL,2599430.621,USD thousand,https://wits.worldbank.org/API/V1/SDMX/V21/datasource/tradestats-trade/reporter/chn/year/2022/partner/all/product/72-83_Metals/indicator/MPRT-TRD-VL,2026-09-01T08:52:00Z
chn,idn,72-83_Metals,2022,MPRT-TRD-VL,25755250.638,USD thousand,https://wits.worldbank.org/API/V1/SDMX/V21/datasource/tradestats-trade/reporter/chn/year/2022/partner/all/product/72-83_Metals/indicator/MPRT-TRD-VL,2026-09-01T08:52:00Z
chn,mys,72-83_Metals,2022,MPRT-TRD-VL,5384717.697,USD thousand,https://wits.worldbank.org/API/V1/SDMX/V21/datasource/tradestats-trade/reporter/chn/year/2022/partner/all/product/72-83_Metals/indicator/MPRT-TRD-VL,2026-09-01T08:52:00Z
chn,bra,72-83_Metals,2022,MPRT-TRD-VL,1912579.533,USD thousand,https://wits.worldbank.org/API/V1/SDMX/V21/datasource/tradestats-trade/reporter/chn/year/2022/partner/all/product/72-83_Metals/indicator/MPRT-TRD-VL,2026-09-01T08:52:00Z
chn,can,72-83_Metals,2022,MPRT-TRD-VL,1130476.874,USD thousand,https://wits.worldbank.org/API/V1/SDMX/V21/datasource/tradestats-trade/reporter/chn/year/2022/partner/all/product/72-83_Metals/indicator/MPRT-TRD-VL,2026-09-01T08:52:00Z
chn,sgp,72-83_Metals,2022,MPRT-TRD-VL,319457.761,USD thousand,https://wits.worldbank.org/API/V1/SDMX/V21/datasource/tradestats-trade/reporter/chn/year/2022/partner/all/product/72-83_Metals/indicator/MPRT-TRD-VL,2026-09-01T08:52:00Z
chn,che,72-83_Metals,2022,MPRT-TRD-VL,343681.983,USD thousand,https://wits.worldbank.org/API/V1/SDMX/V21/datasource/tradestats-trade/reporter/chn/year/2022/partner/all/product/72-83_Metals/indicator/MPRT-TRD-VL,2026-09-01T08:52:00Z
chn,gbr,72-83_Metals,2022,MPRT-TRD-VL,1634998.029,USD thousand,https://wits.worldbank.org/API/V1/SDMX/V21/datasource/tradestats-trade/reporter/chn/year/2022/partner/all/product/72-83_Metals/indicator/MPRT-TRD-VL,2026-09-01T08:52:00Z
chn,phl,72-83_Metals,2022,MPRT-TRD-VL,1206994.511,USD thousand,https://wits.worldbank.org/API/V1/SDMX/V21/datasource/tradestats-trade/reporter/chn/year/2022/partner/all/product/72-83_Metals/indicator/MPRT-TRD-VL,2026-09-01T08:52:00Z
chn,wld,72-83_Metals,2022,MPRT-TRD-VL,160421260.032,USD thousand,https://wits.worldbank.org/API/V1/SDMX/V21/datasource/tradestats-trade/reporter/chn/year/2022/partner/all/product/72-83_Metals/indicator/MPRT-TRD-VL,2026-09-01T08:52:00Z
chn,usa,86-89_Transport,2022,MPRT-TRD-VL,15327780.591,USD thousand,https://wits.worldbank.org/API/V1/SDMX/V21/datasource/tradestats-trade/reporter/chn/year/2022/partner/all/product/86-89_Transport/indicator/MPRT-TRD-VL,2026-09-01T08:52:00Z
chn,jpn,86-89_Transport,2022,MPRT-TRD-VL,15701800.127,USD thousand,https://wits.worldbank.org/API/V1/SDMX/V21/datasource/tradestats-trade/reporter/chn/year/2022/partner/all/product/86-89_Transport/indicator/MPRT-TRD-VL,2026-09-01T08:52:00Z
chn,deu,86-89_Transport,2022,MPRT-TRD-VL,29082435.526,USD thousand,https://wits.worldbank.org/API/V1/SDMX/V21/datasource/tradestats-trade/reporter/chn/year/2022/partner/all/product/86-89_Transport/indicator/MPRT-TRD-VL,2026-09-01T08:52:00Z
chn,kor,86-89_Transport,2022,MPRT-TRD-VL,1385054.162,USD thousand,https://wits.worldbank.org/API/V1/SDMX/V21/datasource/tradestats-trade/reporter/chn/year/2022/partner/all/product/86-89_Transport/indicator/MPRT-TRD-VL,2026-09-01T08:52:00Z
chn,tha,86-89_Transport,2022,MPRT-TRD-VL,1497975.584,USD thousand,https://wits.worldbank.org/API/V1/SDMX/V21/datasource/tradestats-trade/reporter/chn/year/2022/partner/all/product/86-89_Transport/indicator/MPRT-TRD-VL,2026-09-01T08:52:00Z
chn,idn,86-89_Transport,2022,MPRT-TRD-VL,292147.606,USD thousand,https://wits.worldbank.org/API/V1/SDMX/V21/datasource/tradestats-trade/reporter/chn/year/2022/partner/all/product/86-89_Transport/indicator/MPRT-TRD-VL,2026-09-01T08:52:00Z
chn,mys,86-89_Transport,2022,MPRT-TRD-VL,131000.706,USD thousand,https://wits.worldbank.org/API/V1/SDMX/V21/datasource/tradestats-trade/reporter/chn/year/2022/partner/all/product/86-89_Transport/indicator/MPRT-TRD-VL,2026-09-01T08:52:00Z
chn,can,86-89_Transport,2022,MPRT-TRD-VL,485019.373,USD thousand,https://wits.worldbank.org/API/V1/SDMX/V21/datasource/tradestats-trade/reporter/chn/year/2022/partner/all/product/86-89_Transport/indicator/MPRT-TRD-VL,2026-09-01T08:52:00Z
chn,sgp,86-89_Transport,2022,MPRT-TRD-VL,682996.177,USD thousand,https://wits.worldbank.org/API/V1/SDMX/V21/datasource/tradestats-trade/reporter/chn/year/2022/partner/all/product/86-89_Transport/indicator/MPRT-TRD-VL,2026-09-01T08:52:00Z
chn,che,86-89_Transport,2022,MPRT-TRD-VL,115230.98,USD thousand,https://wits.worldbank.org/API/V1/SDMX/V21/datasource/tradestats-trade/reporter/chn/year/2022/partner/all/product/86-89_Transport/indicator/MPRT-TRD-VL,2026-09-01T08:52:00Z
chn,gbr,86-89_Transport,2022,MPRT-TRD-VL,4739901.984,USD thousand,https://wits.worldbank.org/API/V1/SDMX/V21/datasource/tradestats-trade/reporter/chn/year/2022/partner/all/product/86-89_Transport/indicator/MPRT-TRD-VL,2026-09-01T08:52:00Z
chn,phl,86-89_Transport,2022,MPRT-TRD-VL,60337.226,USD thousand,https://wits.worldbank.org/API/V1/SDMX/V21/datasource/tradestats-trade/reporter/chn/year/2022/partner/all/product/86-89_Transport/indicator/MPRT-TRD-VL,2026-09-01T08:52:00Z
chn,vnm,86-89_Transport,2022,MPRT-TRD-VL,454616.253,USD thousand,https://wits.worldbank.org/API/V1/SDMX/V21/datasource/tradestats-trade/reporter/chn/year/2022/partner/all/product/86-89_Transport/indicator/MPRT-TRD-VL,2026-09-01T08:52:00Z
chn,mex,86-89_Transport,2022,MPRT-TRD-VL,1450873.987,USD thousand,https://wits.worldbank.org/API/V1/SDMX/V21/datasource/tradestats-trade/reporter/chn/year/2022/partner/all/product/86-89_Transport/indicator/MPRT-TRD-VL,2026-09-01T08:52:00Z
chn,bra,86-89_Transport,2022,MPRT-TRD-VL,19757.501,USD thousand,https://wits.worldbank.org/API/V1/SDMX/V21/datasource/tradestats-trade/reporter/chn/year/2022/partner/all/product/86-89_Transport/indicator/MPRT-TRD-VL,2026-09-01T08:52:00Z
chn,ind,86-89_Transport,2022,MPRT-TRD-VL,200017.839,USD thousand,https://wits.worldbank.org/API/V1/SDMX/V21/datasource/tradestats-trade/reporter/chn/year/2022/partner/all/product/86-89_Transport/indicator/MPRT-TRD-VL,2026-09-01T08:52:00Z
chn,wld,86-89_Transport,2022,MPRT-TRD-VL,93932817.402,USD thousand,https://wits.worldbank.org/API/V1/SDMX/V21/datasource/tradestats-trade/reporter/chn/year/2022/partner/all/product/86-89_Transport/indicator/MPRT-TRD-VL,2026-09-01T08:52:00Z
jpn,chn,Total,2022,MPRT-TRD-VL,188857701.313612,USD thousand,https://wits.worldbank.org/API/V1/SDMX/V21/datasource/tradestats-trade/reporter/jpn/year/2022/partner/all/product/Total/indicator/MPRT-TRD-VL,2026-09-01T08:52:00Z
jpn,usa,Total,2022,MPRT-TRD-VL,90685327.8893826,USD thousand,https://wits.worldbank.org/API/V1/SDMX/V21/datasource/tradestats-trade/reporter/jpn/year/2022/partner/all/product/Total/indicator/MPRT-TRD-VL,2026-09-01T08:52:00Z
jpn,ind,Total,2022,MPRT-TRD-VL,6483174.47050207,USD thousand,https://wits.worldbank.org/API/V1/SDMX/V21/datasource/tradestats-trade/reporter/jpn/year/2022/partner/all/product/Total/indicator/MPRT-TRD-VL,2026-09-01T08:52:00Z
jpn,vnm,Total,2022,MPRT-TRD-VL,26426846.8138578,USD thousand,https://wits.worldbank.org/API/V1/SDMX/V21/datasource/tradestats-trade/reporter/jpn/year/2022/partner/all/product/Total/indicator/MPRT-TRD-VL,2026-09-01T08:52:00Z
jpn,mex,Total,2022,MPRT-TRD-VL,6403855.75476918,USD thousand,https://wits.worldbank.org/API/V1/SDMX/V21/datasource/tradestats-trade/reporter/jpn/year/2022/partner/all/product/Total/indicator/MPRT-TRD-VL,2026-09-01T08:52:00Z
jpn,kor,Total,2022,MPRT-TRD-VL,33575407.1713966,USD thousand,https://wits.worldbank.org/API/V1/SDMX/V21/datasource/tradestats-trade/reporter/jpn/year/2022/partner/all/product/Total/indicator/MPRT-TRD-VL,2026-09-01T08:52:00Z
jpn,deu,Total,2022,MPRT-TRD-VL,22705757.5757827,USD thousand,https://wits.worldbank.org/API/V1/SDMX/V21/datasource/tradestats-trade/reporter/jpn/year/2022/partner/all/product/Total/indicator/MPRT-TRD-VL,2026-09-01T08:52:00Z
jpn,tha,Total,2022,MPRT-TRD-VL,26616900.810121,USD thousand,https://wits.worldbank.org/API/V1/SDMX/V21/datasource/tradestats-trade/reporter/jpn/year/2022/partner/all/product/Total/indicator/MPRT-TRD-VL,2026-09-01T08:52:00Z
jpn,idn,Total,2022,MPRT-TRD-VL,28717383.783023,USD thousand,https://wits.worldbank.org/API/V1/SDMX/V21/datasource/tradestats-trade/reporter/jpn/year/2022/partner/all/product/Total/indicator/MPRT-TRD-VL,2026-09-01T08:52:00Z
jpn,mys,Total,2022,MPRT-TRD-VL,26092974.971582,USD thousand,https://wits.worldbank.org/API/V1/SDMX/V21/datasource/tradestats-trade/reporter/jpn/year/2022/partner/all/product/Total/indicator/MPRT-TRD-VL,2026-09-01T08:52:00Z
jpn,bra,Total,2022,MPRT-TRD-VL,11091422.8833778,USD thousand,https://wits.worldbank.org/API/V1/SDMX/V21/datasource/tradestats-trade/reporter/jpn/year/2022/partner/all/product/Total/indicator/MPRT-TRD-VL,2026-09-01T08:52:00Z
jpn,can,Total,2022,MPRT-TRD-VL,16590418.6889656,USD thousand,https://wits.worldbank.org/API/V1/SDMX/V21/datasource/tradestats-trade/reporter/jpn/year/2022/partner/all/product/Total/indicator/MPRT-TRD-VL,2026-09-01T08:52:00Z
jpn,sgp,Total,2022,MPRT-TRD-VL,9821018.60716378,USD thousand,https://wits.worldbank.org/API/V1/SDMX/V21/datasource/tradestats-trade/reporter/jpn/year/2022/partner/all/product/Total/indicator/MPRT-TRD-VL,2026-09-01T08:52:00Z
jpn,che,Total,2022,MPRT-TRD-VL,7900726.39634888,USD thousand,https://wits.worldbank.org/API/V1/SDMX/V21/datasource/tradestats-trade/reporter/jpn/year/2022/partner/all/product/Total/indicator/MPRT-TRD-VL,2026-09-01T08:52:00Z
jpn,gbr,Total,2022,MPRT-TRD-VL,6859495.3069497,USD thousand,https://wits.worldbank.org/API/V1/SDMX/V21/datasource/tradestats-trade/reporter/jpn/year/2022/partner/all/product/Total/indicator/MPRT-TRD-VL,2026-09-01T08:52:00Z
jpn,phl,Total,2022,MPRT-TRD-VL,10860593.8709265,USD thousand,https://wits.worldbank.org/API/V1/SDMX/V21/datasource/tradestats-trade/reporter/jpn/year/2022/partner/all/product/Total/indicator/MPRT-TRD-VL,2026-09-01T08:52:00Z
jpn,wld,Total,2022,MPRT-TRD-VL,898599893.774247,USD thousand,https://wits.worldbank.org/API/V1/SDMX/V21/datasource/tradestats-trade/reporter/jpn/year/2022/partner/all/product/Total/indicator/MPRT-TRD-VL,2026-09-01T08:52:00Z
jpn,chn,84-85_MachElec,2022,MPRT-TRD-VL,87255705.9334983,USD thousand,https://wits.worldbank.org/API/V1/SDMX/V21/datasource/tradestats-trade/reporter/jpn/year/2022/partner/all/product/84-85_MachElec/indicator/MPRT-TRD-VL,2026-09-01T09:00:00Z
jpn,usa,84-85_MachElec,2022,MPRT-TRD-VL,16633444.6038224,USD thousand,https://wits.worldbank.org/API/V1/SDMX/V21/datasource/tradestats-trade/reporter/jpn/year/2022/partner/all/product/84-85_MachElec/indicator/MPRT-TRD-VL,2026-09-01T09:00:00Z
jpn,ind,84-85_MachElec,2022,MPRT-TRD-VL,1022073.14617641,USD thousand,https://wits.worldbank.org/API/V1/SDMX/V21/datasource/tradestats-trade/reporter/jpn/year/2022/partner/all/product/84-85_MachElec/indicator/MPRT-TRD-VL,2026-09-01T09:00:00Z
jpn,vnm,84-85_MachElec,2022,MPRT-TRD-VL,8218160.48586087,USD thousand,https://wits.worldbank.org/API/V1/SDMX/V21/datasource/tradestats-trade/reporter/jpn/year/2022/partner/all/product/84-85_MachElec/indicator/MPRT-TRD-VL,2026-09-01T09:00:00Z
jpn,mex,84-85_MachElec,2022,MPRT-TRD-VL,1675622.09819466,USD thousand,https://wits.worldbank.org/API/V1/SDMX/V21/datasource/tradestats-trade/reporter/jpn/year/2022/partner/all/product/84-85_MachElec/indicator/MPRT-TRD-VL,2026-09-01T09:00:00Z
jpn,kor,84-85_MachElec,2022,MPRT-TRD-VL,8376489.22095732,USD thousand,https://wits.worldbank.org/API/V1/SDMX/V21/datasource/tradestats-trade/reporter/jpn/year/2022/partner/all/product/84-85_MachElec/indicator/MPRT-TRD-VL,2026-09-01T09:00:00Z
jpn,deu,84-85_MachElec,2022,MPRT-TRD-VL,4780214.92968399,USD thousand,https://wits.worldbank.org/API/V1/SDMX/V21/datasource/tradestats-trade/reporter/jpn/year/2022/partner/all/product/84-85_MachElec/indicator/MPRT-TRD-VL,2026-09-01T09:00:00Z
jpn,tha,84-85_MachElec,2022,MPRT-TRD-VL,9605948.63828343,USD thousand,https://wits.worldbank.org/API/V1/SDMX/V21/datasource/tradestats-trade/reporter/jpn/year/2022/partner/all/product/84-85_MachElec/indicator/MPRT-TRD-VL,2026-09-01T09:00:00Z
jpn,idn,84-85_MachElec,2022,MPRT-TRD-VL,2612381.04483354,USD thousand,https://wits.worldbank.org/API/V1/SDMX/V21/datasource/tradestats-trade/reporter/jpn/year/2022/partner/all/product/84-85_MachElec/indicator/MPRT-TRD-VL,2026-09-01T09:00:00Z
jpn,mys,84-85_MachElec,2022,MPRT-TRD-VL,6217633.53118359,USD thousand,https://wits.worldbank.org/API/V1/SDMX/V21/datasource/tradestats-trade/reporter/jpn/year/2022/partner/all/product/84-85_MachElec/indicator/MPRT-TRD-VL,2026-09-01T09:00:00Z
jpn,bra,84-85_MachElec,2022,MPRT-TRD-VL,125954.05032108,USD thousand,https://wits.worldbank.org/API/V1/SDMX/V21/datasource/tradestats-trade/reporter/jpn/year/2022/partner/all/product/84-85_MachElec/indicator/MPRT-TRD-VL,2026-09-01T09:00:00Z
jpn,can,84-85_MachElec,2022,MPRT-TRD-VL,540987.01454463,USD thousand,https://wits.worldbank.org/API/V1/SDMX/V21/datasource/tradestats-trade/reporter/jpn/year/2022/partner/all/product/84-85_MachElec/indicator/MPRT-TRD-VL,2026-09-01T09:00:00Z
jpn,sgp,84-85_MachElec,2022,MPRT-TRD-VL,3612174.12770466,USD thousand,https://wits.worldbank.org/API/V1/SDMX/V21/datasource/tradestats-trade/reporter/jpn/year/2022/partner/all/product/84-85_MachElec/indicator/MPRT-TRD-VL,2026-09-01T09:00:00Z
jpn,che,84-85_MachElec,2022,MPRT-TRD-VL,703700.97499191,USD thousand,https://wits.worldbank.org/API/V1/SDMX/V21/datasource/tradestats-trade/reporter/jpn/year/2022/partner/all/product/84-85_MachElec/indicator/MPRT-TRD-VL,2026-09-01T09:00:00Z
jpn,gbr,84-85_MachElec,2022,MPRT-TRD-VL,1930503.01643322,USD thousand,https://wits.worldbank.org/API/V1/SDMX/V21/datasource/tradestats-trade/reporter/jpn/year/2022/partner/all/product/84-85_MachElec/indicator/MPRT-TRD-VL,2026-09-01T09:00:00Z
jpn,phl,84-85_MachElec,2022,MPRT-TRD-VL,4932832.50437775,USD thousand,https://wits.worldbank.org/API/V1/SDMX/V21/datasource/tradestats-trade/reporter/jpn/year/2022/partner/all/product/84-85_MachElec/indicator/MPRT-TRD-VL,2026-09-01T09:00:00Z
jpn,wld,84-85_MachElec,2022,MPRT-TRD-VL,191878494.833852,USD thousand,https://wits.worldbank.org/API/V1/SDMX/V21/datasource/tradestats-trade/reporter/jpn/year/2022/partner/all/product/84-85_MachElec/indicator/MPRT-TRD-VL,2026-09-01T09:00:00Z
jpn,chn,28-38_Chemicals,2022,MPRT-TRD-VL,14383375.9164808,USD thousand,https://wits.worldbank.org/API/V1/SDMX/V21/datasource/tradestats-trade/reporter/jpn/year/2022/partner/all/product/28-38_Chemicals/indicator/MPRT-TRD-VL,2026-09-01T09:00:00Z
jpn,usa,28-38_Chemicals,2022,MPRT-TRD-VL,17368609.1861003,USD thousand,https://wits.worldbank.org/API/V1/SDMX/V21/datasource/tradestats-trade/reporter/jpn/year/2022/partner/all/product/28-38_Chemicals/indicator/MPRT-TRD-VL,2026-09-01T09:00:00Z
jpn,ind,28-38_Chemicals,2022,MPRT-TRD-VL,1489336.70261538,USD thousand,https://wits.worldbank.org/API/V1/SDMX/V21/datasource/tradestats-trade/reporter/jpn/year/2022/partner/all/product/28-38_Chemicals/indicator/MPRT-TRD-VL,2026-09-01T09:00:00Z
jpn,vnm,28-38_Chemicals,2022,MPRT-TRD-VL,881891.55677568,USD thousand,https://wits.worldbank.org/API/V1/SDMX/V21/datasource/tradestats-trade/reporter/jpn/year/2022/partner/all/product/28-38_Chemicals/indicator/MPRT-TRD-VL,2026-09-01T09:00:00Z
jpn,mex,28-38_Chemicals,2022,MPRT-TRD-VL,226453.73400882,USD thousand,https://wits.worldbank.org/API/V1/SDMX/V21/datasource/tradestats-trade/reporter/jpn/year/2022/partner/all/product/28-38_Chemicals/indicator/MPRT-TRD-VL,2026-09-01T09:00:00Z
jpn,kor,28-38_Chemicals,2022,MPRT-TRD-VL,4501530.59585508,USD thousand,https://wits.worldbank.org/API/V1/SDMX/V21/datasource/tradestats-trade/reporter/jpn/year/2022/partner/all/product/28-38_Chemicals/indicator/MPRT-TRD-VL,2026-09-01T09:00:00Z
jpn,deu,28-38_Chemicals,2022,MPRT-TRD-VL,7148960.99436837,USD thousand,https://wits.worldbank.org/API/V1/SDMX/V21/datasource/tradestats-trade/reporter/jpn/year/2022/partner/all/product/28-38_Chemicals/indicator/MPRT-TRD-VL,2026-09-01T09:00:00Z
jpn,tha,28-38_Chemicals,2022,MPRT-TRD-VL,1777060.84455735,USD thousand,https://wits.worldbank.org/API/V1/SDMX/V21/datasource/tradestats-trade/reporter/jpn/year/2022/partner/all/product/28-38_Chemicals/indicator/MPRT-TRD-VL,2026-09-01T09:00:00Z
jpn,idn,28-38_Chemicals,2022,MPRT-TRD-VL,997550.88394497,USD thousand,https://wits.worldbank.org/API/V1/SDMX/V21/datasource/tradestats-trade/reporter/jpn/year/2022/partner/all/product/28-38_Chemicals/indicator/MPRT-TRD-VL,2026-09-01T09:00:00Z
jpn,mys,28-38_Chemicals,2022,MPRT-TRD-VL,869430.07302414,USD thousand,https://wits.worldbank.org/API/V1/SDMX/V21/datasource/tradestats-trade/reporter/jpn/year/2022/partner/all/product/28-38_Chemicals/indicator/MPRT-TRD-VL,2026-09-01T09:00:00Z
jpn,bra,28-38_Chemicals,2022,MPRT-TRD-VL,433947.81656511,USD thousand,https://wits.worldbank.org/API/V1/SDMX/V21/datasource/tradestats-trade/reporter/jpn/year/2022/partner/all/product/28-38_Chemicals/indicator/MPRT-TRD-VL,2026-09-01T09:00:00Z
jpn,can,28-38_Chemicals,2022,MPRT-TRD-VL,1338099.51241068,USD thousand,https://wits.worldbank.org/API/V1/SDMX/V21/datasource/tradestats-trade/reporter/jpn/year/2022/partner/all/product/28-38_Chemicals/indicator/MPRT-TRD-VL,2026-09-01T09:00:00Z
jpn,sgp,28-38_Chemicals,2022,MPRT-TRD-VL,1653593.32360485,USD thousand,https://wits.worldbank.org/API/V1/SDMX/V21/datasource/tradestats-trade/reporter/jpn/year/2022/partner/all/product/28-38_Chemicals/indicator/MPRT-TRD-VL,2026-09-01T09:00:00Z
jpn,che,28-38_Chemicals,2022,MPRT-TRD-VL,3413635.80644859,USD thousand,https://wits.worldbank.org/API/V1/SDMX/V21/datasource/tradestats-trade/reporter/jpn/year/2022/partner/all/product/28-38_Chemicals/indicator/MPRT-TRD-VL,2026-09-01T09:00:00Z
jpn,gbr,28-38_Chemicals,2022,MPRT-TRD-VL,1321696.40652342,USD thousand,https://wits.worldbank.org/API/V1/SDMX/V21/datasource/tradestats-trade/reporter/jpn/year/2022/partner/all/product/28-38_Chemicals/indicator/MPRT-TRD-VL,2026-09-01T09:00:00Z
jpn,phl,28-38_Chemicals,2022,MPRT-TRD-VL,197408.23687539,USD thousand,https://wits.worldbank.org/API/V1/SDMX/V21/datasource/tradestats-trade/reporter/jpn/year/2022/partner/all/product/28-38_Chemicals/indicator/MPRT-TRD-VL,2026-09-01T09:00:00Z
jpn,wld,28-38_Chemicals,2022,MPRT-TRD-VL,85403245.3562412,USD thousand,https://wits.worldbank.org/API/V1/SDMX/V21/datasource/tradestats-trade/reporter/jpn/year/2022/partner/all/product/28-38_Chemicals/indicator/MPRT-TRD-VL,2026-09-01T09:00:00Z
jpn,chn,72-83_Metals,2022,MPRT-TRD-VL,11691659.7146179,USD thousand,https://wits.worldbank.org/API/V1/SDMX/V21/datasource/tradestats-trade/reporter/jpn/year/2022/partner/all/product/72-83_Metals/indicator/MPRT-TRD-VL,2026-09-01T09:00:00Z
jpn,usa,72-83_Metals,2022,MPRT-TRD-VL,1480180.45179528,USD thousand,https://wits.worldbank.org/API/V1/SDMX/V21/datasource/tradestats-trade/reporter/jpn/year/2022/partner/all/product/72-83_Metals/indicator/MPRT-TRD-VL,2026-09-01T09:00:00Z
jpn,ind,72-83_Metals,2022,MPRT-TRD-VL,810474.66352305,USD thousand,https://wits.worldbank.org/API/V1/SDMX/V21/datasource/tradestats-trade/reporter/jpn/year/2022/partner/all/product/72-83_Metals/indicator/MPRT-TRD-VL,2026-09-01T09:00:00Z
jpn,vnm,72-83_Metals,2022,MPRT-TRD-VL,1230437.29423674,USD thousand,https://wits.worldbank.org/API/V1/SDMX/V21/datasource/tradestats-trade/reporter/jpn/year/2022/partner/all/product/72-83_Metals/indicator/MPRT-TRD-VL,2026-09-01T09:00:00Z
jpn,mex,72-83_Metals,2022,MPRT-TRD-VL,114300.91257186,USD thousand,https://wits.worldbank.org/API/V1/SDMX/V21/datasource/tradestats-trade/reporter/jpn/year/2022/partner/all/product/72-83_Metals/indicator/MPRT-TRD-VL,2026-09-01T09:00:00Z
jpn,kor,72-83_Metals,2022,MPRT-TRD-VL,4738365.33560151,USD thousand,https://wits.worldbank.org/API/V1/SDMX/V21/datasource/tradestats-trade/reporter/jpn/year/2022/partner/all/product/72-83_Metals/indicator/MPRT-TRD-VL,2026-09-01T09:00:00Z
jpn,deu,72-83_Metals,2022,MPRT-TRD-VL,641997.89935911,USD thousand,https://wits.worldbank.org/API/V1/SDMX/V21/datasource/tradestats-trade/reporter/jpn/year/2022/partner/all/product/72-83_Metals/indicator/MPRT-TRD-VL,2026-09-01T09:00:00Z
jpn,tha,72-83_Metals,2022,MPRT-TRD-VL,1774670.7347997,USD thousand,https://wits.worldbank.org/API/V1/SDMX/V21/datasource/tradestats-trade/reporter/jpn/year/2022/partner/all/product/72-83_Metals/indicator/MPRT-TRD-VL,2026-09-01T09:00:00Z
jpn,idn,72-83_Metals,2022,MPRT-TRD-VL,1843667.87529102,USD thousand,https://wits.worldbank.org/API/V1/SDMX/V21/datasource/tradestats-trade/reporter/jpn/year/2022/partner/all/product/72-83_Metals/indicator/MPRT-TRD-VL,2026-09-01T09:00:00Z
jpn,mys,72-83_Metals,2022,MPRT-TRD-VL,1178360.06540121,USD thousand,https://wits.worldbank.org/API/V1/SDMX/V21/datasource/tradestats-trade/reporter/jpn/year/2022/partner/all/product/72-83_Metals/indicator/MPRT-TRD-VL,2026-09-01T09:00:00Z
jpn,bra,72-83_Metals,2022,MPRT-TRD-VL,776838.04459854,USD thousand,https://wits.worldbank.org/API/V1/SDMX/V21/datasource/tradestats-trade/reporter/jpn/year/2022/partner/all/product/72-83_Metals/indicator/MPRT-TRD-VL,2026-09-01T09:00:00Z
jpn,can,72-83_Metals,2022,MPRT-TRD-VL,387559.04819232,USD thousand,https://wits.worldbank.org/API/V1/SDMX/V21/datasource/tradestats-trade/reporter/jpn/year/2022/partner/all/product/72-83_Metals/indicator/MPRT-TRD-VL,2026-09-01T09:00:00Z
jpn,sgp,72-83_Metals,2022,MPRT-TRD-VL,190926.69298302,USD thousand,https://wits.worldbank.org/API/V1/SDMX/V21/datasource/tradestats-trade/reporter/jpn/year/2022/partner/all/product/72-83_Metals/indicator/MPRT-TRD-VL,2026-09-01T09:00:00Z
jpn,che,72-83_Metals,2022,MPRT-TRD-VL,85108.15100388,USD thousand,https://wits.worldbank.org/API/V1/SDMX/V21/datasource/tradestats-trade/reporter/jpn/year/2022/partner/all/product/72-83_Metals/indicator/MPRT-TRD-VL,2026-09-01T09:00:00Z
jpn,gbr,72-83_Metals,2022,MPRT-TRD-VL,369774.09771936,USD thousand,https://wits.worldbank.org/API/V1/SDMX/V21/datasource/tradestats-trade/reporter/jpn/year/2022/partner/all/product/72-83_Metals/indicator/MPRT-TRD-VL,2026-09-01T09:00:00Z
jpn,phl,72-83_Metals,2022,MPRT-TRD-VL,1276525.82263326,USD thousand,https://wits.worldbank.org/API/V1/SDMX/V21/datasource/tradestats-trade/reporter/jpn/year/2022/partner/all/product/72-83_Metals/indicator/MPRT-TRD-VL,2026-09-01T09:00:00Z
jpn,wld,72-83_Metals,2022,MPRT-TRD-VL,42774980.0778311,USD thousand,https://wits.worldbank.org/API/V1/SDMX/V21/datasource/tradestats-trade/reporter/jpn/year/2022/partner/all/product/72-83_Metals/indicator/MPRT-TRD-VL,2026-09-01T09:00:00Z
jpn,chn,86-89_Transport,2022,MPRT-TRD-VL,5313867.77234052,USD thousand,https://wits.worldbank.org/API/V1/SDMX/V21/datasource/tradestats-trade/reporter/jpn/year/2022/partner/all/product/86-89_Transport/indicator/MPRT-TRD-VL,2026-09-01T09:05:00Z
jpn,usa,86-89_Transport,2022,MPRT-TRD-VL,3191001.88297143,USD thousand,https://wits.worldbank.org/API/V1/SDMX/V21/datasource/tradestats-trade/reporter/jpn/year/2022/partner/all/product/86-89_Transport/indicator/MPRT-TRD-VL,2026-09-01T09:05:00Z
jpn,ind,86-89_Transport,2022,MPRT-TRD-VL,299809.67362272,USD thousand,https://wits.worldbank.org/API/V1/SDMX/V21/datasource/tradestats-trade/reporter/jpn/year/2022/partner/all/product/86-89_Transport/indicator/MPRT-TRD-VL,2026-09-01T09:05:00Z
jpn,vnm,86-89_Transport,2022,MPRT-TRD-VL,586572.97311486,USD thousand,https://wits.worldbank.org/API/V1/SDMX/V21/datasource/tradestats-trade/reporter/jpn/year/2022/partner/all/product/86-89_Transport/indicator/MPRT-TRD-VL,2026-09-01T09:05:00Z
jpn,mex,86-89_Transport,2022,MPRT-TRD-VL,715018.48063068,USD thousand,https://wits.worldbank.org/API/V1/SDMX/V21/datasource/tradestats-trade/reporter/jpn/year/2022/partner/all/product/86-89_Transport/indicator/MPRT-TRD-VL,2026-09-01T09:05:00Z
jpn,kor,86-89_Transport,2022,MPRT-TRD-VL,518523.83839041,USD thousand,https://wits.worldbank.org/API/V1/SDMX/V21/datasource/tradestats-trade/reporter/jpn/year/2022/partner/all/product/86-89_Transport/indicator/MPRT-TRD-VL,2026-09-01T09:05:00Z
jpn,deu,86-89_Transport,2022,MPRT-TRD-VL,4725314.29220355,USD thousand,https://wits.worldbank.org/API/V1/SDMX/V21/datasource/tradestats-trade/reporter/jpn/year/2022/partner/all/product/86-89_Transport/indicator/MPRT-TRD-VL,2026-09-01T09:05:00Z
jpn,tha,86-89_Transport,2022,MPRT-TRD-VL,1916509.38179343,USD thousand,https://wits.worldbank.org/API/V1/SDMX/V21/datasource/tradestats-trade/reporter/jpn/year/2022/partner/all/product/86-89_Transport/indicator/MPRT-TRD-VL,2026-09-01T09:05:00Z
jpn,idn,86-89_Transport,2022,MPRT-TRD-VL,640866.17997438,USD thousand,https://wits.worldbank.org/API/V1/SDMX/V21/datasource/tradestats-trade/reporter/jpn/year/2022/partner/all/product/86-89_Transport/indicator/MPRT-TRD-VL,2026-09-01T09:05:00Z
jpn,mys,86-89_Transport,2022,MPRT-TRD-VL,117795.64627503,USD thousand,https://wits.worldbank.org/API/V1/SDMX/V21/datasource/tradestats-trade/reporter/jpn/year/2022/partner/all/product/86-89_Transport/indicator/MPRT-TRD-VL,2026-09-01T09:05:00Z
jpn,bra,86-89_Transport,2022,MPRT-TRD-VL,21439.0096173,USD thousand,https://wits.worldbank.org/API/V1/SDMX/V21/datasource/tradestats-trade/reporter/jpn/year/2022/partner/all/product/86-89_Transport/indicator/MPRT-TRD-VL,2026-09-01T09:05:00Z
jpn,can,86-89_Transport,2022,MPRT-TRD-VL,108305.90786142,USD thousand,https://wits.worldbank.org/API/V1/SDMX/V21/datasource/tradestats-trade/reporter/jpn/year/2022/partner/all/product/86-89_Transport/indicator/MPRT-TRD-VL,2026-09-01T09:05:00Z
jpn,sgp,86-89_Transport,2022,MPRT-TRD-VL,13990.44067839,USD thousand,https://wits.worldbank.org/API/V1/SDMX/V21/datasource/tradestats-trade/reporter/jpn/year/2022/partner/all/product/86-89_Transport/indicator/MPRT-TRD-VL,2026-09-01T09:05:00Z
jpn,che,86-89_Transport,2022,MPRT-TRD-VL,16393.94986458,USD thousand,https://wits.worldbank.org/API/V1/SDMX/V21/datasource/tradestats-trade/reporter/jpn/year/2022/partner/all/product/86-89_Transport/indicator/MPRT-TRD-VL,2026-09-01T09:05:00Z
jpn,gbr,86-89_Transport,2022,MPRT-TRD-VL,937712.10076734,USD thousand,https://wits.worldbank.org/API/V1/SDMX/V21/datasource/tradestats-trade/reporter/jpn/year/2022/partner/all/product/86-89_Transport/indicator/MPRT-TRD-VL,2026-09-01T09:05:00Z
jpn,phl,86-89_Transport,2022,MPRT-TRD-VL,210864.48750963,USD thousand,https://wits.worldbank.org/API/V1/SDMX/V21/datasource/tradestats-trade/reporter/jpn/year/2022/partner/all/product/86-89_Transport/indicator/MPRT-TRD-VL,2026-09-01T09:05:00Z
jpn,wld,86-89_Transport,2022,MPRT-TRD-VL,26023640.8833724,USD thousand,https://wits.worldbank.org/API/V1/SDMX/V21/datasource/tradestats-trade/reporter/jpn/year/2022/partner/all/product/86-89_Transport/indicator/MPRT-TRD-VL,2026-09-01T09:05:00Z
deu,chn,Total,2022,MPRT-TRD-VL,207812781.242738,USD thousand,https://wits.worldbank.org/API/V1/SDMX/V21/datasource/tradestats-trade/reporter/deu/year/2022/partner/all/product/Total/indicator/MPRT-TRD-VL,2026-09-01T09:05:00Z
deu,usa,Total,2022,MPRT-TRD-VL,100321920.454337,USD thousand,https://wits.worldbank.org/API/V1/SDMX/V21/datasource/tradestats-trade/reporter/deu/year/2022/partner/all/product/Total/indicator/MPRT-TRD-VL,2026-09-01T09:05:00Z
deu,ind,Total,2022,MPRT-TRD-VL,16202786.851307,USD thousand,https://wits.worldbank.org/API/V1/SDMX/V21/datasource/tradestats-trade/reporter/deu/year/2022/partner/all/product/Total/indicator/MPRT-TRD-VL,2026-09-01T09:05:00Z
deu,vnm,Total,2022,MPRT-TRD-VL,15526050.329853,USD thousand,https://wits.worldbank.org/API/V1/SDMX/V21/datasource/tradestats-trade/reporter/deu/year/2022/partner/all/product/Total/indicator/MPRT-TRD-VL,2026-09-01T09:05:00Z
deu,mex,Total,2022,MPRT-TRD-VL,9943925.265349,USD thousand,https://wits.worldbank.org/API/V1/SDMX/V21/datasource/tradestats-trade/reporter/deu/year/2022/partner/all/product/Total/indicator/MPRT-TRD-VL,2026-09-01T09:05:00Z
deu,jpn,Total,2022,MPRT-TRD-VL,27567937.379723,USD thousand,https://wits.worldbank.org/API/V1/SDMX/V21/datasource/tradestats-trade/reporter/deu/year/2022/partner/all/product/Total/indicator/MPRT-TRD-VL,2026-09-01T09:05:00Z
deu,kor,Total,2022,MPRT-TRD-VL,14182165.764198,USD thousand,https://wits.worldbank.org/API/V1/SDMX/V21/datasource/tradestats-trade/reporter/deu/year/2022/partner/all/product/Total/indicator/MPRT-TRD-VL,2026-09-01T09:05:00Z
deu,tha,Total,2022,MPRT-TRD-VL,9324328.939647,USD thousand,https://wits.worldbank.org/API/V1/SDMX/V21/datasource/tradestats-trade/reporter/deu/year/2022/partner/all/product/Total/indicator/MPRT-TRD-VL,2026-09-01T09:05:00Z
deu,idn,Total,2022,MPRT-TRD-VL,5896261.803037,USD thousand,https://wits.worldbank.org/API/V1/SDMX/V21/datasource/tradestats-trade/reporter/deu/year/2022/partner/all/product/Total/indicator/MPRT-TRD-VL,2026-09-01T09:05:00Z
deu,mys,Total,2022,MPRT-TRD-VL,13330869.10947,USD thousand,https://wits.worldbank.org/API/V1/SDMX/V21/datasource/tradestats-trade/reporter/deu/year/2022/partner/all/product/Total/indicator/MPRT-TRD-VL,2026-09-01T09:05:00Z
deu,bra,Total,2022,MPRT-TRD-VL,9868256.84909,USD thousand,https://wits.worldbank.org/API/V1/SDMX/V21/datasource/tradestats-trade/reporter/deu/year/2022/partner/all/product/Total/indicator/MPRT-TRD-VL,2026-09-01T09:05:00Z
deu,can,Total,2022,MPRT-TRD-VL,7448303.759982,USD thousand,https://wits.worldbank.org/API/V1/SDMX/V21/datasource/tradestats-trade/reporter/deu/year/2022/partner/all/product/Total/indicator/MPRT-TRD-VL,2026-09-01T09:05:00Z
deu,sgp,Total,2022,MPRT-TRD-VL,7524609.143959,USD thousand,https://wits.worldbank.org/API/V1/SDMX/V21/datasource/tradestats-trade/reporter/deu/year/2022/partner/all/product/Total/indicator/MPRT-TRD-VL,2026-09-01T09:05:00Z
deu,che,Total,2022,MPRT-TRD-VL,61344587.856913,USD thousand,https://wits.worldbank.org/API/V1/SDMX/V21/datasource/tradestats-trade/reporter/deu/year/2022/partner/all/product/Total/indicator/MPRT-TRD-VL,2026-09-01T09:05:00Z
deu,gbr,Total,2022,MPRT-TRD-VL,42423395.281301,USD thousand,https://wits.worldbank.org/API/V1/SDMX/V21/datasource/tradestats-trade/reporter/deu/year/2022/partner/all/product/Total/indicator/MPRT-TRD-VL,2026-09-01T09:05:00Z
deu,phl,Total,2022,MPRT-TRD-VL,5689649.456707,USD thousand,https://wits.worldbank.org/API/V1/SDMX/V21/datasource/tradestats-trade/reporter/deu/year/2022/partner/all/product/Total/indicator/MPRT-TRD-VL,2026-09-01T09:05:00Z
deu,wld,Total,2022,MPRT-TRD-VL,1598522313.90128,USD thousand,https://wits.worldbank.org/API/V1/SDMX/V21/datasource/tradestats-trade/reporter/deu/year/2022/partner/all/product/Total/indicator/MPRT-TRD-VL,2026-09-01T09:05:00Z
deu,chn,84-85_MachElec,2022,MPRT-TRD-VL,103292272.371789,USD thousand,https://wits.worldbank.org/API/V1/SDMX/V21/datasource/tradestats-trade/reporter/deu/year/2022/partner/all/product/84-85_MachElec/indicator/MPRT-TRD-VL,2026-09-01T09:05:00Z
deu,usa,84-85_MachElec,2022,MPRT-TRD-VL,23595831.067519,USD thousand,https://wits.worldbank.org/API/V1/SDMX/V21/datasource/tradestats-trade/reporter/deu/year/2022/partner/all/product/84-85_MachElec/indicator/MPRT-TRD-VL,2026-09-01T09:05:00Z
deu,ind,84-85_MachElec,2022,MPRT-TRD-VL,3171605.727908,USD thousand,https://wits.worldbank.org/API/V1/SDMX/V21/datasource/tradestats-trade/reporter/deu/year/2022/partner/all/product/84-85_MachElec/indicator/MPRT-TRD-VL,2026-09-01T09:05:00Z
deu,vnm,84-85_MachElec,2022,MPRT-TRD-VL,5265205.406825,USD thousand,https://wits.worldbank.org/API/V1/SDMX/V21/datasource/tradestats-trade/reporter/deu/year/2022/partner/all/product/84-85_MachElec/indicator/MPRT-TRD-VL,2026-09-01T09:05:00Z
deu,mex,84-85_MachElec,2022,MPRT-TRD-VL,2553973.251524,USD thousand,https://wits.worldbank.org/API/V1/SDMX/V21/datasource/tradestats-trade/reporter/deu/year/2022/partner/all/product/84-85_MachElec/indicator/MPRT-TRD-VL,2026-09-01T09:05:00Z
deu,jpn,84-85_MachElec,2022,MPRT-TRD-VL,12677740.18314,USD thousand,https://wits.worldbank.org/API/V1/SDMX/V21/datasource/tradestats-trade/reporter/deu/year/2022/partner/all/product/84-85_MachElec/indicator/MPRT-TRD-VL,2026-09-01T09:05:00Z
deu,kor,84-85_MachElec,2022,MPRT-TRD-VL,6413973.389419,USD thousand,https://wits.worldbank.org/API/V1/SDMX/V21/datasource/tradestats-trade/reporter/deu/year/2022/partner/all/product/84-85_MachElec/indicator/MPRT-TRD-VL,2026-09-01T09:05:00Z
deu,tha,84-85_MachElec,2022,MPRT-TRD-VL,5334306.702729,USD thousand,https://wits.worldbank.org/API/V1/SDMX/V21/datasource/tradestats-trade/reporter/deu/year/2022/partner/all/product/84-85_MachElec/indicator/MPRT-TRD-VL,2026-09-01T09:05:00Z
deu,idn,84-85_MachElec,2022,MPRT-TRD-VL,762518.46744,USD thousand,https://wits.worldbank.org/API/V1/SDMX/V21/datasource/tradestats-trade/reporter/deu/year/2022/partner/all/product/84-85_MachElec/indicator/MPRT-TRD-VL,2026-09-01T09:05:00Z
deu,mys,84-85_MachElec,2022,MPRT-TRD-VL,9004846.01285,USD thousand,https://wits.worldbank.org/API/V1/SDMX/V21/datasource/tradestats-trade/reporter/deu/year/2022/partner/all/product/84-85_MachElec/indicator/MPRT-TRD-VL,2026-09-01T09:05:00Z
deu,bra,84-85_MachElec,2022,MPRT-TRD-VL,803158.052522,USD thousand,https://wits.worldbank.org/API/V1/SDMX/V21/datasource/tradestats-trade/reporter/deu/year/2022/partner/all/product/84-85_MachElec/indicator/MPRT-TRD-VL,2026-09-01T09:05:00Z
deu,can,84-85_MachElec,2022,MPRT-TRD-VL,1055841.663069,USD thousand,https://wits.worldbank.org/API/V1/SDMX/V21/datasource/tradestats-trade/reporter/deu/year/2022/partner/all/product/84-85_MachElec/indicator/MPRT-TRD-VL,2026-09-01T09:05:00Z
deu,sgp,84-85_MachElec,2022,MPRT-TRD-VL,1416312.725732,USD thousand,https://wits.worldbank.org/API/V1/SDMX/V21/datasource/tradestats-trade/reporter/deu/year/2022/partner/all/product/84-85_MachElec/indicator/MPRT-TRD-VL,2026-09-01T09:05:00Z
deu,che,84-85_MachElec,2022,MPRT-TRD-VL,10206874.888715,USD thousand,https://wits.worldbank.org/API/V1/SDMX/V21/datasource/tradestats-trade/reporter/deu/year/2022/partner/all/product/84-85_MachElec/indicator/MPRT-TRD-VL,2026-09-01T09:05:00Z
deu,gbr,84-85_MachElec,2022,MPRT-TRD-VL,7831536.903449,USD thousand,https://wits.worldbank.org/API/V1/SDMX/V21/datasource/tradestats-trade/reporter/deu/year/2022/partner/all/product/84-85_MachElec/indicator/MPRT-TRD-VL,2026-09-01T09:05:00Z
deu,phl,84-85_MachElec,2022,MPRT-TRD-VL,4540742.28633,USD thousand,https://wits.worldbank.org/API/V1/SDMX/V21/datasource/tradestats-trade/reporter/deu/year/2022/partner/all/product/84-85_MachElec/indicator/MPRT-TRD-VL,2026-09-01T09:05:00Z
deu,wld,84-85_MachElec,2022,MPRT-TRD-VL,374592362.887524,USD thousand,https://wits.worldbank.org/API/V1/SDMX/V21/datasource/tradestats-trade/reporter/deu/year/2022/partner/all/product/84-85_MachElec/indicator/MPRT-TRD-VL,2026-09-01T09:05:00Z
deu,chn,28-38_Chemicals,2022,MPRT-TRD-VL,24982387.792124,USD thousand,https://wits.worldbank.org/API/V1/SDMX/V21/datasource/tradestats-trade/reporter/deu/year/2022/partner/all/product/28-38_Chemicals/indicator/MPRT-TRD-VL,2026-09-01T09:10:00Z
deu,usa,28-38_Chemicals,2022,MPRT-TRD-VL,17335736.412576,USD thousand,https://wits.worldbank.org/API/V1/SDMX/V21/datasource/tradestats-trade/reporter/deu/year/2022/partner/all/product/28-38_Chemicals/indicator/MPRT-TRD-VL,2026-09-01T09:10:00Z
deu,ind,28-38_Chemicals,2022,MPRT-TRD-VL,3534512.649837,USD thousand,https://wits.worldbank.org/API/V1/SDMX/V21/datasource/tradestats-trade/reporter/deu/year/2022/partner/all/product/28-38_Chemicals/indicator/MPRT-TRD-VL,2026-09-01T09:10:00Z
deu,vnm,28-38_Chemicals,2022,MPRT-TRD-VL,74939.350254,USD thousand,https://wits.worldbank.org/API/V1/SDMX/V21/datasource/tradestats-trade/reporter/deu/year/2022/partner/all/product/28-38_Chemicals/indicator/MPRT-TRD-VL,2026-09-01T09:10:00Z
deu,mex,28-38_Chemicals,2022,MPRT-TRD-VL,353389.105919,USD thousand,https://wits.worldbank.org/API/V1/SDMX/V21/datasource/tradestats-trade/reporter/deu/year/2022/partner/all/product/28-38_Chemicals/indicator/MPRT-TRD-VL,2026-09-01T09:10:00Z
deu,jpn,28-38_Chemicals,2022,MPRT-TRD-VL,2972168.651146,USD thousand,https://wits.worldbank.org/API/V1/SDMX/V21/datasource/tradestats-trade/reporter/deu/year/2022/partner/all/product/28-38_Chemicals/indicator/MPRT-TRD-VL,2026-09-01T09:10:00Z
deu,kor,28-38_Chemicals,2022,MPRT-TRD-VL,1166781.271412,USD thousand,https://wits.worldbank.org/API/V1/SDMX/V21/datasource/tradestats-trade/reporter/deu/year/2022/partner/all/product/28-38_Chemicals/indicator/MPRT-TRD-VL,2026-09-01T09:10:00Z
deu,tha,28-38_Chemicals,2022,MPRT-TRD-VL,130004.701608,USD thousand,https://wits.worldbank.org/API/V1/SDMX/V21/datasource/tradestats-trade/reporter/deu/year/2022/partner/all/product/28-38_Chemicals/indicator/MPRT-TRD-VL,2026-09-01T09:10:00Z
deu,idn,28-38_Chemicals,2022,MPRT-TRD-VL,353665.342544,USD thousand,https://wits.worldbank.org/API/V1/SDMX/V21/datasource/tradestats-trade/reporter/deu/year/2022/partner/all/product/28-38_Chemicals/indicator/MPRT-TRD-VL,2026-09-01T09:10:00Z
deu,mys,28-38_Chemicals,2022,MPRT-TRD-VL,731013.569828,USD thousand,https://wits.worldbank.org/API/V1/SDMX/V21/datasource/tradestats-trade/reporter/deu/year/2022/partner/all/product/28-38_Chemicals/indicator/MPRT-TRD-VL,2026-09-01T09:10:00Z
deu,bra,28-38_Chemicals,2022,MPRT-TRD-VL,623385.800138,USD thousand,https://wits.worldbank.org/API/V1/SDMX/V21/datasource/tradestats-trade/reporter/deu/year/2022/partner/all/product/28-38_Chemicals/indicator/MPRT-TRD-VL,2026-09-01T09:10:00Z
deu,can,28-38_Chemicals,2022,MPRT-TRD-VL,995264.624589,USD thousand,https://wits.worldbank.org/API/V1/SDMX/V21/datasource/tradestats-trade/reporter/deu/year/2022/partner/all/product/28-38_Chemicals/indicator/MPRT-TRD-VL,2026-09-01T09:10:00Z
deu,sgp,28-38_Chemicals,2022,MPRT-TRD-VL,4622752.165884,USD thousand,https://wits.worldbank.org/API/V1/SDMX/V21/datasource/tradestats-trade/reporter/deu/year/2022/partner/all/product/28-38_Chemicals/indicator/MPRT-TRD-VL,2026-09-01T09:10:00Z
deu,che,28-38_Chemicals,2022,MPRT-TRD-VL,18459801.137809,USD thousand,https://wits.worldbank.org/API/V1/SDMX/V21/datasource/tradestats-trade/reporter/deu/year/2022/partner/all/product/28-38_Chemicals/indicator/MPRT-TRD-VL,2026-09-01T09:10:00Z
deu,gbr,28-38_Chemicals,2022,MPRT-TRD-VL,6689246.344462,USD thousand,https://wits.worldbank.org/API/V1/SDMX/V21/datasource/tradestats-trade/reporter/deu/year/2022/partner/all/product/28-38_Chemicals/indicator/MPRT-TRD-VL,2026-09-01T09:10:00Z
deu,phl,28-38_Chemicals,2022,MPRT-TRD-VL,108833.703791,USD thousand,https://wits.worldbank.org/API/V1/SDMX/V21/datasource/tradestats-trade/reporter/deu/year/2022/partner/all/product/28-38_Chemicals/indicator/MPRT-TRD-VL,2026-09-01T09:10:00Z
deu,wld,28-38_Chemicals,2022,MPRT-TRD-VL,202498470.44681,USD thousand,https://wits.worldbank.org/API/V1/SDMX/V21/datasource/tradestats-trade/reporter/deu/year/2022/partner/all/product/28-38_Chemicals/indicator/MPRT-TRD-VL,2026-09-01T09:10:00Z
deu,chn,72-83_Metals,2022,MPRT-TRD-VL,11327181.020715,USD thousand,https://wits.worldbank.org/API/V1/SDMX/V21/datasource/tradestats-trade/reporter/deu/year/2022/partner/all/product/72-83_Metals/indicator/MPRT-TRD-VL,2026-09-01T09:10:00Z
deu,usa,72-83_Metals,2022,MPRT-TRD-VL,2549534.33046,USD thousand,https://wits.worldbank.org/API/V1/SDMX/V21/datasource/tradestats-trade/reporter/deu/year/2022/partner/all/product/72-83_Metals/indicator/MPRT-TRD-VL,2026-09-01T09:10:00Z
deu,ind,72-83_Metals,2022,MPRT-TRD-VL,1659313.710743,USD thousand,https://wits.worldbank.org/API/V1/SDMX/V21/datasource/tradestats-trade/reporter/deu/year/2022/partner/all/product/72-83_Metals/indicator/MPRT-TRD-VL,2026-09-01T09:10:00Z
deu,vnm,72-83_Metals,2022,MPRT-TRD-VL,620019.2184,USD thousand,https://wits.worldbank.org/API/V1/SDMX/V21/datasource/tradestats-trade/reporter/deu/year/2022/partner/all/product/72-83_Metals/indicator/MPRT-TRD-VL,2026-09-01T09:10:00Z
deu,mex,72-83_Metals,2022,MPRT-TRD-VL,170822.015624,USD thousand,https://wits.worldbank.org/API/V1/SDMX/V21/datasource/tradestats-trade/reporter/deu/year/2022/partner/all/product/72-83_Metals/indicator/MPRT-TRD-VL,2026-09-01T09:10:00Z
deu,jpn,72-83_Metals,2022,MPRT-TRD-VL,820178.564209,USD thousand,https://wits.worldbank.org/API/V1/SDMX/V21/datasource/tradestats-trade/reporter/deu/year/2022/partner/all/product/72-83_Metals/indicator/MPRT-TRD-VL,2026-09-01T09:10:00Z
deu,kor,72-83_Metals,2022,MPRT-TRD-VL,841921.745291,USD thousand,https://wits.worldbank.org/API/V1/SDMX/V21/datasource/tradestats-trade/reporter/deu/year/2022/partner/all/product/72-83_Metals/indicator/MPRT-TRD-VL,2026-09-01T09:10:00Z
deu,tha,72-83_Metals,2022,MPRT-TRD-VL,240077.806493,USD thousand,https://wits.worldbank.org/API/V1/SDMX/V21/datasource/tradestats-trade/reporter/deu/year/2022/partner/all/product/72-83_Metals/indicator/MPRT-TRD-VL,2026-09-01T09:10:00Z
deu,idn,72-83_Metals,2022,MPRT-TRD-VL,270072.507976,USD thousand,https://wits.worldbank.org/API/V1/SDMX/V21/datasource/tradestats-trade/reporter/deu/year/2022/partner/all/product/72-83_Metals/indicator/MPRT-TRD-VL,2026-09-01T09:10:00Z
deu,mys,72-83_Metals,2022,MPRT-TRD-VL,251808.605332,USD thousand,https://wits.worldbank.org/API/V1/SDMX/V21/datasource/tradestats-trade/reporter/deu/year/2022/partner/all/product/72-83_Metals/indicator/MPRT-TRD-VL,2026-09-01T09:10:00Z
deu,bra,72-83_Metals,2022,MPRT-TRD-VL,547200.154418,USD thousand,https://wits.worldbank.org/API/V1/SDMX/V21/datasource/tradestats-trade/reporter/deu/year/2022/partner/all/product/72-83_Metals/indicator/MPRT-TRD-VL,2026-09-01T09:10:00Z
deu,can,72-83_Metals,2022,MPRT-TRD-VL,497561.581697,USD thousand,https://wits.worldbank.org/API/V1/SDMX/V21/datasource/tradestats-trade/reporter/deu/year/2022/partner/all/product/72-83_Metals/indicator/MPRT-TRD-VL,2026-09-01T09:10:00Z
deu,sgp,72-83_Metals,2022,MPRT-TRD-VL,112485.968434,USD thousand,https://wits.worldbank.org/API/V1/SDMX/V21/datasource/tradestats-trade/reporter/deu/year/2022/partner/all/product/72-83_Metals/indicator/MPRT-TRD-VL,2026-09-01T09:10:00Z
deu,che,72-83_Metals,2022,MPRT-TRD-VL,4927926.31369,USD thousand,https://wits.worldbank.org/API/V1/SDMX/V21/datasource/tradestats-trade/reporter/deu/year/2022/partner/all/product/72-83_Metals/indicator/MPRT-TRD-VL,2026-09-01T09:10:00Z
deu,gbr,72-83_Metals,2022,MPRT-TRD-VL,2865616.366716,USD thousand,https://wits.worldbank.org/API/V1/SDMX/V21/datasource/tradestats-trade/reporter/deu/year/2022/partner/all/product/72-83_Metals/indicator/MPRT-TRD-VL,2026-09-01T09:10:00Z
deu,phl,72-83_Metals,2022,MPRT-TRD-VL,21267.706474,USD thousand,https://wits.worldbank.org/API/V1/SDMX/V21/datasource/tradestats-trade/reporter/deu/year/2022/partner/all/product/72-83_Metals/indicator/MPRT-TRD-VL,2026-09-01T09:10:00Z
deu,wld,72-83_Metals,2022,MPRT-TRD-VL,136366966.649687,USD thousand,https://wits.worldbank.org/API/V1/SDMX/V21/datasource/tradestats-trade/reporter/deu/year/2022/partner/all/product/72-83_Metals/indicator/MPRT-TRD-VL,2026-09-01T09:10:00Z
deu,chn,86-89_Transport,2022,MPRT-TRD-VL,7140096.08238,USD thousand,https://wits.worldbank.org/API/V1/SDMX/V21/datasource/tradestats-trade/reporter/deu/year/2022/partner/all/product/86-89_Transport/indicator/MPRT-TRD-VL,2026-09-01T09:10:00Z
deu,usa,86-89_Transport,2022,MPRT-TRD-VL,13431395.514188,USD thousand,https://wits.worldbank.org/API/V1/SDMX/V21/datasource/tradestats-trade/reporter/deu/year/2022/partner/all/product/86-89_Transport/indicator/MPRT-TRD-VL,2026-09-01T09:10:00Z
deu,ind,86-89_Transport,2022,MPRT-TRD-VL,726575.841063,USD thousand,https://wits.worldbank.org/API/V1/SDMX/V21/datasource/tradestats-trade/reporter/deu/year/2022/partner/all/product/86-89_Transport/indicator/MPRT-TRD-VL,2026-09-01T09:10:00Z
deu,vnm,86-89_Transport,2022,MPRT-TRD-VL,337588.205896,USD thousand,https://wits.worldbank.org/API/V1/SDMX/V21/datasource/tradestats-trade/reporter/deu/year/2022/partner/all/product/86-89_Transport/indicator/MPRT-TRD-VL,2026-09-01T09:10:00Z
deu,mex,86-89_Transport,2022,MPRT-TRD-VL,4526870.578453,USD thousand,https://wits.worldbank.org/API/V1/SDMX/V21/datasource/tradestats-trade/reporter/deu/year/2022/partner/all/product/86-89_Transport/indicator/MPRT-TRD-VL,2026-09-01T09:10:00Z
deu,jpn,86-89_Transport,2022,MPRT-TRD-VL,3452560.583066,USD thousand,https://wits.worldbank.org/API/V1/SDMX/V21/datasource/tradestats-trade/reporter/deu/year/2022/partner/all/product/86-89_Transport/indicator/MPRT-TRD-VL,2026-09-01T09:10:00Z
deu,kor,86-89_Transport,2022,MPRT-TRD-VL,2468861.892726,USD thousand,https://wits.worldbank.org/API/V1/SDMX/V21/datasource/tradestats-trade/reporter/deu/year/2022/partner/all/product/86-89_Transport/indicator/MPRT-TRD-VL,2026-09-01T09:10:00Z
deu,tha,86-89_Transport,2022,MPRT-TRD-VL,419642.997886,USD thousand,https://wits.worldbank.org/API/V1/SDMX/V21/datasource/tradestats-trade/reporter/deu/year/2022/partner/all/product/86-89_Transport/indicator/MPRT-TRD-VL,2026-09-01T09:10:00Z
deu,idn,86-89_Transport,2022,MPRT-TRD-VL,147564.841265,USD thousand,https://wits.worldbank.org/API/V1/SDMX/V21/datasource/tradestats-trade/reporter/deu/year/2022/partner/all/product/86-89_Transport/indicator/MPRT-TRD-VL,2026-09-01T09:10:00Z
deu,mys,86-89_Transport,2022,MPRT-TRD-VL,255292.210358,USD thousand,https://wits.worldbank.org/API/V1/SDMX/V21/datasource/tradestats-trade/reporter/deu/year/2022/partner/all/product/86-89_Transport/indicator/MPRT-TRD-VL,2026-09-01T09:10:00Z
deu,bra,86-89_Transport,2022,MPRT-TRD-VL,166734.141124,USD thousand,https://wits.worldbank.org/API/V1/SDMX/V21/datasource/tradestats-trade/reporter/deu/year/2022/partner/all/product/86-89_Transport/indicator/MPRT-TRD-VL,2026-09-01T09:10:00Z
deu,can,86-89_Transport,2022,MPRT-TRD-VL,488233.002536,USD thousand,https://wits.worldbank.org/API/V1/SDMX/V21/datasource/tradestats-trade/reporter/deu/year/2022/partner/all/product/86-89_Transport/indicator/MPRT-TRD-VL,2026-09-01T09:10:00Z
deu,sgp,86-89_Transport,2022,MPRT-TRD-VL,47972.766625,USD thousand,https://wits.worldbank.org/API/V1/SDMX/V21/datasource/tradestats-trade/reporter/deu/year/2022/partner/all/product/86-89_Transport/indicator/MPRT-TRD-VL,2026-09-01T09:10:00Z
deu,che,86-89_Transport,2022,MPRT-TRD-VL,1516455.729776,USD thousand,https://wits.worldbank.org/API/V1/SDMX/V21/datasource/tradestats-trade/reporter/deu/year/2022/partner/all/product/86-89_Transport/indicator/MPRT-TRD-VL,2026-09-01T09:10:00Z
deu,gbr,86-89_Transport,2022,MPRT-TRD-VL,7567398.74869,USD thousand,https://wits.worldbank.org/API/V1/SDMX/V21/datasource/tradestats-trade/reporter/deu/year/2022/partner/all/product/86-89_Transport/indicator/MPRT-TRD-VL,2026-09-01T09:10:00Z
deu,phl,86-89_Transport,2022,MPRT-TRD-VL,160331.828177,USD thousand,https://wits.worldbank.org/API/V1/SDMX/V21/datasource/tradestats-trade/reporter/deu/year/2022/partner/all/product/86-89_Transport/indicator/MPRT-TRD-VL,2026-09-01T09:10:00Z
deu,wld,86-89_Transport,2022,MPRT-TRD-VL,158461710.132337,USD thousand,https://wits.worldbank.org/API/V1/SDMX/V21/datasource/tradestats-trade/reporter/deu/year/2022/partner/all/product/86-89_Transport/indicator/MPRT-TRD-VL,2026-09-01T09:10:00Z
usa,chn,Total,2018,MPRT-TRD-VL,563203119.54,USD thousand,https://wits.worldbank.org/API/V1/SDMX/V21/datasource/tradestats-trade/reporter/usa/year/2018/partner/all/product/Total/indicator/MPRT-TRD-VL,2026-09-01T09:20:00Z
usa,ind,Total,2018,MPRT-TRD-VL,56443791.815,USD thousand,https://wits.worldbank.org/API/V1/SDMX/V21/datasource/tradestats-trade/reporter/usa/year/2018/partner/all/product/Total/indicator/MPRT-TRD-VL,2026-09-01T09:20:00Z
usa,vnm,Total,2018,MPRT-TRD-VL,51277489.489,USD thousand,https://wits.worldbank.org/API/V1/SDMX/V21/datasource/tradestats-trade/reporter/usa/year/2018/partner/all/product/Total/indicator/MPRT-TRD-VL,2026-09-01T09:20:00Z
usa,mex,Total,2018,MPRT-TRD-VL,349195245.116,USD thousand,https://wits.worldbank.org/API/V1/SDMX/V21/datasource/tradestats-trade/reporter/usa/year/2018/partner/all/product/Total/indicator/MPRT-TRD-VL,2026-09-01T09:20:00Z
usa,jpn,Total,2018,MPRT-TRD-VL,145902252.542,USD thousand,https://wits.worldbank.org/API/V1/SDMX/V21/datasource/tradestats-trade/reporter/usa/year/2018/partner/all/product/Total/indicator/MPRT-TRD-VL,2026-09-01T09:20:00Z
usa,kor,Total,2018,MPRT-TRD-VL,76200587.119,USD thousand,https://wits.worldbank.org/API/V1/SDMX/V21/datasource/tradestats-trade/reporter/usa/year/2018/partner/all/product/Total/indicator/MPRT-TRD-VL,2026-09-01T09:20:00Z
usa,deu,Total,2018,MPRT-TRD-VL,128345618.454,USD thousand,https://wits.worldbank.org/API/V1/SDMX/V21/datasource/tradestats-trade/reporter/usa/year/2018/partner/all/product/Total/indicator/MPRT-TRD-VL,2026-09-01T09:20:00Z
usa,tha,Total,2018,MPRT-TRD-VL,33026619.943,USD thousand,https://wits.worldbank.org/API/V1/SDMX/V21/datasource/tradestats-trade/reporter/usa/year/2018/partner/all/product/Total/indicator/MPRT-TRD-VL,2026-09-01T09:20:00Z
usa,idn,Total,2018,MPRT-TRD-VL,21831954.477,USD thousand,https://wits.worldbank.org/API/V1/SDMX/V21/datasource/tradestats-trade/reporter/usa/year/2018/partner/all/product/Total/indicator/MPRT-TRD-VL,2026-09-01T09:20:00Z
usa,mys,Total,2018,MPRT-TRD-VL,40131426.686,USD thousand,https://wits.worldbank.org/API/V1/SDMX/V21/datasource/tradestats-trade/reporter/usa/year/2018/partner/all/product/Total/indicator/MPRT-TRD-VL,2026-09-01T09:20:00Z
usa,bra,Total,2018,MPRT-TRD-VL,32286167.963,USD thousand,https://wits.worldbank.org/API/V1/SDMX/V21/datasource/tradestats-trade/reporter/usa/year/2018/partner/all/product/Total/indicator/MPRT-TRD-VL,2026-09-01T09:20:00Z
usa,can,Total,2018,MPRT-TRD-VL,325683550.892,USD thousand,https://wits.worldbank.org/API/V1/SDMX/V21/datasource/tradestats-trade/reporter/usa/year/2018/partner/all/product/Total/indicator/MPRT-TRD-VL,2026-09-01T09:20:00Z
usa,sgp,Total,2018,MPRT-TRD-VL,26879137.276,USD thousand,https://wits.worldbank.org/API/V1/SDMX/V21/datasource/tradestats-trade/reporter/usa/year/2018/partner/all/product/Total/indicator/MPRT-TRD-VL,2026-09-01T09:20:00Z
usa,che,Total,2018,MPRT-TRD-VL,41674775.288,USD thousand,https://wits.worldbank.org/API/V1/SDMX/V21/datasource/tradestats-trade/reporter/usa/year/2018/partner/all/product/Total/indicator/MPRT-TRD-VL,2026-09-01T09:20:00Z
usa,gbr,Total,2018,MPRT-TRD-VL,61748826.091,USD thousand,https://wits.worldbank.org/API/V1/SDMX/V21/datasource/tradestats-trade/reporter/usa/year/2018/partner/all/product/Total/indicator/MPRT-TRD-VL,2026-09-01T09:20:00Z
usa,phl,Total,2018,MPRT-TRD-VL,12939348.587,USD thousand,https://wits.worldbank.org/API/V1/SDMX/V21/datasource/tradestats-trade/reporter/usa/year/2018/partner/all/product/Total/indicator/MPRT-TRD-VL,2026-09-01T09:20:00Z
usa,wld,Total,2018,MPRT-TRD-VL,2611432490.157,USD thousand,https://wits.worldbank.org/API/V1/SDMX/V21/datasource/tradestats-trade/reporter/usa/year/2018/partner/all/product/Total/indicator/MPRT-TRD-VL,2026-09-01T09:20:00Z
usa,chn,84-85_MachElec,2018,MPRT-TRD-VL,275046547.672,USD thousand,https://wits.worldbank.org/API/V1/SDMX/V21/datasource/tradestats-trade/reporter/usa/year/2018/partner/all/product/84-85_MachElec/indicator/MPRT-TRD-VL,2026-09-01T09:20:00Z
usa,ind,84-85_MachElec,2018,MPRT-TRD-VL,5230922.136,USD thousand,https://wits.worldbank.org/API/V1/SDMX/V21/datasource/tradestats-trade/reporter/usa/year/2018/partner/all/product/84-85_MachElec/indicator/MPRT-TRD-VL,2026-09-01T09:20:00Z
usa,vnm,84-85_MachElec,2018,MPRT-TRD-VL,14005686.377,USD thousand,https://wits.worldbank.org/API/V1/SDMX/V21/datasource/tradestats-trade/reporter/usa/year/2018/partner/all/product/84-85_MachElec/indicator/MPRT-TRD-VL,2026-09-01T09:20:00Z
usa,mex,84-85_MachElec,2018,MPRT-TRD-VL,127521809.016,USD thousand,https://wits.worldbank.org/API/V1/SDMX/V21/datasource/tradestats-trade/reporter/usa/year/2018/partner/all/product/84-85_MachElec/indicator/MPRT-TRD-VL,2026-09-01T09:20:00Z
usa,jpn,84-85_MachElec,2018,MPRT-TRD-VL,49646149.499,USD thousand,https://wits.worldbank.org/API/V1/SDMX/V21/datasource/tradestats-trade/reporter/usa/year/2018/partner/all/product/84-85_MachElec/indicator/MPRT-TRD-VL,2026-09-01T09:20:00Z
usa,kor,84-85_MachElec,2018,MPRT-TRD-VL,29667121.341,USD thousand,https://wits.worldbank.org/API/V1/SDMX/V21/datasource/tradestats-trade/reporter/usa/year/2018/partner/all/product/84-85_MachElec/indicator/MPRT-TRD-VL,2026-09-01T09:20:00Z
usa,deu,84-85_MachElec,2018,MPRT-TRD-VL,36599945.395,USD thousand,https://wits.worldbank.org/API/V1/SDMX/V21/datasource/tradestats-trade/reporter/usa/year/2018/partner/all/product/84-85_MachElec/indicator/MPRT-TRD-VL,2026-09-01T09:20:00Z
usa,tha,84-85_MachElec,2018,MPRT-TRD-VL,16119811.11,USD thousand,https://wits.worldbank.org/API/V1/SDMX/V21/datasource/tradestats-trade/reporter/usa/year/2018/partner/all/product/84-85_MachElec/indicator/MPRT-TRD-VL,2026-09-01T09:20:00Z
usa,idn,84-85_MachElec,2018,MPRT-TRD-VL,1964335.287,USD thousand,https://wits.worldbank.org/API/V1/SDMX/V21/datasource/tradestats-trade/reporter/usa/year/2018/partner/all/product/84-85_MachElec/indicator/MPRT-TRD-VL,2026-09-01T09:20:00Z
usa,mys,84-85_MachElec,2018,MPRT-TRD-VL,29549738.376,USD thousand,https://wits.worldbank.org/API/V1/SDMX/V21/datasource/tradestats-trade/reporter/usa/year/2018/partner/all/product/84-85_MachElec/indicator/MPRT-TRD-VL,2026-09-01T09:20:00Z
usa,bra,84-85_MachElec,2018,MPRT-TRD-VL,2762198.881,USD thousand,https://wits.worldbank.org/API/V1/SDMX/V21/datasource/tradestats-trade/reporter/usa/year/2018/partner/all/product/84-85_MachElec/indicator/MPRT-TRD-VL,2026-09-01T09:20:00Z
usa,can,84-85_MachElec,2018,MPRT-TRD-VL,31444820.293,USD thousand,https://wits.worldbank.org/API/V1/SDMX/V21/datasource/tradestats-trade/reporter/usa/year/2018/partner/all/product/84-85_MachElec/indicator/MPRT-TRD-VL,2026-09-01T09:20:00Z
usa,sgp,84-85_MachElec,2018,MPRT-TRD-VL,6946978.494,USD thousand,https://wits.worldbank.org/API/V1/SDMX/V21/datasource/tradestats-trade/reporter/usa/year/2018/partner/all/product/84-85_MachElec/indicator/MPRT-TRD-VL,2026-09-01T09:20:00Z
usa,che,84-85_MachElec,2018,MPRT-TRD-VL,4281972.864,USD thousand,https://wits.worldbank.org/API/V1/SDMX/V21/datasource/tradestats-trade/reporter/usa/year/2018/partner/all/product/84-85_MachElec/indicator/MPRT-TRD-VL,2026-09-01T09:20:00Z
usa,gbr,84-85_MachElec,2018,MPRT-TRD-VL,12359719.297,USD thousand,https://wits.worldbank.org/API/V1/SDMX/V21/datasource/tradestats-trade/reporter/usa/year/2018/partner/all/product/84-85_MachElec/indicator/MPRT-TRD-VL,2026-09-01T09:20:00Z
usa,phl,84-85_MachElec,2018,MPRT-TRD-VL,8099776.436,USD thousand,https://wits.worldbank.org/API/V1/SDMX/V21/datasource/tradestats-trade/reporter/usa/year/2018/partner/all/product/84-85_MachElec/indicator/MPRT-TRD-VL,2026-09-01T09:20:00Z
usa,wld,84-85_MachElec,2018,MPRT-TRD-VL,748691270.965,USD thousand,https://wits.worldbank.org/API/V1/SDMX/V21/datasource/tradestats-trade/reporter/usa/year/2018/partner/all/product/84-85_MachElec/indicator/MPRT-TRD-VL,2026-09-01T09:20:00Z
usa,chn,28-38_Chemicals,2018,MPRT-TRD-VL,18970569.994,USD thousand,https://wits.worldbank.org/API/V1/SDMX/V21/datasource/tradestats-trade/reporter/usa/year/2018/partner/all/product/28-38_Chemicals/indicator/MPRT-TRD-VL,2026-09-01T09:20:00Z
usa,ind,28-38_Chemicals,2018,MPRT-TRD-VL,10254117.459,USD thousand,https://wits.worldbank.org/API/V1/SDMX/V21/datasource/tradestats-trade/reporter/usa/year/2018/partner/all/product/28-38_Chemicals/indicator/MPRT-TRD-VL,2026-09-01T09:20:00Z
usa,vnm,28-38_Chemicals,2018,MPRT-TRD-VL,348938.802,USD thousand,https://wits.worldbank.org/API/V1/SDMX/V21/datasource/tradestats-trade/reporter/usa/year/2018/partner/all/product/28-38_Chemicals/indicator/MPRT-TRD-VL,2026-09-01T09:20:00Z
usa,mex,28-38_Chemicals,2018,MPRT-TRD-VL,4512198.118,USD thousand,https://wits.worldbank.org/API/V1/SDMX/V21/datasource/tradestats-trade/reporter/usa/year/2018/partner/all/product/28-38_Chemicals/indicator/MPRT-TRD-VL,2026-09-01T09:20:00Z
usa,jpn,28-38_Chemicals,2018,MPRT-TRD-VL,9675464.496,USD thousand,https://wits.worldbank.org/API/V1/SDMX/V21/datasource/tradestats-trade/reporter/usa/year/2018/partner/all/product/28-38_Chemicals/indicator/MPRT-TRD-VL,2026-09-01T09:20:00Z
usa,kor,28-38_Chemicals,2018,MPRT-TRD-VL,5844002.15,USD thousand,https://wits.worldbank.org/API/V1/SDMX/V21/datasource/tradestats-trade/reporter/usa/year/2018/partner/all/product/28-38_Chemicals/indicator/MPRT-TRD-VL,2026-09-01T09:20:00Z
usa,deu,28-38_Chemicals,2018,MPRT-TRD-VL,23212745.968,USD thousand,https://wits.worldbank.org/API/V1/SDMX/V21/datasource/tradestats-trade/reporter/usa/year/2018/partner/all/product/28-38_Chemicals/indicator/MPRT-TRD-VL,2026-09-01T09:20:00Z
usa,tha,28-38_Chemicals,2018,MPRT-TRD-VL,474802.02,USD thousand,https://wits.worldbank.org/API/V1/SDMX/V21/datasource/tradestats-trade/reporter/usa/year/2018/partner/all/product/28-38_Chemicals/indicator/MPRT-TRD-VL,2026-09-01T09:20:00Z
usa,idn,28-38_Chemicals,2018,MPRT-TRD-VL,334141.543,USD thousand,https://wits.worldbank.org/API/V1/SDMX/V21/datasource/tradestats-trade/reporter/usa/year/2018/partner/all/product/28-38_Chemicals/indicator/MPRT-TRD-VL,2026-09-01T09:20:00Z
usa,mys,28-38_Chemicals,2018,MPRT-TRD-VL,412743.088,USD thousand,https://wits.worldbank.org/API/V1/SDMX/V21/datasource/tradestats-trade/reporter/usa/year/2018/partner/all/product/28-38_Chemicals/indicator/MPRT-TRD-VL,2026-09-01T09:20:00Z
usa,bra,28-38_Chemicals,2018,MPRT-TRD-VL,2033697.092,USD thousand,https://wits.worldbank.org/API/V1/SDMX/V21/datasource/tradestats-trade/reporter/usa/year/2018/partner/all/product/28-38_Chemicals/indicator/MPRT-TRD-VL,2026-09-01T09:20:00Z
usa,can,28-38_Chemicals,2018,MPRT-TRD-VL,19180442.446,USD thousand,https://wits.worldbank.org/API/V1/SDMX/V21/datasource/tradestats-trade/reporter/usa/year/2018/partner/all/product/28-38_Chemicals/indicator/MPRT-TRD-VL,2026-09-01T09:20:00Z
usa,sgp,28-38_Chemicals,2018,MPRT-TRD-VL,8468411.091,USD thousand,https://wits.worldbank.org/API/V1/SDMX/V21/datasource/tradestats-trade/reporter/usa/year/2018/partner/all/product/28-38_Chemicals/indicator/MPRT-TRD-VL,2026-09-01T09:20:00Z
usa,che,28-38_Chemicals,2018,MPRT-TRD-VL,19111811.106,USD thousand,https://wits.worldbank.org/API/V1/SDMX/V21/datasource/tradestats-trade/reporter/usa/year/2018/partner/all/product/28-38_Chemicals/indicator/MPRT-TRD-VL,2026-09-01T09:20:00Z
usa,gbr,28-38_Chemicals,2018,MPRT-TRD-VL,9882630.307,USD thousand,https://wits.worldbank.org/API/V1/SDMX/V21/datasource/tradestats-trade/reporter/usa/year/2018/partner/all/product/28-38_Chemicals/indicator/MPRT-TRD-VL,2026-09-01T09:20:00Z
usa,phl,28-38_Chemicals,2018,MPRT-TRD-VL,100706.251,USD thousand,https://wits.worldbank.org/API/V1/SDMX/V21/datasource/tradestats-trade/reporter/usa/year/2018/partner/all/product/28-38_Chemicals/indicator/MPRT-TRD-VL,2026-09-01T09:20:00Z
usa,wld,28-38_Chemicals,2018,MPRT-TRD-VL,233750191.065,USD thousand,https://wits.worldbank.org/API/V1/SDMX/V21/datasource/tradestats-trade/reporter/usa/year/2018/partner/all/product/28-38_Chemicals/indicator/MPRT-TRD-VL,2026-09-01T09:20:00Z
usa,chn,72-83_Metals,2018,MPRT-TRD-VL,29896194.214,USD thousand,https://wits.worldbank.org/API/V1/SDMX/V21/datasource/tradestats-trade/reporter/usa/year/2018/partner/all/product/72-83_Metals/indicator/MPRT-TRD-VL,2026-09-01T09:25:00Z
usa,ind,72-83_Metals,2018,MPRT-TRD-VL,3114923.09,USD thousand,https://wits.worldbank.org/API/V1/SDMX/V21/datasource/tradestats-trade/reporter/usa/year/2018/partner/all/product/72-83_Metals/indicator/MPRT-TRD-VL,2026-09-01T09:25:00Z
usa,vnm,72-83_Metals,2018,MPRT-TRD-VL,1866160.893,USD thousand,https://wits.worldbank.org/API/V1/SDMX/V21/datasource/tradestats-trade/reporter/usa/year/2018/partner/all/product/72-83_Metals/indicator/MPRT-TRD-VL,2026-09-01T09:25:00Z
usa,mex,72-83_Metals,2018,MPRT-TRD-VL,13125056.675,USD thousand,https://wits.worldbank.org/API/V1/SDMX/V21/datasource/tradestats-trade/reporter/usa/year/2018/partner/all/product/72-83_Metals/indicator/MPRT-TRD-VL,2026-09-01T09:25:00Z
usa,jpn,72-83_Metals,2018,MPRT-TRD-VL,5630098.494,USD thousand,https://wits.worldbank.org/API/V1/SDMX/V21/datasource/tradestats-trade/reporter/usa/year/2018/partner/all/product/72-83_Metals/indicator/MPRT-TRD-VL,2026-09-01T09:25:00Z
usa,kor,72-83_Metals,2018,MPRT-TRD-VL,5581527.548,USD thousand,https://wits.worldbank.org/API/V1/SDMX/V21/datasource/tradestats-trade/reporter/usa/year/2018/partner/all/product/72-83_Metals/indicator/MPRT-TRD-VL,2026-09-01T09:25:00Z
usa,deu,72-83_Metals,2018,MPRT-TRD-VL,6759000.849,USD thousand,https://wits.worldbank.org/API/V1/SDMX/V21/datasource/tradestats-trade/reporter/usa/year/2018/partner/all/product/72-83_Metals/indicator/MPRT-TRD-VL,2026-09-01T09:25:00Z
usa,tha,72-83_Metals,2018,MPRT-TRD-VL,1622078.667,USD thousand,https://wits.worldbank.org/API/V1/SDMX/V21/datasource/tradestats-trade/reporter/usa/year/2018/partner/all/product/72-83_Metals/indicator/MPRT-TRD-VL,2026-09-01T09:25:00Z
usa,idn,72-83_Metals,2018,MPRT-TRD-VL,942031.746,USD thousand,https://wits.worldbank.org/API/V1/SDMX/V21/datasource/tradestats-trade/reporter/usa/year/2018/partner/all/product/72-83_Metals/indicator/MPRT-TRD-VL,2026-09-01T09:25:00Z
usa,mys,72-83_Metals,2018,MPRT-TRD-VL,722424.689,USD thousand,https://wits.worldbank.org/API/V1/SDMX/V21/datasource/tradestats-trade/reporter/usa/year/2018/partner/all/product/72-83_Metals/indicator/MPRT-TRD-VL,2026-09-01T09:25:00Z
usa,bra,72-83_Metals,2018,MPRT-TRD-VL,4149444.668,USD thousand,https://wits.worldbank.org/API/V1/SDMX/V21/datasource/tradestats-trade/reporter/usa/year/2018/partner/all/product/72-83_Metals/indicator/MPRT-TRD-VL,2026-09-01T09:25:00Z
usa,can,72-83_Metals,2018,MPRT-TRD-VL,26484637.076,USD thousand,https://wits.worldbank.org/API/V1/SDMX/V21/datasource/tradestats-trade/reporter/usa/year/2018/partner/all/product/72-83_Metals/indicator/MPRT-TRD-VL,2026-09-01T09:25:00Z
usa,sgp,72-83_Metals,2018,MPRT-TRD-VL,116830.772,USD thousand,https://wits.worldbank.org/API/V1/SDMX/V21/datasource/tradestats-trade/reporter/usa/year/2018/partner/all/product/72-83_Metals/indicator/MPRT-TRD-VL,2026-09-01T09:25:00Z
usa,che,72-83_Metals,2018,MPRT-TRD-VL,581269.221,USD thousand,https://wits.worldbank.org/API/V1/SDMX/V21/datasource/tradestats-trade/reporter/usa/year/2018/partner/all/product/72-83_Metals/indicator/MPRT-TRD-VL,2026-09-01T09:25:00Z
usa,gbr,72-83_Metals,2018,MPRT-TRD-VL,2028015.491,USD thousand,https://wits.worldbank.org/API/V1/SDMX/V21/datasource/tradestats-trade/reporter/usa/year/2018/partner/all/product/72-83_Metals/indicator/MPRT-TRD-VL,2026-09-01T09:25:00Z
usa,phl,72-83_Metals,2018,MPRT-TRD-VL,196784.394,USD thousand,https://wits.worldbank.org/API/V1/SDMX/V21/datasource/tradestats-trade/reporter/usa/year/2018/partner/all/product/72-83_Metals/indicator/MPRT-TRD-VL,2026-09-01T09:25:00Z
usa,wld,72-83_Metals,2018,MPRT-TRD-VL,145009178.344,USD thousand,https://wits.worldbank.org/API/V1/SDMX/V21/datasource/tradestats-trade/reporter/usa/year/2018/partner/all/product/72-83_Metals/indicator/MPRT-TRD-VL,2026-09-01T09:25:00Z
usa,chn,86-89_Transport,2018,MPRT-TRD-VL,20271284.237,USD thousand,https://wits.worldbank.org/API/V1/SDMX/V21/datasource/tradestats-trade/reporter/usa/year/2018/partner/all/product/86-89_Transport/indicator/MPRT-TRD-VL,2026-09-01T09:25:00Z
usa,ind,86-89_Transport,2018,MPRT-TRD-VL,3154687.204,USD thousand,https://wits.worldbank.org/API/V1/SDMX/V21/datasource/tradestats-trade/reporter/usa/year/2018/partner/all/product/86-89_Transport/indicator/MPRT-TRD-VL,2026-09-01T09:25:00Z
usa,vnm,86-89_Transport,2018,MPRT-TRD-VL,457354.644,USD thousand,https://wits.worldbank.org/API/V1/SDMX/V21/datasource/tradestats-trade/reporter/usa/year/2018/partner/all/product/86-89_Transport/indicator/MPRT-TRD-VL,2026-09-01T09:25:00Z
usa,mex,86-89_Transport,2018,MPRT-TRD-VL,95694338.524,USD thousand,https://wits.worldbank.org/API/V1/SDMX/V21/datasource/tradestats-trade/reporter/usa/year/2018/partner/all/product/86-89_Transport/indicator/MPRT-TRD-VL,2026-09-01T09:25:00Z
usa,jpn,86-89_Transport,2018,MPRT-TRD-VL,56838860.386,USD thousand,https://wits.worldbank.org/API/V1/SDMX/V21/datasource/tradestats-trade/reporter/usa/year/2018/partner/all/product/86-89_Transport/indicator/MPRT-TRD-VL,2026-09-01T09:25:00Z
usa,kor,86-89_Transport,2018,MPRT-TRD-VL,19657169.021,USD thousand,https://wits.worldbank.org/API/V1/SDMX/V21/datasource/tradestats-trade/reporter/usa/year/2018/partner/all/product/86-89_Transport/indicator/MPRT-TRD-VL,2026-09-01T09:25:00Z
usa,deu,86-89_Transport,2018,MPRT-TRD-VL,28463229.292,USD thousand,https://wits.worldbank.org/API/V1/SDMX/V21/datasource/tradestats-trade/reporter/usa/year/2018/partner/all/product/86-89_Transport/indicator/MPRT-TRD-VL,2026-09-01T09:25:00Z
usa,tha,86-89_Transport,2018,MPRT-TRD-VL,1119096.557,USD thousand,https://wits.worldbank.org/API/V1/SDMX/V21/datasource/tradestats-trade/reporter/usa/year/2018/partner/all/product/86-89_Transport/indicator/MPRT-TRD-VL,2026-09-01T09:25:00Z
usa,idn,86-89_Transport,2018,MPRT-TRD-VL,186563.933,USD thousand,https://wits.worldbank.org/API/V1/SDMX/V21/datasource/tradestats-trade/reporter/usa/year/2018/partner/all/product/86-89_Transport/indicator/MPRT-TRD-VL,2026-09-01T09:25:00Z
usa,mys,86-89_Transport,2018,MPRT-TRD-VL,245122.228,USD thousand,https://wits.worldbank.org/API/V1/SDMX/V21/datasource/tradestats-trade/reporter/usa/year/2018/partner/all/product/86-89_Transport/indicator/MPRT-TRD-VL,2026-09-01T09:25:00Z
usa,bra,86-89_Transport,2018,MPRT-TRD-VL,3240167.68,USD thousand,https://wits.worldbank.org/API/V1/SDMX/V21/datasource/tradestats-trade/reporter/usa/year/2018/partner/all/product/86-89_Transport/indicator/MPRT-TRD-VL,2026-09-01T09:25:00Z
usa,can,86-89_Transport,2018,MPRT-TRD-VL,59712514.697,USD thousand,https://wits.worldbank.org/API/V1/SDMX/V21/datasource/tradestats-trade/reporter/usa/year/2018/partner/all/product/86-89_Transport/indicator/MPRT-TRD-VL,2026-09-01T09:25:00Z
usa,sgp,86-89_Transport,2018,MPRT-TRD-VL,163096.821,USD thousand,https://wits.worldbank.org/API/V1/SDMX/V21/datasource/tradestats-trade/reporter/usa/year/2018/partner/all/product/86-89_Transport/indicator/MPRT-TRD-VL,2026-09-01T09:25:00Z
usa,che,86-89_Transport,2018,MPRT-TRD-VL,528201.271,USD thousand,https://wits.worldbank.org/API/V1/SDMX/V21/datasource/tradestats-trade/reporter/usa/year/2018/partner/all/product/86-89_Transport/indicator/MPRT-TRD-VL,2026-09-01T09:25:00Z
usa,gbr,86-89_Transport,2018,MPRT-TRD-VL,13107245.591,USD thousand,https://wits.worldbank.org/API/V1/SDMX/V21/datasource/tradestats-trade/reporter/usa/year/2018/partner/all/product/86-89_Transport/indicator/MPRT-TRD-VL,2026-09-01T09:25:00Z
usa,phl,86-89_Transport,2018,MPRT-TRD-VL,181462.233,USD thousand,https://wits.worldbank.org/API/V1/SDMX/V21/datasource/tradestats-trade/reporter/usa/year/2018/partner/all/product/86-89_Transport/indicator/MPRT-TRD-VL,2026-09-01T09:25:00Z
usa,wld,86-89_Transport,2018,MPRT-TRD-VL,342925024.343,USD thousand,https://wits.worldbank.org/API/V1/SDMX/V21/datasource/tradestats-trade/reporter/usa/year/2018/partner/all/product/86-89_Transport/indicator/MPRT-TRD-VL,2026-09-01T09:25:00Z
ind,chn,Total,2018,MPRT-TRD-VL,73605377.60381,USD thousand,https://wits.worldbank.org/API/V1/SDMX/V21/datasource/tradestats-trade/reporter/ind/year/2018/partner/all/product/Total/indicator/MPRT-TRD-VL,2026-09-01T09:25:00Z
ind,usa,Total,2018,MPRT-TRD-VL,32715037.043613,USD thousand,https://wits.worldbank.org/API/V1/SDMX/V21/datasource/tradestats-trade/reporter/ind/year/2018/partner/all/product/Total/indicator/MPRT-TRD-VL,2026-09-01T09:25:00Z
ind,vnm,Total,2018,MPRT-TRD-VL,7223367.211015,USD thousand,https://wits.worldbank.org/API/V1/SDMX/V21/datasource/tradestats-trade/reporter/ind/year/2018/partner/all/product/Total/indicator/MPRT-TRD-VL,2026-09-01T09:25:00Z
ind,mex,Total,2018,MPRT-TRD-VL,4977504.896681,USD thousand,https://wits.worldbank.org/API/V1/SDMX/V21/datasource/tradestats-trade/reporter/ind/year/2018/partner/all/product/Total/indicator/MPRT-TRD-VL,2026-09-01T09:25:00Z
ind,jpn,Total,2018,MPRT-TRD-VL,12536654.345722,USD thousand,https://wits.worldbank.org/API/V1/SDMX/V21/datasource/tradestats-trade/reporter/ind/year/2018/partner/all/product/Total/indicator/MPRT-TRD-VL,2026-09-01T09:25:00Z
ind,kor,Total,2018,MPRT-TRD-VL,16388475.984934,USD thousand,https://wits.worldbank.org/API/V1/SDMX/V21/datasource/tradestats-trade/reporter/ind/year/2018/partner/all/product/Total/indicator/MPRT-TRD-VL,2026-09-01T09:25:00Z
ind,deu,Total,2018,MPRT-TRD-VL,13846282.270241,USD thousand,https://wits.worldbank.org/API/V1/SDMX/V21/datasource/tradestats-trade/reporter/ind/year/2018/partner/all/product/Total/indicator/MPRT-TRD-VL,2026-09-01T09:25:00Z
ind,tha,Total,2018,MPRT-TRD-VL,7646919.02451,USD thousand,https://wits.worldbank.org/API/V1/SDMX/V21/datasource/tradestats-trade/reporter/ind/year/2018/partner/all/product/Total/indicator/MPRT-TRD-VL,2026-09-01T09:25:00Z
ind,idn,Total,2018,MPRT-TRD-VL,16045666.049095,USD thousand,https://wits.worldbank.org/API/V1/SDMX/V21/datasource/tradestats-trade/reporter/ind/year/2018/partner/all/product/Total/indicator/MPRT-TRD-VL,2026-09-01T09:25:00Z
ind,mys,Total,2018,MPRT-TRD-VL,10402723.109043,USD thousand,https://wits.worldbank.org/API/V1/SDMX/V21/datasource/tradestats-trade/reporter/ind/year/2018/partner/all/product/Total/indicator/MPRT-TRD-VL,2026-09-01T09:25:00Z
ind,bra,Total,2018,MPRT-TRD-VL,4621467.149425,USD thousand,https://wits.worldbank.org/API/V1/SDMX/V21/datasource/tradestats-trade/reporter/ind/year/2018/partner/all/product/Total/indicator/MPRT-TRD-VL,2026-09-01T09:25:00Z
ind,can,Total,2018,MPRT-TRD-VL,3466798.911589,USD thousand,https://wits.worldbank.org/API/V1/SDMX/V21/datasource/tradestats-trade/reporter/ind/year/2018/partner/all/product/Total/indicator/MPRT-TRD-VL,2026-09-01T09:25:00Z
ind,sgp,Total,2018,MPRT-TRD-VL,14436507.548189,USD thousand,https://wits.worldbank.org/API/V1/SDMX/V21/datasource/tradestats-trade/reporter/ind/year/2018/partner/all/product/Total/indicator/MPRT-TRD-VL,2026-09-01T09:25:00Z
ind,che,Total,2018,MPRT-TRD-VL,18032113.153131,USD thousand,https://wits.worldbank.org/API/V1/SDMX/V21/datasource/tradestats-trade/reporter/ind/year/2018/partner/all/product/Total/indicator/MPRT-TRD-VL,2026-09-01T09:25:00Z
ind,gbr,Total,2018,MPRT-TRD-VL,7053525.675365,USD thousand,https://wits.worldbank.org/API/V1/SDMX/V21/datasource/tradestats-trade/reporter/ind/year/2018/partner/all/product/Total/indicator/MPRT-TRD-VL,2026-09-01T09:25:00Z
ind,phl,Total,2018,MPRT-TRD-VL,614751.222222,USD thousand,https://wits.worldbank.org/API/V1/SDMX/V21/datasource/tradestats-trade/reporter/ind/year/2018/partner/all/product/Total/indicator/MPRT-TRD-VL,2026-09-01T09:25:00Z
ind,wld,Total,2018,MPRT-TRD-VL,507615733.027083,USD thousand,https://wits.worldbank.org/API/V1/SDMX/V21/datasource/tradestats-trade/reporter/ind/year/2018/partner/all/product/Total/indicator/MPRT-TRD-VL,2026-09-01T09:25:00Z
ind,chn,84-85_MachElec,2018,MPRT-TRD-VL,36809114.450446,USD thousand,https://wits.worldbank.org/API/V1/SDMX/V21/datasource/tradestats-trade/reporter/ind/year/2018/partner/all/product/84-85_MachElec/indicator/MPRT-TRD-VL,2026-09-01T09:32:00Z
ind,usa,84-85_MachElec,2018,MPRT-TRD-VL,5725865.508346,USD thousand,https://wits.worldbank.org/API/V1/SDMX/V21/datasource/tradestats-trade/reporter/ind/year/2018/partner/all/product/84-85_MachElec/indicator/MPRT-TRD-VL,2026-09-01T09:32:00Z
ind,vnm,84-85_MachElec,2018,MPRT-TRD-VL,3903750.166528,USD thousand,https://wits.worldbank.org/API/V1/SDMX/V21/datasource/tradestats-trade/reporter/ind/year/2018/partner/all/product/84-85_MachElec/indicator/MPRT-TRD-VL,2026-09-01T09:32:00Z
ind,mex,84-85_MachElec,2018,MPRT-TRD-VL,,,,NOT_RETURNED_BY_API
ind,jpn,84-85_MachElec,2018,MPRT-TRD-VL,4702546.522187,USD thousand,https://wits.worldbank.org/API/V1/SDMX/V21/datasource/tradestats-trade/reporter/ind/year/2018/partner/all/product/84-85_MachElec/indicator/MPRT-TRD-VL,2026-09-01T09:32:00Z
ind,kor,84-85_MachElec,2018,MPRT-TRD-VL,5118375.659204,USD thousand,https://wits.worldbank.org/API/V1/SDMX/V21/datasource/tradestats-trade/reporter/ind/year/2018/partner/all/product/84-85_MachElec/indicator/MPRT-TRD-VL,2026-09-01T09:32:00Z
ind,deu,84-85_MachElec,2018,MPRT-TRD-VL,6186405.771104,USD thousand,https://wits.worldbank.org/API/V1/SDMX/V21/datasource/tradestats-trade/reporter/ind/year/2018/partner/all/product/84-85_MachElec/indicator/MPRT-TRD-VL,2026-09-01T09:32:00Z
ind,tha,84-85_MachElec,2018,MPRT-TRD-VL,2323809.05965,USD thousand,https://wits.worldbank.org/API/V1/SDMX/V21/datasource/tradestats-trade/reporter/ind/year/2018/partner/all/product/84-85_MachElec/indicator/MPRT-TRD-VL,2026-09-01T09:32:00Z
ind,idn,84-85_MachElec,2018,MPRT-TRD-VL,414848.510379,USD thousand,https://wits.worldbank.org/API/V1/SDMX/V21/datasource/tradestats-trade/reporter/ind/year/2018/partner/all/product/84-85_MachElec/indicator/MPRT-TRD-VL,2026-09-01T09:32:00Z
ind,mys,84-85_MachElec,2018,MPRT-TRD-VL,1837043.170469,USD thousand,https://wits.worldbank.org/API/V1/SDMX/V21/datasource/tradestats-trade/reporter/ind/year/2018/partner/all/product/84-85_MachElec/indicator/MPRT-TRD-VL,2026-09-01T09:32:00Z
ind,bra,84-85_MachElec,2018,MPRT-TRD-VL,183667.267333,USD thousand,https://wits.worldbank.org/API/V1/SDMX/V21/datasource/tradestats-trade/reporter/ind/year/2018/partner/all/product/84-85_MachElec/indicator/MPRT-TRD-VL,2026-09-01T09:32:00Z
ind,can,84-85_MachElec,2018,MPRT-TRD-VL,305823.664862,USD thousand,https://wits.worldbank.org/API/V1/SDMX/V21/datasource/tradestats-trade/reporter/ind/year/2018/partner/all/product/84-85_MachElec/indicator/MPRT-TRD-VL,2026-09-01T09:32:00Z
ind,sgp,84-85_MachElec,2018,MPRT-TRD-VL,5008926.793941,USD thousand,https://wits.worldbank.org/API/V1/SDMX/V21/datasource/tradestats-trade/reporter/ind/year/2018/partner/all/product/84-85_MachElec/indicator/MPRT-TRD-VL,2026-09-01T09:32:00Z
ind,che,84-85_MachElec,2018,MPRT-TRD-VL,525700.934569,USD thousand,https://wits.worldbank.org/API/V1/SDMX/V21/datasource/tradestats-trade/reporter/ind/year/2018/partner/all/product/84-85_MachElec/indicator/MPRT-TRD-VL,2026-09-01T09:32:00Z
ind,gbr,84-85_MachElec,2018,MPRT-TRD-VL,1532790.954089,USD thousand,https://wits.worldbank.org/API/V1/SDMX/V21/datasource/tradestats-trade/reporter/ind/year/2018/partner/all/product/84-85_MachElec/indicator/MPRT-TRD-VL,2026-09-01T09:32:00Z
ind,phl,84-85_MachElec,2018,MPRT-TRD-VL,291600.728113,USD thousand,https://wits.worldbank.org/API/V1/SDMX/V21/datasource/tradestats-trade/reporter/ind/year/2018/partner/all/product/84-85_MachElec/indicator/MPRT-TRD-VL,2026-09-01T09:32:00Z
ind,wld,84-85_MachElec,2018,MPRT-TRD-VL,95355746.28826,USD thousand,https://wits.worldbank.org/API/V1/SDMX/V21/datasource/tradestats-trade/reporter/ind/year/2018/partner/all/product/84-85_MachElec/indicator/MPRT-TRD-VL,2026-09-01T09:32:00Z
ind,chn,28-38_Chemicals,2018,MPRT-TRD-VL,13726209.598909,USD thousand,https://wits.worldbank.org/API/V1/SDMX/V21/datasource/tradestats-trade/reporter/ind/year/2018/partner/all/product/28-38_Chemicals/indicator/MPRT-TRD-VL,2026-09-01T09:32:00Z
ind,usa,28-38_Chemicals,2018,MPRT-TRD-VL,3953256.890112,USD thousand,https://wits.worldbank.org/API/V1/SDMX/V21/datasource/tradestats-trade/reporter/ind/year/2018/partner/all/product/28-38_Chemicals/indicator/MPRT-TRD-VL,2026-09-01T09:32:00Z
ind,vnm,28-38_Chemicals,2018,MPRT-TRD-VL,677879.189446,USD thousand,https://wits.worldbank.org/API/V1/SDMX/V21/datasource/tradestats-trade/reporter/ind/year/2018/partner/all/product/28-38_Chemicals/indicator/MPRT-TRD-VL,2026-09-01T09:32:00Z
ind,mex,28-38_Chemicals,2018,MPRT-TRD-VL,173378.062728,USD thousand,https://wits.worldbank.org/API/V1/SDMX/V21/datasource/tradestats-trade/reporter/ind/year/2018/partner/all/product/28-38_Chemicals/indicator/MPRT-TRD-VL,2026-09-01T09:32:00Z
ind,jpn,28-38_Chemicals,2018,MPRT-TRD-VL,1570758.564098,USD thousand,https://wits.worldbank.org/API/V1/SDMX/V21/datasource/tradestats-trade/reporter/ind/year/2018/partner/all/product/28-38_Chemicals/indicator/MPRT-TRD-VL,2026-09-01T09:32:00Z
ind,kor,28-38_Chemicals,2018,MPRT-TRD-VL,1739005.883173,USD thousand,https://wits.worldbank.org/API/V1/SDMX/V21/datasource/tradestats-trade/reporter/ind/year/2018/partner/all/product/28-38_Chemicals/indicator/MPRT-TRD-VL,2026-09-01T09:32:00Z
ind,deu,28-38_Chemicals,2018,MPRT-TRD-VL,1581816.306314,USD thousand,https://wits.worldbank.org/API/V1/SDMX/V21/datasource/tradestats-trade/reporter/ind/year/2018/partner/all/product/28-38_Chemicals/indicator/MPRT-TRD-VL,2026-09-01T09:32:00Z
ind,tha,28-38_Chemicals,2018,MPRT-TRD-VL,1048240.436076,USD thousand,https://wits.worldbank.org/API/V1/SDMX/V21/datasource/tradestats-trade/reporter/ind/year/2018/partner/all/product/28-38_Chemicals/indicator/MPRT-TRD-VL,2026-09-01T09:32:00Z
ind,idn,28-38_Chemicals,2018,MPRT-TRD-VL,907767.114811,USD thousand,https://wits.worldbank.org/API/V1/SDMX/V21/datasource/tradestats-trade/reporter/ind/year/2018/partner/all/product/28-38_Chemicals/indicator/MPRT-TRD-VL,2026-09-01T09:32:00Z
ind,mys,28-38_Chemicals,2018,MPRT-TRD-VL,750764.136281,USD thousand,https://wits.worldbank.org/API/V1/SDMX/V21/datasource/tradestats-trade/reporter/ind/year/2018/partner/all/product/28-38_Chemicals/indicator/MPRT-TRD-VL,2026-09-01T09:32:00Z
ind,bra,28-38_Chemicals,2018,MPRT-TRD-VL,330638.790389,USD thousand,https://wits.worldbank.org/API/V1/SDMX/V21/datasource/tradestats-trade/reporter/ind/year/2018/partner/all/product/28-38_Chemicals/indicator/MPRT-TRD-VL,2026-09-01T09:32:00Z
ind,can,28-38_Chemicals,2018,MPRT-TRD-VL,457696.21549,USD thousand,https://wits.worldbank.org/API/V1/SDMX/V21/datasource/tradestats-trade/reporter/ind/year/2018/partner/all/product/28-38_Chemicals/indicator/MPRT-TRD-VL,2026-09-01T09:32:00Z
ind,sgp,28-38_Chemicals,2018,MPRT-TRD-VL,2459437.635562,USD thousand,https://wits.worldbank.org/API/V1/SDMX/V21/datasource/tradestats-trade/reporter/ind/year/2018/partner/all/product/28-38_Chemicals/indicator/MPRT-TRD-VL,2026-09-01T09:32:00Z
ind,che,28-38_Chemicals,2018,MPRT-TRD-VL,582915.535371,USD thousand,https://wits.worldbank.org/API/V1/SDMX/V21/datasource/tradestats-trade/reporter/ind/year/2018/partner/all/product/28-38_Chemicals/indicator/MPRT-TRD-VL,2026-09-01T09:32:00Z
ind,gbr,28-38_Chemicals,2018,MPRT-TRD-VL,468495.64365,USD thousand,https://wits.worldbank.org/API/V1/SDMX/V21/datasource/tradestats-trade/reporter/ind/year/2018/partner/all/product/28-38_Chemicals/indicator/MPRT-TRD-VL,2026-09-01T09:32:00Z
ind,phl,28-38_Chemicals,2018,MPRT-TRD-VL,41111.057718,USD thousand,https://wits.worldbank.org/API/V1/SDMX/V21/datasource/tradestats-trade/reporter/ind/year/2018/partner/all/product/28-38_Chemicals/indicator/MPRT-TRD-VL,2026-09-01T09:32:00Z
ind,wld,28-38_Chemicals,2018,MPRT-TRD-VL,48043739.707857,USD thousand,https://wits.worldbank.org/API/V1/SDMX/V21/datasource/tradestats-trade/reporter/ind/year/2018/partner/all/product/28-38_Chemicals/indicator/MPRT-TRD-VL,2026-09-01T09:32:00Z
ind,chn,72-83_Metals,2018,MPRT-TRD-VL,5470632.219324,USD thousand,https://wits.worldbank.org/API/V1/SDMX/V21/datasource/tradestats-trade/reporter/ind/year/2018/partner/all/product/72-83_Metals/indicator/MPRT-TRD-VL,2026-09-01T09:32:00Z
ind,usa,72-83_Metals,2018,MPRT-TRD-VL,1714873.132448,USD thousand,https://wits.worldbank.org/API/V1/SDMX/V21/datasource/tradestats-trade/reporter/ind/year/2018/partner/all/product/72-83_Metals/indicator/MPRT-TRD-VL,2026-09-01T09:32:00Z
ind,vnm,72-83_Metals,2018,MPRT-TRD-VL,,,,NOT_RETURNED_BY_API
ind,mex,72-83_Metals,2018,MPRT-TRD-VL,,,,NOT_RETURNED_BY_API
ind,jpn,72-83_Metals,2018,MPRT-TRD-VL,2411140.388624,USD thousand,https://wits.worldbank.org/API/V1/SDMX/V21/datasource/tradestats-trade/reporter/ind/year/2018/partner/all/product/72-83_Metals/indicator/MPRT-TRD-VL,2026-09-01T09:32:00Z
ind,kor,72-83_Metals,2018,MPRT-TRD-VL,4131450.930684,USD thousand,https://wits.worldbank.org/API/V1/SDMX/V21/datasource/tradestats-trade/reporter/ind/year/2018/partner/all/product/72-83_Metals/indicator/MPRT-TRD-VL,2026-09-01T09:32:00Z
ind,deu,72-83_Metals,2018,MPRT-TRD-VL,1244905.951021,USD thousand,https://wits.worldbank.org/API/V1/SDMX/V21/datasource/tradestats-trade/reporter/ind/year/2018/partner/all/product/72-83_Metals/indicator/MPRT-TRD-VL,2026-09-01T09:32:00Z
ind,tha,72-83_Metals,2018,MPRT-TRD-VL,814939.960719,USD thousand,https://wits.worldbank.org/API/V1/SDMX/V21/datasource/tradestats-trade/reporter/ind/year/2018/partner/all/product/72-83_Metals/indicator/MPRT-TRD-VL,2026-09-01T09:32:00Z
ind,idn,72-83_Metals,2018,MPRT-TRD-VL,865533.027132,USD thousand,https://wits.worldbank.org/API/V1/SDMX/V21/datasource/tradestats-trade/reporter/ind/year/2018/partner/all/product/72-83_Metals/indicator/MPRT-TRD-VL,2026-09-01T09:32:00Z
ind,mys,72-83_Metals,2018,MPRT-TRD-VL,1640191.145474,USD thousand,https://wits.worldbank.org/API/V1/SDMX/V21/datasource/tradestats-trade/reporter/ind/year/2018/partner/all/product/72-83_Metals/indicator/MPRT-TRD-VL,2026-09-01T09:32:00Z
ind,bra,72-83_Metals,2018,MPRT-TRD-VL,186509.726776,USD thousand,https://wits.worldbank.org/API/V1/SDMX/V21/datasource/tradestats-trade/reporter/ind/year/2018/partner/all/product/72-83_Metals/indicator/MPRT-TRD-VL,2026-09-01T09:32:00Z
ind,can,72-83_Metals,2018,MPRT-TRD-VL,228658.297693,USD thousand,https://wits.worldbank.org/API/V1/SDMX/V21/datasource/tradestats-trade/reporter/ind/year/2018/partner/all/product/72-83_Metals/indicator/MPRT-TRD-VL,2026-09-01T09:32:00Z
ind,sgp,72-83_Metals,2018,MPRT-TRD-VL,886261.382376,USD thousand,https://wits.worldbank.org/API/V1/SDMX/V21/datasource/tradestats-trade/reporter/ind/year/2018/partner/all/product/72-83_Metals/indicator/MPRT-TRD-VL,2026-09-01T09:32:00Z
ind,che,72-83_Metals,2018,MPRT-TRD-VL,296863.919687,USD thousand,https://wits.worldbank.org/API/V1/SDMX/V21/datasource/tradestats-trade/reporter/ind/year/2018/partner/all/product/72-83_Metals/indicator/MPRT-TRD-VL,2026-09-01T09:32:00Z
ind,gbr,72-83_Metals,2018,MPRT-TRD-VL,1062469.763147,USD thousand,https://wits.worldbank.org/API/V1/SDMX/V21/datasource/tradestats-trade/reporter/ind/year/2018/partner/all/product/72-83_Metals/indicator/MPRT-TRD-VL,2026-09-01T09:32:00Z
ind,phl,72-83_Metals,2018,MPRT-TRD-VL,68035.250609,USD thousand,https://wits.worldbank.org/API/V1/SDMX/V21/datasource/tradestats-trade/reporter/ind/year/2018/partner/all/product/72-83_Metals/indicator/MPRT-TRD-VL,2026-09-01T09:32:00Z
ind,wld,72-83_Metals,2018,MPRT-TRD-VL,32958486.802448,USD thousand,https://wits.worldbank.org/API/V1/SDMX/V21/datasource/tradestats-trade/reporter/ind/year/2018/partner/all/product/72-83_Metals/indicator/MPRT-TRD-VL,2026-09-01T09:32:00Z
ind,chn,86-89_Transport,2018,MPRT-TRD-VL,2408232.127688,USD thousand,https://wits.worldbank.org/API/V1/SDMX/V21/datasource/tradestats-trade/reporter/ind/year/2018/partner/all/product/86-89_Transport/indicator/MPRT-TRD-VL,2026-09-01T09:38:00Z
ind,usa,86-89_Transport,2018,MPRT-TRD-VL,1029704.921496,USD thousand,https://wits.worldbank.org/API/V1/SDMX/V21/datasource/tradestats-trade/reporter/ind/year/2018/partner/all/product/86-89_Transport/indicator/MPRT-TRD-VL,2026-09-01T09:38:00Z
ind,sgp,86-89_Transport,2018,MPRT-TRD-VL,1000166.925881,USD thousand,https://wits.worldbank.org/API/V1/SDMX/V21/datasource/tradestats-trade/reporter/ind/year/2018/partner/all/product/86-89_Transport/indicator/MPRT-TRD-VL,2026-09-01T09:38:00Z
ind,kor,86-89_Transport,2018,MPRT-TRD-VL,1114225.052314,USD thousand,https://wits.worldbank.org/API/V1/SDMX/V21/datasource/tradestats-trade/reporter/ind/year/2018/partner/all/product/86-89_Transport/indicator/MPRT-TRD-VL,2026-09-01T09:38:00Z
ind,jpn,86-89_Transport,2018,MPRT-TRD-VL,791917.7137,USD thousand,https://wits.worldbank.org/API/V1/SDMX/V21/datasource/tradestats-trade/reporter/ind/year/2018/partner/all/product/86-89_Transport/indicator/MPRT-TRD-VL,2026-09-01T09:38:00Z
ind,deu,86-89_Transport,2018,MPRT-TRD-VL,1277415.862453,USD thousand,https://wits.worldbank.org/API/V1/SDMX/V21/datasource/tradestats-trade/reporter/ind/year/2018/partner/all/product/86-89_Transport/indicator/MPRT-TRD-VL,2026-09-01T09:38:00Z
ind,tha,86-89_Transport,2018,MPRT-TRD-VL,478037.878474,USD thousand,https://wits.worldbank.org/API/V1/SDMX/V21/datasource/tradestats-trade/reporter/ind/year/2018/partner/all/product/86-89_Transport/indicator/MPRT-TRD-VL,2026-09-01T09:38:00Z
ind,idn,86-89_Transport,2018,MPRT-TRD-VL,456815.361855,USD thousand,https://wits.worldbank.org/API/V1/SDMX/V21/datasource/tradestats-trade/reporter/ind/year/2018/partner/all/product/86-89_Transport/indicator/MPRT-TRD-VL,2026-09-01T09:38:00Z
ind,mys,86-89_Transport,2018,MPRT-TRD-VL,373591.550369,USD thousand,https://wits.worldbank.org/API/V1/SDMX/V21/datasource/tradestats-trade/reporter/ind/year/2018/partner/all/product/86-89_Transport/indicator/MPRT-TRD-VL,2026-09-01T09:38:00Z
ind,gbr,86-89_Transport,2018,MPRT-TRD-VL,345917.941154,USD thousand,https://wits.worldbank.org/API/V1/SDMX/V21/datasource/tradestats-trade/reporter/ind/year/2018/partner/all/product/86-89_Transport/indicator/MPRT-TRD-VL,2026-09-01T09:38:00Z
ind,mex,86-89_Transport,2018,MPRT-TRD-VL,121649.380056,USD thousand,https://wits.worldbank.org/API/V1/SDMX/V21/datasource/tradestats-trade/reporter/ind/year/2018/partner/all/product/86-89_Transport/indicator/MPRT-TRD-VL,2026-09-01T09:38:00Z
ind,bra,86-89_Transport,2018,MPRT-TRD-VL,37955.88495,USD thousand,https://wits.worldbank.org/API/V1/SDMX/V21/datasource/tradestats-trade/reporter/ind/year/2018/partner/all/product/86-89_Transport/indicator/MPRT-TRD-VL,2026-09-01T09:38:00Z
ind,can,86-89_Transport,2018,MPRT-TRD-VL,32354.207488,USD thousand,https://wits.worldbank.org/API/V1/SDMX/V21/datasource/tradestats-trade/reporter/ind/year/2018/partner/all/product/86-89_Transport/indicator/MPRT-TRD-VL,2026-09-01T09:38:00Z
ind,che,86-89_Transport,2018,MPRT-TRD-VL,4198.431307,USD thousand,https://wits.worldbank.org/API/V1/SDMX/V21/datasource/tradestats-trade/reporter/ind/year/2018/partner/all/product/86-89_Transport/indicator/MPRT-TRD-VL,2026-09-01T09:38:00Z
ind,phl,86-89_Transport,2018,MPRT-TRD-VL,12146.205875,USD thousand,https://wits.worldbank.org/API/V1/SDMX/V21/datasource/tradestats-trade/reporter/ind/year/2018/partner/all/product/86-89_Transport/indicator/MPRT-TRD-VL,2026-09-01T09:38:00Z
ind,vnm,86-89_Transport,2018,MPRT-TRD-VL,44262.437315,USD thousand,https://wits.worldbank.org/API/V1/SDMX/V21/datasource/tradestats-trade/reporter/ind/year/2018/partner/all/product/86-89_Transport/indicator/MPRT-TRD-VL,2026-09-01T09:38:00Z
ind,wld,86-89_Transport,2018,MPRT-TRD-VL,13852717.817452,USD thousand,https://wits.worldbank.org/API/V1/SDMX/V21/datasource/tradestats-trade/reporter/ind/year/2018/partner/all/product/86-89_Transport/indicator/MPRT-TRD-VL,2026-09-01T09:38:00Z
chn,usa,Total,2018,MPRT-TRD-VL,156015756.423,USD thousand,https://wits.worldbank.org/API/V1/SDMX/V21/datasource/tradestats-trade/reporter/chn/year/2018/partner/all/product/Total/indicator/MPRT-TRD-VL,2026-09-01T09:38:00Z
chn,ind,Total,2018,MPRT-TRD-VL,18833346.931,USD thousand,https://wits.worldbank.org/API/V1/SDMX/V21/datasource/tradestats-trade/reporter/chn/year/2018/partner/all/product/Total/indicator/MPRT-TRD-VL,2026-09-01T09:38:00Z
chn,vnm,Total,2018,MPRT-TRD-VL,63956351.155,USD thousand,https://wits.worldbank.org/API/V1/SDMX/V21/datasource/tradestats-trade/reporter/chn/year/2018/partner/all/product/Total/indicator/MPRT-TRD-VL,2026-09-01T09:38:00Z
chn,mex,Total,2018,MPRT-TRD-VL,14008909.646,USD thousand,https://wits.worldbank.org/API/V1/SDMX/V21/datasource/tradestats-trade/reporter/chn/year/2018/partner/all/product/Total/indicator/MPRT-TRD-VL,2026-09-01T09:38:00Z
chn,jpn,Total,2018,MPRT-TRD-VL,180660538.752,USD thousand,https://wits.worldbank.org/API/V1/SDMX/V21/datasource/tradestats-trade/reporter/chn/year/2018/partner/all/product/Total/indicator/MPRT-TRD-VL,2026-09-01T09:38:00Z
chn,kor,Total,2018,MPRT-TRD-VL,204643401.328,USD thousand,https://wits.worldbank.org/API/V1/SDMX/V21/datasource/tradestats-trade/reporter/chn/year/2018/partner/all/product/Total/indicator/MPRT-TRD-VL,2026-09-01T09:38:00Z
chn,deu,Total,2018,MPRT-TRD-VL,106323509.875,USD thousand,https://wits.worldbank.org/API/V1/SDMX/V21/datasource/tradestats-trade/reporter/chn/year/2018/partner/all/product/Total/indicator/MPRT-TRD-VL,2026-09-01T09:38:00Z
chn,tha,Total,2018,MPRT-TRD-VL,44629636.653,USD thousand,https://wits.worldbank.org/API/V1/SDMX/V21/datasource/tradestats-trade/reporter/chn/year/2018/partner/all/product/Total/indicator/MPRT-TRD-VL,2026-09-01T09:38:00Z
chn,idn,Total,2018,MPRT-TRD-VL,34151845.17,USD thousand,https://wits.worldbank.org/API/V1/SDMX/V21/datasource/tradestats-trade/reporter/chn/year/2018/partner/all/product/Total/indicator/MPRT-TRD-VL,2026-09-01T09:38:00Z
chn,mys,Total,2018,MPRT-TRD-VL,63205046.045,USD thousand,https://wits.worldbank.org/API/V1/SDMX/V21/datasource/tradestats-trade/reporter/chn/year/2018/partner/all/product/Total/indicator/MPRT-TRD-VL,2026-09-01T09:38:00Z
chn,bra,Total,2018,MPRT-TRD-VL,77569499.985,USD thousand,https://wits.worldbank.org/API/V1/SDMX/V21/datasource/tradestats-trade/reporter/chn/year/2018/partner/all/product/Total/indicator/MPRT-TRD-VL,2026-09-01T09:38:00Z
chn,can,Total,2018,MPRT-TRD-VL,28359370.499,USD thousand,https://wits.worldbank.org/API/V1/SDMX/V21/datasource/tradestats-trade/reporter/chn/year/2018/partner/all/product/Total/indicator/MPRT-TRD-VL,2026-09-01T09:38:00Z
chn,sgp,Total,2018,MPRT-TRD-VL,33727771.702,USD thousand,https://wits.worldbank.org/API/V1/SDMX/V21/datasource/tradestats-trade/reporter/chn/year/2018/partner/all/product/Total/indicator/MPRT-TRD-VL,2026-09-01T09:38:00Z
chn,che,Total,2018,MPRT-TRD-VL,38647609.029,USD thousand,https://wits.worldbank.org/API/V1/SDMX/V21/datasource/tradestats-trade/reporter/chn/year/2018/partner/all/product/Total/indicator/MPRT-TRD-VL,2026-09-01T09:38:00Z
chn,gbr,Total,2018,MPRT-TRD-VL,23870561.399,USD thousand,https://wits.worldbank.org/API/V1/SDMX/V21/datasource/tradestats-trade/reporter/chn/year/2018/partner/all/product/Total/indicator/MPRT-TRD-VL,2026-09-01T09:38:00Z
chn,phl,Total,2018,MPRT-TRD-VL,20611587.611,USD thousand,https://wits.worldbank.org/API/V1/SDMX/V21/datasource/tradestats-trade/reporter/chn/year/2018/partner/all/product/Total/indicator/MPRT-TRD-VL,2026-09-01T09:38:00Z
chn,wld,Total,2018,MPRT-TRD-VL,2133605397.056,USD thousand,https://wits.worldbank.org/API/V1/SDMX/V21/datasource/tradestats-trade/reporter/chn/year/2018/partner/all/product/Total/indicator/MPRT-TRD-VL,2026-09-01T09:38:00Z
chn,usa,84-85_MachElec,2018,MPRT-TRD-VL,35112637.758,USD thousand,https://wits.worldbank.org/API/V1/SDMX/V21/datasource/tradestats-trade/reporter/chn/year/2018/partner/all/product/84-85_MachElec/indicator/MPRT-TRD-VL,2026-09-01T09:38:00Z
chn,ind,84-85_MachElec,2018,MPRT-TRD-VL,1306181.102,USD thousand,https://wits.worldbank.org/API/V1/SDMX/V21/datasource/tradestats-trade/reporter/chn/year/2018/partner/all/product/84-85_MachElec/indicator/MPRT-TRD-VL,2026-09-01T09:38:00Z
chn,vnm,84-85_MachElec,2018,MPRT-TRD-VL,35453343.013,USD thousand,https://wits.worldbank.org/API/V1/SDMX/V21/datasource/tradestats-trade/reporter/chn/year/2018/partner/all/product/84-85_MachElec/indicator/MPRT-TRD-VL,2026-09-01T09:38:00Z
chn,mex,84-85_MachElec,2018,MPRT-TRD-VL,5640909.307,USD thousand,https://wits.worldbank.org/API/V1/SDMX/V21/datasource/tradestats-trade/reporter/chn/year/2018/partner/all/product/84-85_MachElec/indicator/MPRT-TRD-VL,2026-09-01T09:38:00Z
chn,jpn,84-85_MachElec,2018,MPRT-TRD-VL,82294624.556,USD thousand,https://wits.worldbank.org/API/V1/SDMX/V21/datasource/tradestats-trade/reporter/chn/year/2018/partner/all/product/84-85_MachElec/indicator/MPRT-TRD-VL,2026-09-01T09:38:00Z
chn,kor,84-85_MachElec,2018,MPRT-TRD-VL,123414461.176,USD thousand,https://wits.worldbank.org/API/V1/SDMX/V21/datasource/tradestats-trade/reporter/chn/year/2018/partner/all/product/84-85_MachElec/indicator/MPRT-TRD-VL,2026-09-01T09:38:00Z
chn,deu,84-85_MachElec,2018,MPRT-TRD-VL,36807303.654,USD thousand,https://wits.worldbank.org/API/V1/SDMX/V21/datasource/tradestats-trade/reporter/chn/year/2018/partner/all/product/84-85_MachElec/indicator/MPRT-TRD-VL,2026-09-01T09:38:00Z
chn,tha,84-85_MachElec,2018,MPRT-TRD-VL,17726774.402,USD thousand,https://wits.worldbank.org/API/V1/SDMX/V21/datasource/tradestats-trade/reporter/chn/year/2018/partner/all/product/84-85_MachElec/indicator/MPRT-TRD-VL,2026-09-01T09:38:00Z
chn,idn,84-85_MachElec,2018,MPRT-TRD-VL,1857439.395,USD thousand,https://wits.worldbank.org/API/V1/SDMX/V21/datasource/tradestats-trade/reporter/chn/year/2018/partner/all/product/84-85_MachElec/indicator/MPRT-TRD-VL,2026-09-01T09:38:00Z
chn,mys,84-85_MachElec,2018,MPRT-TRD-VL,37756540.16,USD thousand,https://wits.worldbank.org/API/V1/SDMX/V21/datasource/tradestats-trade/reporter/chn/year/2018/partner/all/product/84-85_MachElec/indicator/MPRT-TRD-VL,2026-09-01T09:38:00Z
chn,bra,84-85_MachElec,2018,MPRT-TRD-VL,250225.055,USD thousand,https://wits.worldbank.org/API/V1/SDMX/V21/datasource/tradestats-trade/reporter/chn/year/2018/partner/all/product/84-85_MachElec/indicator/MPRT-TRD-VL,2026-09-01T09:38:00Z
chn,can,84-85_MachElec,2018,MPRT-TRD-VL,1485367.355,USD thousand,https://wits.worldbank.org/API/V1/SDMX/V21/datasource/tradestats-trade/reporter/chn/year/2018/partner/all/product/84-85_MachElec/indicator/MPRT-TRD-VL,2026-09-01T09:38:00Z
chn,sgp,84-85_MachElec,2018,MPRT-TRD-VL,13376524.142,USD thousand,https://wits.worldbank.org/API/V1/SDMX/V21/datasource/tradestats-trade/reporter/chn/year/2018/partner/all/product/84-85_MachElec/indicator/MPRT-TRD-VL,2026-09-01T09:38:00Z
chn,che,84-85_MachElec,2018,MPRT-TRD-VL,3490969.483,USD thousand,https://wits.worldbank.org/API/V1/SDMX/V21/datasource/tradestats-trade/reporter/chn/year/2018/partner/all/product/84-85_MachElec/indicator/MPRT-TRD-VL,2026-09-01T09:38:00Z
chn,gbr,84-85_MachElec,2018,MPRT-TRD-VL,3340201.961,USD thousand,https://wits.worldbank.org/API/V1/SDMX/V21/datasource/tradestats-trade/reporter/chn/year/2018/partner/all/product/84-85_MachElec/indicator/MPRT-TRD-VL,2026-09-01T09:38:00Z
chn,phl,84-85_MachElec,2018,MPRT-TRD-VL,15251883.009,USD thousand,https://wits.worldbank.org/API/V1/SDMX/V21/datasource/tradestats-trade/reporter/chn/year/2018/partner/all/product/84-85_MachElec/indicator/MPRT-TRD-VL,2026-09-01T09:38:00Z
chn,wld,84-85_MachElec,2018,MPRT-TRD-VL,712409176.914,USD thousand,https://wits.worldbank.org/API/V1/SDMX/V21/datasource/tradestats-trade/reporter/chn/year/2018/partner/all/product/84-85_MachElec/indicator/MPRT-TRD-VL,2026-09-01T09:38:00Z
chn,usa,28-38_Chemicals,2018,MPRT-TRD-VL,17292260.066,USD thousand,https://wits.worldbank.org/API/V1/SDMX/V21/datasource/tradestats-trade/reporter/chn/year/2018/partner/all/product/28-38_Chemicals/indicator/MPRT-TRD-VL,2026-09-01T09:45:00Z
chn,ind,28-38_Chemicals,2018,MPRT-TRD-VL,3586904.233,USD thousand,https://wits.worldbank.org/API/V1/SDMX/V21/datasource/tradestats-trade/reporter/chn/year/2018/partner/all/product/28-38_Chemicals/indicator/MPRT-TRD-VL,2026-09-01T09:45:00Z
chn,vnm,28-38_Chemicals,2018,MPRT-TRD-VL,571602.358,USD thousand,https://wits.worldbank.org/API/V1/SDMX/V21/datasource/tradestats-trade/reporter/chn/year/2018/partner/all/product/28-38_Chemicals/indicator/MPRT-TRD-VL,2026-09-01T09:45:00Z
chn,mex,28-38_Chemicals,2018,MPRT-TRD-VL,,,,NOT_RETURNED_BY_API
chn,jpn,28-38_Chemicals,2018,MPRT-TRD-VL,20241353.692,USD thousand,https://wits.worldbank.org/API/V1/SDMX/V21/datasource/tradestats-trade/reporter/chn/year/2018/partner/all/product/28-38_Chemicals/indicator/MPRT-TRD-VL,2026-09-01T09:45:00Z
chn,kor,28-38_Chemicals,2018,MPRT-TRD-VL,22750231.85,USD thousand,https://wits.worldbank.org/API/V1/SDMX/V21/datasource/tradestats-trade/reporter/chn/year/2018/partner/all/product/28-38_Chemicals/indicator/MPRT-TRD-VL,2026-09-01T09:45:00Z
chn,deu,28-38_Chemicals,2018,MPRT-TRD-VL,13273000.163,USD thousand,https://wits.worldbank.org/API/V1/SDMX/V21/datasource/tradestats-trade/reporter/chn/year/2018/partner/all/product/28-38_Chemicals/indicator/MPRT-TRD-VL,2026-09-01T09:45:00Z
chn,tha,28-38_Chemicals,2018,MPRT-TRD-VL,3136073.056,USD thousand,https://wits.worldbank.org/API/V1/SDMX/V21/datasource/tradestats-trade/reporter/chn/year/2018/partner/all/product/28-38_Chemicals/indicator/MPRT-TRD-VL,2026-09-01T09:45:00Z
chn,idn,28-38_Chemicals,2018,MPRT-TRD-VL,1694430.446,USD thousand,https://wits.worldbank.org/API/V1/SDMX/V21/datasource/tradestats-trade/reporter/chn/year/2018/partner/all/product/28-38_Chemicals/indicator/MPRT-TRD-VL,2026-09-01T09:45:00Z
chn,mys,28-38_Chemicals,2018,MPRT-TRD-VL,2389542.622,USD thousand,https://wits.worldbank.org/API/V1/SDMX/V21/datasource/tradestats-trade/reporter/chn/year/2018/partner/all/product/28-38_Chemicals/indicator/MPRT-TRD-VL,2026-09-01T09:45:00Z
chn,bra,28-38_Chemicals,2018,MPRT-TRD-VL,389223.786,USD thousand,https://wits.worldbank.org/API/V1/SDMX/V21/datasource/tradestats-trade/reporter/chn/year/2018/partner/all/product/28-38_Chemicals/indicator/MPRT-TRD-VL,2026-09-01T09:45:00Z
chn,can,28-38_Chemicals,2018,MPRT-TRD-VL,2322613.251,USD thousand,https://wits.worldbank.org/API/V1/SDMX/V21/datasource/tradestats-trade/reporter/chn/year/2018/partner/all/product/28-38_Chemicals/indicator/MPRT-TRD-VL,2026-09-01T09:45:00Z
chn,sgp,28-38_Chemicals,2018,MPRT-TRD-VL,5100412.946,USD thousand,https://wits.worldbank.org/API/V1/SDMX/V21/datasource/tradestats-trade/reporter/chn/year/2018/partner/all/product/28-38_Chemicals/indicator/MPRT-TRD-VL,2026-09-01T09:45:00Z
chn,che,28-38_Chemicals,2018,MPRT-TRD-VL,2363158.67,USD thousand,https://wits.worldbank.org/API/V1/SDMX/V21/datasource/tradestats-trade/reporter/chn/year/2018/partner/all/product/28-38_Chemicals/indicator/MPRT-TRD-VL,2026-09-01T09:45:00Z
chn,gbr,28-38_Chemicals,2018,MPRT-TRD-VL,2761668.101,USD thousand,https://wits.worldbank.org/API/V1/SDMX/V21/datasource/tradestats-trade/reporter/chn/year/2018/partner/all/product/28-38_Chemicals/indicator/MPRT-TRD-VL,2026-09-01T09:45:00Z
chn,phl,28-38_Chemicals,2018,MPRT-TRD-VL,363619.608,USD thousand,https://wits.worldbank.org/API/V1/SDMX/V21/datasource/tradestats-trade/reporter/chn/year/2018/partner/all/product/28-38_Chemicals/indicator/MPRT-TRD-VL,2026-09-01T09:45:00Z
chn,wld,28-38_Chemicals,2018,MPRT-TRD-VL,154051564.254,USD thousand,https://wits.worldbank.org/API/V1/SDMX/V21/datasource/tradestats-trade/reporter/chn/year/2018/partner/all/product/28-38_Chemicals/indicator/MPRT-TRD-VL,2026-09-01T09:45:00Z
chn,usa,72-83_Metals,2018,MPRT-TRD-VL,5714426.963,USD thousand,https://wits.worldbank.org/API/V1/SDMX/V21/datasource/tradestats-trade/reporter/chn/year/2018/partner/all/product/72-83_Metals/indicator/MPRT-TRD-VL,2026-09-01T09:45:00Z
chn,ind,72-83_Metals,2018,MPRT-TRD-VL,2166761.258,USD thousand,https://wits.worldbank.org/API/V1/SDMX/V21/datasource/tradestats-trade/reporter/chn/year/2018/partner/all/product/72-83_Metals/indicator/MPRT-TRD-VL,2026-09-01T09:45:00Z
chn,vnm,72-83_Metals,2018,MPRT-TRD-VL,295462.96,USD thousand,https://wits.worldbank.org/API/V1/SDMX/V21/datasource/tradestats-trade/reporter/chn/year/2018/partner/all/product/72-83_Metals/indicator/MPRT-TRD-VL,2026-09-01T09:45:00Z
chn,mex,72-83_Metals,2018,MPRT-TRD-VL,910352.775,USD thousand,https://wits.worldbank.org/API/V1/SDMX/V21/datasource/tradestats-trade/reporter/chn/year/2018/partner/all/product/72-83_Metals/indicator/MPRT-TRD-VL,2026-09-01T09:45:00Z
chn,jpn,72-83_Metals,2018,MPRT-TRD-VL,14929184.894,USD thousand,https://wits.worldbank.org/API/V1/SDMX/V21/datasource/tradestats-trade/reporter/chn/year/2018/partner/all/product/72-83_Metals/indicator/MPRT-TRD-VL,2026-09-01T09:45:00Z
chn,kor,72-83_Metals,2018,MPRT-TRD-VL,9309975.389,USD thousand,https://wits.worldbank.org/API/V1/SDMX/V21/datasource/tradestats-trade/reporter/chn/year/2018/partner/all/product/72-83_Metals/indicator/MPRT-TRD-VL,2026-09-01T09:45:00Z
chn,deu,72-83_Metals,2018,MPRT-TRD-VL,6038026.657,USD thousand,https://wits.worldbank.org/API/V1/SDMX/V21/datasource/tradestats-trade/reporter/chn/year/2018/partner/all/product/72-83_Metals/indicator/MPRT-TRD-VL,2026-09-01T09:45:00Z
chn,tha,72-83_Metals,2018,MPRT-TRD-VL,657873.717,USD thousand,https://wits.worldbank.org/API/V1/SDMX/V21/datasource/tradestats-trade/reporter/chn/year/2018/partner/all/product/72-83_Metals/indicator/MPRT-TRD-VL,2026-09-01T09:45:00Z
chn,idn,72-83_Metals,2018,MPRT-TRD-VL,3594847.963,USD thousand,https://wits.worldbank.org/API/V1/SDMX/V21/datasource/tradestats-trade/reporter/chn/year/2018/partner/all/product/72-83_Metals/indicator/MPRT-TRD-VL,2026-09-01T09:45:00Z
chn,mys,72-83_Metals,2018,MPRT-TRD-VL,1145335.73,USD thousand,https://wits.worldbank.org/API/V1/SDMX/V21/datasource/tradestats-trade/reporter/chn/year/2018/partner/all/product/72-83_Metals/indicator/MPRT-TRD-VL,2026-09-01T09:45:00Z
chn,bra,72-83_Metals,2018,MPRT-TRD-VL,1425167.053,USD thousand,https://wits.worldbank.org/API/V1/SDMX/V21/datasource/tradestats-trade/reporter/chn/year/2018/partner/all/product/72-83_Metals/indicator/MPRT-TRD-VL,2026-09-01T09:45:00Z
chn,can,72-83_Metals,2018,MPRT-TRD-VL,1007414.395,USD thousand,https://wits.worldbank.org/API/V1/SDMX/V21/datasource/tradestats-trade/reporter/chn/year/2018/partner/all/product/72-83_Metals/indicator/MPRT-TRD-VL,2026-09-01T09:45:00Z
chn,sgp,72-83_Metals,2018,MPRT-TRD-VL,251422.736,USD thousand,https://wits.worldbank.org/API/V1/SDMX/V21/datasource/tradestats-trade/reporter/chn/year/2018/partner/all/product/72-83_Metals/indicator/MPRT-TRD-VL,2026-09-01T09:45:00Z
chn,che,72-83_Metals,2018,MPRT-TRD-VL,281030.56,USD thousand,https://wits.worldbank.org/API/V1/SDMX/V21/datasource/tradestats-trade/reporter/chn/year/2018/partner/all/product/72-83_Metals/indicator/MPRT-TRD-VL,2026-09-01T09:45:00Z
chn,gbr,72-83_Metals,2018,MPRT-TRD-VL,1359110.951,USD thousand,https://wits.worldbank.org/API/V1/SDMX/V21/datasource/tradestats-trade/reporter/chn/year/2018/partner/all/product/72-83_Metals/indicator/MPRT-TRD-VL,2026-09-01T09:45:00Z
chn,phl,72-83_Metals,2018,MPRT-TRD-VL,792703.072,USD thousand,https://wits.worldbank.org/API/V1/SDMX/V21/datasource/tradestats-trade/reporter/chn/year/2018/partner/all/product/72-83_Metals/indicator/MPRT-TRD-VL,2026-09-01T09:45:00Z
chn,wld,72-83_Metals,2018,MPRT-TRD-VL,106523736.404,USD thousand,https://wits.worldbank.org/API/V1/SDMX/V21/datasource/tradestats-trade/reporter/chn/year/2018/partner/all/product/72-83_Metals/indicator/MPRT-TRD-VL,2026-09-01T09:45:00Z
chn,usa,86-89_Transport,2018,MPRT-TRD-VL,29184534.784,USD thousand,https://wits.worldbank.org/API/V1/SDMX/V21/datasource/tradestats-trade/reporter/chn/year/2018/partner/all/product/86-89_Transport/indicator/MPRT-TRD-VL,2026-09-01T09:45:00Z
chn,jpn,86-89_Transport,2018,MPRT-TRD-VL,18726126.391,USD thousand,https://wits.worldbank.org/API/V1/SDMX/V21/datasource/tradestats-trade/reporter/chn/year/2018/partner/all/product/86-89_Transport/indicator/MPRT-TRD-VL,2026-09-01T09:45:00Z
chn,kor,86-89_Transport,2018,MPRT-TRD-VL,2679232.071,USD thousand,https://wits.worldbank.org/API/V1/SDMX/V21/datasource/tradestats-trade/reporter/chn/year/2018/partner/all/product/86-89_Transport/indicator/MPRT-TRD-VL,2026-09-01T09:45:00Z
chn,deu,86-89_Transport,2018,MPRT-TRD-VL,28014389.397,USD thousand,https://wits.worldbank.org/API/V1/SDMX/V21/datasource/tradestats-trade/reporter/chn/year/2018/partner/all/product/86-89_Transport/indicator/MPRT-TRD-VL,2026-09-01T09:45:00Z
chn,tha,86-89_Transport,2018,MPRT-TRD-VL,1273577.815,USD thousand,https://wits.worldbank.org/API/V1/SDMX/V21/datasource/tradestats-trade/reporter/chn/year/2018/partner/all/product/86-89_Transport/indicator/MPRT-TRD-VL,2026-09-01T09:45:00Z
chn,idn,86-89_Transport,2018,MPRT-TRD-VL,260457.288,USD thousand,https://wits.worldbank.org/API/V1/SDMX/V21/datasource/tradestats-trade/reporter/chn/year/2018/partner/all/product/86-89_Transport/indicator/MPRT-TRD-VL,2026-09-01T09:45:00Z
chn,mys,86-89_Transport,2018,MPRT-TRD-VL,216481.727,USD thousand,https://wits.worldbank.org/API/V1/SDMX/V21/datasource/tradestats-trade/reporter/chn/year/2018/partner/all/product/86-89_Transport/indicator/MPRT-TRD-VL,2026-09-01T09:45:00Z
chn,bra,86-89_Transport,2018,MPRT-TRD-VL,139089.804,USD thousand,https://wits.worldbank.org/API/V1/SDMX/V21/datasource/tradestats-trade/reporter/chn/year/2018/partner/all/product/86-89_Transport/indicator/MPRT-TRD-VL,2026-09-01T09:45:00Z
chn,can,86-89_Transport,2018,MPRT-TRD-VL,984736.732,USD thousand,https://wits.worldbank.org/API/V1/SDMX/V21/datasource/tradestats-trade/reporter/chn/year/2018/partner/all/product/86-89_Transport/indicator/MPRT-TRD-VL,2026-09-01T09:45:00Z
chn,sgp,86-89_Transport,2018,MPRT-TRD-VL,96542.252,USD thousand,https://wits.worldbank.org/API/V1/SDMX/V21/datasource/tradestats-trade/reporter/chn/year/2018/partner/all/product/86-89_Transport/indicator/MPRT-TRD-VL,2026-09-01T09:45:00Z
chn,che,86-89_Transport,2018,MPRT-TRD-VL,123714.361,USD thousand,https://wits.worldbank.org/API/V1/SDMX/V21/datasource/tradestats-trade/reporter/chn/year/2018/partner/all/product/86-89_Transport/indicator/MPRT-TRD-VL,2026-09-01T09:45:00Z
chn,gbr,86-89_Transport,2018,MPRT-TRD-VL,6925091.802,USD thousand,https://wits.worldbank.org/API/V1/SDMX/V21/datasource/tradestats-trade/reporter/chn/year/2018/partner/all/product/86-89_Transport/indicator/MPRT-TRD-VL,2026-09-01T09:45:00Z
chn,phl,86-89_Transport,2018,MPRT-TRD-VL,71875.146,USD thousand,https://wits.worldbank.org/API/V1/SDMX/V21/datasource/tradestats-trade/reporter/chn/year/2018/partner/all/product/86-89_Transport/indicator/MPRT-TRD-VL,2026-09-01T09:45:00Z
chn,vnm,86-89_Transport,2018,MPRT-TRD-VL,272705.102,USD thousand,https://wits.worldbank.org/API/V1/SDMX/V21/datasource/tradestats-trade/reporter/chn/year/2018/partner/all/product/86-89_Transport/indicator/MPRT-TRD-VL,2026-09-01T09:45:00Z
chn,mex,86-89_Transport,2018,MPRT-TRD-VL,1470071.765,USD thousand,https://wits.worldbank.org/API/V1/SDMX/V21/datasource/tradestats-trade/reporter/chn/year/2018/partner/all/product/86-89_Transport/indicator/MPRT-TRD-VL,2026-09-01T09:45:00Z
chn,ind,86-89_Transport,2018,MPRT-TRD-VL,115261.988,USD thousand,https://wits.worldbank.org/API/V1/SDMX/V21/datasource/tradestats-trade/reporter/chn/year/2018/partner/all/product/86-89_Transport/indicator/MPRT-TRD-VL,2026-09-01T09:45:00Z
chn,wld,86-89_Transport,2018,MPRT-TRD-VL,114910675.741,USD thousand,https://wits.worldbank.org/API/V1/SDMX/V21/datasource/tradestats-trade/reporter/chn/year/2018/partner/all/product/86-89_Transport/indicator/MPRT-TRD-VL,2026-09-01T09:45:00Z
jpn,chn,Total,2018,MPRT-TRD-VL,173716566.952912,USD thousand,https://wits.worldbank.org/API/V1/SDMX/V21/datasource/tradestats-trade/reporter/jpn/year/2018/partner/all/product/Total/indicator/MPRT-TRD-VL,2026-09-01T09:52:00Z
jpn,usa,Total,2018,MPRT-TRD-VL,83640150.9480476,USD thousand,https://wits.worldbank.org/API/V1/SDMX/V21/datasource/tradestats-trade/reporter/jpn/year/2018/partner/all/product/Total/indicator/MPRT-TRD-VL,2026-09-01T09:52:00Z
jpn,ind,Total,2018,MPRT-TRD-VL,5495270.93129587,USD thousand,https://wits.worldbank.org/API/V1/SDMX/V21/datasource/tradestats-trade/reporter/jpn/year/2018/partner/all/product/Total/indicator/MPRT-TRD-VL,2026-09-01T09:52:00Z
jpn,vnm,Total,2018,MPRT-TRD-VL,21135596.7672837,USD thousand,https://wits.worldbank.org/API/V1/SDMX/V21/datasource/tradestats-trade/reporter/jpn/year/2018/partner/all/product/Total/indicator/MPRT-TRD-VL,2026-09-01T09:52:00Z
jpn,mex,Total,2018,MPRT-TRD-VL,6334082.41467534,USD thousand,https://wits.worldbank.org/API/V1/SDMX/V21/datasource/tradestats-trade/reporter/jpn/year/2018/partner/all/product/Total/indicator/MPRT-TRD-VL,2026-09-01T09:52:00Z
jpn,kor,Total,2018,MPRT-TRD-VL,32134290.2784587,USD thousand,https://wits.worldbank.org/API/V1/SDMX/V21/datasource/tradestats-trade/reporter/jpn/year/2018/partner/all/product/Total/indicator/MPRT-TRD-VL,2026-09-01T09:52:00Z
jpn,deu,Total,2018,MPRT-TRD-VL,25969246.0762602,USD thousand,https://wits.worldbank.org/API/V1/SDMX/V21/datasource/tradestats-trade/reporter/jpn/year/2018/partner/all/product/Total/indicator/MPRT-TRD-VL,2026-09-01T09:52:00Z
jpn,tha,Total,2018,MPRT-TRD-VL,25077114.8236959,USD thousand,https://wits.worldbank.org/API/V1/SDMX/V21/datasource/tradestats-trade/reporter/jpn/year/2018/partner/all/product/Total/indicator/MPRT-TRD-VL,2026-09-01T09:52:00Z
jpn,idn,Total,2018,MPRT-TRD-VL,21530892.0340075,USD thousand,https://wits.worldbank.org/API/V1/SDMX/V21/datasource/tradestats-trade/reporter/jpn/year/2018/partner/all/product/Total/indicator/MPRT-TRD-VL,2026-09-01T09:52:00Z
jpn,mys,Total,2018,MPRT-TRD-VL,18925266.9116636,USD thousand,https://wits.worldbank.org/API/V1/SDMX/V21/datasource/tradestats-trade/reporter/jpn/year/2018/partner/all/product/Total/indicator/MPRT-TRD-VL,2026-09-01T09:52:00Z
jpn,bra,Total,2018,MPRT-TRD-VL,6889423.33291758,USD thousand,https://wits.worldbank.org/API/V1/SDMX/V21/datasource/tradestats-trade/reporter/jpn/year/2018/partner/all/product/Total/indicator/MPRT-TRD-VL,2026-09-01T09:52:00Z
jpn,can,Total,2018,MPRT-TRD-VL,11720575.3192187,USD thousand,https://wits.worldbank.org/API/V1/SDMX/V21/datasource/tradestats-trade/reporter/jpn/year/2018/partner/all/product/Total/indicator/MPRT-TRD-VL,2026-09-01T09:52:00Z
jpn,sgp,Total,2018,MPRT-TRD-VL,9738288.26307752,USD thousand,https://wits.worldbank.org/API/V1/SDMX/V21/datasource/tradestats-trade/reporter/jpn/year/2018/partner/all/product/Total/indicator/MPRT-TRD-VL,2026-09-01T09:52:00Z
jpn,che,Total,2018,MPRT-TRD-VL,7759378.6316475,USD thousand,https://wits.worldbank.org/API/V1/SDMX/V21/datasource/tradestats-trade/reporter/jpn/year/2018/partner/all/product/Total/indicator/MPRT-TRD-VL,2026-09-01T09:52:00Z
jpn,gbr,Total,2018,MPRT-TRD-VL,8231614.33511586,USD thousand,https://wits.worldbank.org/API/V1/SDMX/V21/datasource/tradestats-trade/reporter/jpn/year/2018/partner/all/product/Total/indicator/MPRT-TRD-VL,2026-09-01T09:52:00Z
jpn,phl,Total,2018,MPRT-TRD-VL,10430357.5095451,USD thousand,https://wits.worldbank.org/API/V1/SDMX/V21/datasource/tradestats-trade/reporter/jpn/year/2018/partner/all/product/Total/indicator/MPRT-TRD-VL,2026-09-01T09:52:00Z
jpn,wld,Total,2018,MPRT-TRD-VL,748525278.186958,USD thousand,https://wits.worldbank.org/API/V1/SDMX/V21/datasource/tradestats-trade/reporter/jpn/year/2018/partner/all/product/Total/indicator/MPRT-TRD-VL,2026-09-01T09:52:00Z
jpn,chn,84-85_MachElec,2018,MPRT-TRD-VL,78914249.7832568,USD thousand,https://wits.worldbank.org/API/V1/SDMX/V21/datasource/tradestats-trade/reporter/jpn/year/2018/partner/all/product/84-85_MachElec/indicator/MPRT-TRD-VL,2026-09-01T09:52:00Z
jpn,usa,84-85_MachElec,2018,MPRT-TRD-VL,17201064.2996045,USD thousand,https://wits.worldbank.org/API/V1/SDMX/V21/datasource/tradestats-trade/reporter/jpn/year/2018/partner/all/product/84-85_MachElec/indicator/MPRT-TRD-VL,2026-09-01T09:52:00Z
jpn,ind,84-85_MachElec,2018,MPRT-TRD-VL,356867.05278939,USD thousand,https://wits.worldbank.org/API/V1/SDMX/V21/datasource/tradestats-trade/reporter/jpn/year/2018/partner/all/product/84-85_MachElec/indicator/MPRT-TRD-VL,2026-09-01T09:52:00Z
jpn,vnm,84-85_MachElec,2018,MPRT-TRD-VL,6305480.91317898,USD thousand,https://wits.worldbank.org/API/V1/SDMX/V21/datasource/tradestats-trade/reporter/jpn/year/2018/partner/all/product/84-85_MachElec/indicator/MPRT-TRD-VL,2026-09-01T09:52:00Z
jpn,mex,84-85_MachElec,2018,MPRT-TRD-VL,1594465.34825838,USD thousand,https://wits.worldbank.org/API/V1/SDMX/V21/datasource/tradestats-trade/reporter/jpn/year/2018/partner/all/product/84-85_MachElec/indicator/MPRT-TRD-VL,2026-09-01T09:52:00Z
jpn,kor,84-85_MachElec,2018,MPRT-TRD-VL,8536339.16394714,USD thousand,https://wits.worldbank.org/API/V1/SDMX/V21/datasource/tradestats-trade/reporter/jpn/year/2018/partner/all/product/84-85_MachElec/indicator/MPRT-TRD-VL,2026-09-01T09:52:00Z
jpn,deu,84-85_MachElec,2018,MPRT-TRD-VL,5346832.59663267,USD thousand,https://wits.worldbank.org/API/V1/SDMX/V21/datasource/tradestats-trade/reporter/jpn/year/2018/partner/all/product/84-85_MachElec/indicator/MPRT-TRD-VL,2026-09-01T09:52:00Z
jpn,tha,84-85_MachElec,2018,MPRT-TRD-VL,9141428.38806249,USD thousand,https://wits.worldbank.org/API/V1/SDMX/V21/datasource/tradestats-trade/reporter/jpn/year/2018/partner/all/product/84-85_MachElec/indicator/MPRT-TRD-VL,2026-09-01T09:52:00Z
jpn,idn,84-85_MachElec,2018,MPRT-TRD-VL,2350503.51618381,USD thousand,https://wits.worldbank.org/API/V1/SDMX/V21/datasource/tradestats-trade/reporter/jpn/year/2018/partner/all/product/84-85_MachElec/indicator/MPRT-TRD-VL,2026-09-01T09:52:00Z
jpn,mys,84-85_MachElec,2018,MPRT-TRD-VL,5410234.27263852,USD thousand,https://wits.worldbank.org/API/V1/SDMX/V21/datasource/tradestats-trade/reporter/jpn/year/2018/partner/all/product/84-85_MachElec/indicator/MPRT-TRD-VL,2026-09-01T09:52:00Z
jpn,bra,84-85_MachElec,2018,MPRT-TRD-VL,104311.15662045,USD thousand,https://wits.worldbank.org/API/V1/SDMX/V21/datasource/tradestats-trade/reporter/jpn/year/2018/partner/all/product/84-85_MachElec/indicator/MPRT-TRD-VL,2026-09-01T09:52:00Z
jpn,can,84-85_MachElec,2018,MPRT-TRD-VL,531192.11343471,USD thousand,https://wits.worldbank.org/API/V1/SDMX/V21/datasource/tradestats-trade/reporter/jpn/year/2018/partner/all/product/84-85_MachElec/indicator/MPRT-TRD-VL,2026-09-01T09:52:00Z
jpn,sgp,84-85_MachElec,2018,MPRT-TRD-VL,2554364.51189361,USD thousand,https://wits.worldbank.org/API/V1/SDMX/V21/datasource/tradestats-trade/reporter/jpn/year/2018/partner/all/product/84-85_MachElec/indicator/MPRT-TRD-VL,2026-09-01T09:52:00Z
jpn,che,84-85_MachElec,2018,MPRT-TRD-VL,780362.71075737,USD thousand,https://wits.worldbank.org/API/V1/SDMX/V21/datasource/tradestats-trade/reporter/jpn/year/2018/partner/all/product/84-85_MachElec/indicator/MPRT-TRD-VL,2026-09-01T09:52:00Z
jpn,gbr,84-85_MachElec,2018,MPRT-TRD-VL,2177926.3053639,USD thousand,https://wits.worldbank.org/API/V1/SDMX/V21/datasource/tradestats-trade/reporter/jpn/year/2018/partner/all/product/84-85_MachElec/indicator/MPRT-TRD-VL,2026-09-01T09:52:00Z
jpn,phl,84-85_MachElec,2018,MPRT-TRD-VL,4755418.39199622,USD thousand,https://wits.worldbank.org/API/V1/SDMX/V21/datasource/tradestats-trade/reporter/jpn/year/2018/partner/all/product/84-85_MachElec/indicator/MPRT-TRD-VL,2026-09-01T09:52:00Z
jpn,wld,84-85_MachElec,2018,MPRT-TRD-VL,169779730.468049,USD thousand,https://wits.worldbank.org/API/V1/SDMX/V21/datasource/tradestats-trade/reporter/jpn/year/2018/partner/all/product/84-85_MachElec/indicator/MPRT-TRD-VL,2026-09-01T09:52:00Z
jpn,chn,28-38_Chemicals,2018,MPRT-TRD-VL,10146406.8393843,USD thousand,https://wits.worldbank.org/API/V1/SDMX/V21/datasource/tradestats-trade/reporter/jpn/year/2018/partner/all/product/28-38_Chemicals/indicator/MPRT-TRD-VL,2026-09-01T09:52:00Z
jpn,usa,28-38_Chemicals,2018,MPRT-TRD-VL,13336125.6915709,USD thousand,https://wits.worldbank.org/API/V1/SDMX/V21/datasource/tradestats-trade/reporter/jpn/year/2018/partner/all/product/28-38_Chemicals/indicator/MPRT-TRD-VL,2026-09-01T09:52:00Z
jpn,ind,28-38_Chemicals,2018,MPRT-TRD-VL,1013579.88498312,USD thousand,https://wits.worldbank.org/API/V1/SDMX/V21/datasource/tradestats-trade/reporter/jpn/year/2018/partner/all/product/28-38_Chemicals/indicator/MPRT-TRD-VL,2026-09-01T09:52:00Z
jpn,vnm,28-38_Chemicals,2018,MPRT-TRD-VL,618188.01076734,USD thousand,https://wits.worldbank.org/API/V1/SDMX/V21/datasource/tradestats-trade/reporter/jpn/year/2018/partner/all/product/28-38_Chemicals/indicator/MPRT-TRD-VL,2026-09-01T09:52:00Z
jpn,mex,28-38_Chemicals,2018,MPRT-TRD-VL,188623.19573253,USD thousand,https://wits.worldbank.org/API/V1/SDMX/V21/datasource/tradestats-trade/reporter/jpn/year/2018/partner/all/product/28-38_Chemicals/indicator/MPRT-TRD-VL,2026-09-01T09:52:00Z
jpn,kor,28-38_Chemicals,2018,MPRT-TRD-VL,3575815.94346795,USD thousand,https://wits.worldbank.org/API/V1/SDMX/V21/datasource/tradestats-trade/reporter/jpn/year/2018/partner/all/product/28-38_Chemicals/indicator/MPRT-TRD-VL,2026-09-01T09:52:00Z
jpn,deu,28-38_Chemicals,2018,MPRT-TRD-VL,6723211.71772419,USD thousand,https://wits.worldbank.org/API/V1/SDMX/V21/datasource/tradestats-trade/reporter/jpn/year/2018/partner/all/product/28-38_Chemicals/indicator/MPRT-TRD-VL,2026-09-01T09:52:00Z
jpn,tha,28-38_Chemicals,2018,MPRT-TRD-VL,1432559.60881176,USD thousand,https://wits.worldbank.org/API/V1/SDMX/V21/datasource/tradestats-trade/reporter/jpn/year/2018/partner/all/product/28-38_Chemicals/indicator/MPRT-TRD-VL,2026-09-01T09:52:00Z
jpn,idn,28-38_Chemicals,2018,MPRT-TRD-VL,541687.69292118,USD thousand,https://wits.worldbank.org/API/V1/SDMX/V21/datasource/tradestats-trade/reporter/jpn/year/2018/partner/all/product/28-38_Chemicals/indicator/MPRT-TRD-VL,2026-09-01T09:52:00Z
jpn,mys,28-38_Chemicals,2018,MPRT-TRD-VL,632634.51447144,USD thousand,https://wits.worldbank.org/API/V1/SDMX/V21/datasource/tradestats-trade/reporter/jpn/year/2018/partner/all/product/28-38_Chemicals/indicator/MPRT-TRD-VL,2026-09-01T09:52:00Z
jpn,bra,28-38_Chemicals,2018,MPRT-TRD-VL,317062.99213407,USD thousand,https://wits.worldbank.org/API/V1/SDMX/V21/datasource/tradestats-trade/reporter/jpn/year/2018/partner/all/product/28-38_Chemicals/indicator/MPRT-TRD-VL,2026-09-01T09:52:00Z
jpn,can,28-38_Chemicals,2018,MPRT-TRD-VL,1060483.06672854,USD thousand,https://wits.worldbank.org/API/V1/SDMX/V21/datasource/tradestats-trade/reporter/jpn/year/2018/partner/all/product/28-38_Chemicals/indicator/MPRT-TRD-VL,2026-09-01T09:52:00Z
jpn,sgp,28-38_Chemicals,2018,MPRT-TRD-VL,2420013.31264914,USD thousand,https://wits.worldbank.org/API/V1/SDMX/V21/datasource/tradestats-trade/reporter/jpn/year/2018/partner/all/product/28-38_Chemicals/indicator/MPRT-TRD-VL,2026-09-01T09:52:00Z
jpn,che,28-38_Chemicals,2018,MPRT-TRD-VL,3047918.96550726,USD thousand,https://wits.worldbank.org/API/V1/SDMX/V21/datasource/tradestats-trade/reporter/jpn/year/2018/partner/all/product/28-38_Chemicals/indicator/MPRT-TRD-VL,2026-09-01T09:52:00Z
jpn,gbr,28-38_Chemicals,2018,MPRT-TRD-VL,1980999.46308849,USD thousand,https://wits.worldbank.org/API/V1/SDMX/V21/datasource/tradestats-trade/reporter/jpn/year/2018/partner/all/product/28-38_Chemicals/indicator/MPRT-TRD-VL,2026-09-01T09:52:00Z
jpn,phl,28-38_Chemicals,2018,MPRT-TRD-VL,157101.58481043,USD thousand,https://wits.worldbank.org/API/V1/SDMX/V21/datasource/tradestats-trade/reporter/jpn/year/2018/partner/all/product/28-38_Chemicals/indicator/MPRT-TRD-VL,2026-09-01T09:52:00Z
jpn,wld,28-38_Chemicals,2018,MPRT-TRD-VL,66513305.8927057,USD thousand,https://wits.worldbank.org/API/V1/SDMX/V21/datasource/tradestats-trade/reporter/jpn/year/2018/partner/all/product/28-38_Chemicals/indicator/MPRT-TRD-VL,2026-09-01T09:52:00Z
jpn,chn,72-83_Metals,2018,MPRT-TRD-VL,10023413.9080577,USD thousand,https://wits.worldbank.org/API/V1/SDMX/V21/datasource/tradestats-trade/reporter/jpn/year/2018/partner/all/product/72-83_Metals/indicator/MPRT-TRD-VL,2026-09-01T09:58:00Z
jpn,usa,72-83_Metals,2018,MPRT-TRD-VL,1993414.87437183,USD thousand,https://wits.worldbank.org/API/V1/SDMX/V21/datasource/tradestats-trade/reporter/jpn/year/2018/partner/all/product/72-83_Metals/indicator/MPRT-TRD-VL,2026-09-01T09:58:00Z
jpn,ind,72-83_Metals,2018,MPRT-TRD-VL,561749.05229976,USD thousand,https://wits.worldbank.org/API/V1/SDMX/V21/datasource/tradestats-trade/reporter/jpn/year/2018/partner/all/product/72-83_Metals/indicator/MPRT-TRD-VL,2026-09-01T09:58:00Z
jpn,vnm,72-83_Metals,2018,MPRT-TRD-VL,838291.31982492,USD thousand,https://wits.worldbank.org/API/V1/SDMX/V21/datasource/tradestats-trade/reporter/jpn/year/2018/partner/all/product/72-83_Metals/indicator/MPRT-TRD-VL,2026-09-01T09:58:00Z
jpn,mex,72-83_Metals,2018,MPRT-TRD-VL,58699.42353873,USD thousand,https://wits.worldbank.org/API/V1/SDMX/V21/datasource/tradestats-trade/reporter/jpn/year/2018/partner/all/product/72-83_Metals/indicator/MPRT-TRD-VL,2026-09-01T09:58:00Z
jpn,kor,72-83_Metals,2018,MPRT-TRD-VL,4800619.94599434,USD thousand,https://wits.worldbank.org/API/V1/SDMX/V21/datasource/tradestats-trade/reporter/jpn/year/2018/partner/all/product/72-83_Metals/indicator/MPRT-TRD-VL,2026-09-01T09:58:00Z
jpn,deu,72-83_Metals,2018,MPRT-TRD-VL,672541.97971701,USD thousand,https://wits.worldbank.org/API/V1/SDMX/V21/datasource/tradestats-trade/reporter/jpn/year/2018/partner/all/product/72-83_Metals/indicator/MPRT-TRD-VL,2026-09-01T09:58:00Z
jpn,tha,72-83_Metals,2018,MPRT-TRD-VL,1635094.80833751,USD thousand,https://wits.worldbank.org/API/V1/SDMX/V21/datasource/tradestats-trade/reporter/jpn/year/2018/partner/all/product/72-83_Metals/indicator/MPRT-TRD-VL,2026-09-01T09:58:00Z
jpn,idn,72-83_Metals,2018,MPRT-TRD-VL,1426767.68465556,USD thousand,https://wits.worldbank.org/API/V1/SDMX/V21/datasource/tradestats-trade/reporter/jpn/year/2018/partner/all/product/72-83_Metals/indicator/MPRT-TRD-VL,2026-09-01T09:58:00Z
jpn,mys,72-83_Metals,2018,MPRT-TRD-VL,803665.93301319,USD thousand,https://wits.worldbank.org/API/V1/SDMX/V21/datasource/tradestats-trade/reporter/jpn/year/2018/partner/all/product/72-83_Metals/indicator/MPRT-TRD-VL,2026-09-01T09:58:00Z
jpn,bra,72-83_Metals,2018,MPRT-TRD-VL,539912.52799263,USD thousand,https://wits.worldbank.org/API/V1/SDMX/V21/datasource/tradestats-trade/reporter/jpn/year/2018/partner/all/product/72-83_Metals/indicator/MPRT-TRD-VL,2026-09-01T09:58:00Z
jpn,can,72-83_Metals,2018,MPRT-TRD-VL,682643.08313643,USD thousand,https://wits.worldbank.org/API/V1/SDMX/V21/datasource/tradestats-trade/reporter/jpn/year/2018/partner/all/product/72-83_Metals/indicator/MPRT-TRD-VL,2026-09-01T09:58:00Z
jpn,sgp,72-83_Metals,2018,MPRT-TRD-VL,153603.36000594,USD thousand,https://wits.worldbank.org/API/V1/SDMX/V21/datasource/tradestats-trade/reporter/jpn/year/2018/partner/all/product/72-83_Metals/indicator/MPRT-TRD-VL,2026-09-01T09:58:00Z
jpn,che,72-83_Metals,2018,MPRT-TRD-VL,65074.19660547,USD thousand,https://wits.worldbank.org/API/V1/SDMX/V21/datasource/tradestats-trade/reporter/jpn/year/2018/partner/all/product/72-83_Metals/indicator/MPRT-TRD-VL,2026-09-01T09:58:00Z
jpn,gbr,72-83_Metals,2018,MPRT-TRD-VL,234629.8574178,USD thousand,https://wits.worldbank.org/API/V1/SDMX/V21/datasource/tradestats-trade/reporter/jpn/year/2018/partner/all/product/72-83_Metals/indicator/MPRT-TRD-VL,2026-09-01T09:58:00Z
jpn,phl,72-83_Metals,2018,MPRT-TRD-VL,939505.47050178,USD thousand,https://wits.worldbank.org/API/V1/SDMX/V21/datasource/tradestats-trade/reporter/jpn/year/2018/partner/all/product/72-83_Metals/indicator/MPRT-TRD-VL,2026-09-01T09:58:00Z
jpn,wld,72-83_Metals,2018,MPRT-TRD-VL,37356370.0112148,USD thousand,https://wits.worldbank.org/API/V1/SDMX/V21/datasource/tradestats-trade/reporter/jpn/year/2018/partner/all/product/72-83_Metals/indicator/MPRT-TRD-VL,2026-09-01T09:58:00Z
jpn,chn,86-89_Transport,2018,MPRT-TRD-VL,4683859.40165013,USD thousand,https://wits.worldbank.org/API/V1/SDMX/V21/datasource/tradestats-trade/reporter/jpn/year/2018/partner/all/product/86-89_Transport/indicator/MPRT-TRD-VL,2026-09-01T09:58:00Z
jpn,usa,86-89_Transport,2018,MPRT-TRD-VL,6256656.27050529,USD thousand,https://wits.worldbank.org/API/V1/SDMX/V21/datasource/tradestats-trade/reporter/jpn/year/2018/partner/all/product/86-89_Transport/indicator/MPRT-TRD-VL,2026-09-01T09:58:00Z
jpn,ind,86-89_Transport,2018,MPRT-TRD-VL,219212.40950076,USD thousand,https://wits.worldbank.org/API/V1/SDMX/V21/datasource/tradestats-trade/reporter/jpn/year/2018/partner/all/product/86-89_Transport/indicator/MPRT-TRD-VL,2026-09-01T09:58:00Z
jpn,vnm,86-89_Transport,2018,MPRT-TRD-VL,618245.06656926,USD thousand,https://wits.worldbank.org/API/V1/SDMX/V21/datasource/tradestats-trade/reporter/jpn/year/2018/partner/all/product/86-89_Transport/indicator/MPRT-TRD-VL,2026-09-01T09:58:00Z
jpn,mex,86-89_Transport,2018,MPRT-TRD-VL,717370.10059533,USD thousand,https://wits.worldbank.org/API/V1/SDMX/V21/datasource/tradestats-trade/reporter/jpn/year/2018/partner/all/product/86-89_Transport/indicator/MPRT-TRD-VL,2026-09-01T09:58:00Z
jpn,kor,86-89_Transport,2018,MPRT-TRD-VL,1010426.61970185,USD thousand,https://wits.worldbank.org/API/V1/SDMX/V21/datasource/tradestats-trade/reporter/jpn/year/2018/partner/all/product/86-89_Transport/indicator/MPRT-TRD-VL,2026-09-01T09:58:00Z
jpn,deu,86-89_Transport,2018,MPRT-TRD-VL,7996796.4759345,USD thousand,https://wits.worldbank.org/API/V1/SDMX/V21/datasource/tradestats-trade/reporter/jpn/year/2018/partner/all/product/86-89_Transport/indicator/MPRT-TRD-VL,2026-09-01T09:58:00Z
jpn,tha,86-89_Transport,2018,MPRT-TRD-VL,1456671.46853943,USD thousand,https://wits.worldbank.org/API/V1/SDMX/V21/datasource/tradestats-trade/reporter/jpn/year/2018/partner/all/product/86-89_Transport/indicator/MPRT-TRD-VL,2026-09-01T09:58:00Z
jpn,idn,86-89_Transport,2018,MPRT-TRD-VL,563797.67598453,USD thousand,https://wits.worldbank.org/API/V1/SDMX/V21/datasource/tradestats-trade/reporter/jpn/year/2018/partner/all/product/86-89_Transport/indicator/MPRT-TRD-VL,2026-09-01T09:58:00Z
jpn,mys,86-89_Transport,2018,MPRT-TRD-VL,172881.20673915,USD thousand,https://wits.worldbank.org/API/V1/SDMX/V21/datasource/tradestats-trade/reporter/jpn/year/2018/partner/all/product/86-89_Transport/indicator/MPRT-TRD-VL,2026-09-01T09:58:00Z
jpn,bra,86-89_Transport,2018,MPRT-TRD-VL,174509.77699389,USD thousand,https://wits.worldbank.org/API/V1/SDMX/V21/datasource/tradestats-trade/reporter/jpn/year/2018/partner/all/product/86-89_Transport/indicator/MPRT-TRD-VL,2026-09-01T09:58:00Z
jpn,can,86-89_Transport,2018,MPRT-TRD-VL,233171.54044509,USD thousand,https://wits.worldbank.org/API/V1/SDMX/V21/datasource/tradestats-trade/reporter/jpn/year/2018/partner/all/product/86-89_Transport/indicator/MPRT-TRD-VL,2026-09-01T09:58:00Z
jpn,sgp,86-89_Transport,2018,MPRT-TRD-VL,29798.69585784,USD thousand,https://wits.worldbank.org/API/V1/SDMX/V21/datasource/tradestats-trade/reporter/jpn/year/2018/partner/all/product/86-89_Transport/indicator/MPRT-TRD-VL,2026-09-01T09:58:00Z
jpn,che,86-89_Transport,2018,MPRT-TRD-VL,8374.54091097,USD thousand,https://wits.worldbank.org/API/V1/SDMX/V21/datasource/tradestats-trade/reporter/jpn/year/2018/partner/all/product/86-89_Transport/indicator/MPRT-TRD-VL,2026-09-01T09:58:00Z
jpn,gbr,86-89_Transport,2018,MPRT-TRD-VL,1698448.73269188,USD thousand,https://wits.worldbank.org/API/V1/SDMX/V21/datasource/tradestats-trade/reporter/jpn/year/2018/partner/all/product/86-89_Transport/indicator/MPRT-TRD-VL,2026-09-01T09:58:00Z
jpn,phl,86-89_Transport,2018,MPRT-TRD-VL,237776.69668077,USD thousand,https://wits.worldbank.org/API/V1/SDMX/V21/datasource/tradestats-trade/reporter/jpn/year/2018/partner/all/product/86-89_Transport/indicator/MPRT-TRD-VL,2026-09-01T09:58:00Z
jpn,wld,86-89_Transport,2018,MPRT-TRD-VL,32068964.7883348,USD thousand,https://wits.worldbank.org/API/V1/SDMX/V21/datasource/tradestats-trade/reporter/jpn/year/2018/partner/all/product/86-89_Transport/indicator/MPRT-TRD-VL,2026-09-01T09:58:00Z
deu,chn,Total,2018,MPRT-TRD-VL,126750945.327976,USD thousand,https://wits.worldbank.org/API/V1/SDMX/V21/datasource/tradestats-trade/reporter/deu/year/2018/partner/all/product/Total/indicator/MPRT-TRD-VL,2026-09-01T09:58:00Z
deu,usa,Total,2018,MPRT-TRD-VL,78295030.9218188,USD thousand,https://wits.worldbank.org/API/V1/SDMX/V21/datasource/tradestats-trade/reporter/deu/year/2018/partner/all/product/Total/indicator/MPRT-TRD-VL,2026-09-01T09:58:00Z
deu,ind,Total,2018,MPRT-TRD-VL,10756113.6967965,USD thousand,https://wits.worldbank.org/API/V1/SDMX/V21/datasource/tradestats-trade/reporter/deu/year/2018/partner/all/product/Total/indicator/MPRT-TRD-VL,2026-09-01T09:58:00Z
deu,vnm,Total,2018,MPRT-TRD-VL,11631346.8531688,USD thousand,https://wits.worldbank.org/API/V1/SDMX/V21/datasource/tradestats-trade/reporter/deu/year/2018/partner/all/product/Total/indicator/MPRT-TRD-VL,2026-09-01T09:58:00Z
deu,mex,Total,2018,MPRT-TRD-VL,9448827.93638804,USD thousand,https://wits.worldbank.org/API/V1/SDMX/V21/datasource/tradestats-trade/reporter/deu/year/2018/partner/all/product/Total/indicator/MPRT-TRD-VL,2026-09-01T09:58:00Z
deu,jpn,Total,2018,MPRT-TRD-VL,29282349.2939325,USD thousand,https://wits.worldbank.org/API/V1/SDMX/V21/datasource/tradestats-trade/reporter/deu/year/2018/partner/all/product/Total/indicator/MPRT-TRD-VL,2026-09-01T09:58:00Z
deu,kor,Total,2018,MPRT-TRD-VL,14423691.8426562,USD thousand,https://wits.worldbank.org/API/V1/SDMX/V21/datasource/tradestats-trade/reporter/deu/year/2018/partner/all/product/Total/indicator/MPRT-TRD-VL,2026-09-01T09:58:00Z
deu,tha,Total,2018,MPRT-TRD-VL,7371799.36875424,USD thousand,https://wits.worldbank.org/API/V1/SDMX/V21/datasource/tradestats-trade/reporter/deu/year/2018/partner/all/product/Total/indicator/MPRT-TRD-VL,2026-09-01T09:58:00Z
deu,idn,Total,2018,MPRT-TRD-VL,4512921.706407,USD thousand,https://wits.worldbank.org/API/V1/SDMX/V21/datasource/tradestats-trade/reporter/deu/year/2018/partner/all/product/Total/indicator/MPRT-TRD-VL,2026-09-01T09:58:00Z
deu,mys,Total,2018,MPRT-TRD-VL,10625322.9355336,USD thousand,https://wits.worldbank.org/API/V1/SDMX/V21/datasource/tradestats-trade/reporter/deu/year/2018/partner/all/product/Total/indicator/MPRT-TRD-VL,2026-09-01T09:58:00Z
deu,bra,Total,2018,MPRT-TRD-VL,8777318.55219968,USD thousand,https://wits.worldbank.org/API/V1/SDMX/V21/datasource/tradestats-trade/reporter/deu/year/2018/partner/all/product/Total/indicator/MPRT-TRD-VL,2026-09-01T09:58:00Z
deu,can,Total,2018,MPRT-TRD-VL,5351006.78527777,USD thousand,https://wits.worldbank.org/API/V1/SDMX/V21/datasource/tradestats-trade/reporter/deu/year/2018/partner/all/product/Total/indicator/MPRT-TRD-VL,2026-09-01T09:58:00Z
deu,sgp,Total,2018,MPRT-TRD-VL,7787915.92519566,USD thousand,https://wits.worldbank.org/API/V1/SDMX/V21/datasource/tradestats-trade/reporter/deu/year/2018/partner/all/product/Total/indicator/MPRT-TRD-VL,2026-09-01T09:58:00Z
deu,che,Total,2018,MPRT-TRD-VL,55322355.4192648,USD thousand,https://wits.worldbank.org/API/V1/SDMX/V21/datasource/tradestats-trade/reporter/deu/year/2018/partner/all/product/Total/indicator/MPRT-TRD-VL,2026-09-01T09:58:00Z
deu,gbr,Total,2018,MPRT-TRD-VL,43525907.8946336,USD thousand,https://wits.worldbank.org/API/V1/SDMX/V21/datasource/tradestats-trade/reporter/deu/year/2018/partner/all/product/Total/indicator/MPRT-TRD-VL,2026-09-01T09:58:00Z
deu,phl,Total,2018,MPRT-TRD-VL,4357852.73163521,USD thousand,https://wits.worldbank.org/API/V1/SDMX/V21/datasource/tradestats-trade/reporter/deu/year/2018/partner/all/product/Total/indicator/MPRT-TRD-VL,2026-09-01T09:58:00Z
deu,wld,Total,2018,MPRT-TRD-VL,1292726052.27005,USD thousand,https://wits.worldbank.org/API/V1/SDMX/V21/datasource/tradestats-trade/reporter/deu/year/2018/partner/all/product/Total/indicator/MPRT-TRD-VL,2026-09-01T09:58:00Z
deu,chn,84-85_MachElec,2018,MPRT-TRD-VL,66168954.8547557,USD thousand,https://wits.worldbank.org/API/V1/SDMX/V21/datasource/tradestats-trade/reporter/deu/year/2018/partner/all/product/84-85_MachElec/indicator/MPRT-TRD-VL,2026-09-01T10:05:00Z
deu,usa,84-85_MachElec,2018,MPRT-TRD-VL,24837415.2998305,USD thousand,https://wits.worldbank.org/API/V1/SDMX/V21/datasource/tradestats-trade/reporter/deu/year/2018/partner/all/product/84-85_MachElec/indicator/MPRT-TRD-VL,2026-09-01T10:05:00Z
deu,ind,84-85_MachElec,2018,MPRT-TRD-VL,1778449.2599086,USD thousand,https://wits.worldbank.org/API/V1/SDMX/V21/datasource/tradestats-trade/reporter/deu/year/2018/partner/all/product/84-85_MachElec/indicator/MPRT-TRD-VL,2026-09-01T10:05:00Z
deu,vnm,84-85_MachElec,2018,MPRT-TRD-VL,4841337.20807601,USD thousand,https://wits.worldbank.org/API/V1/SDMX/V21/datasource/tradestats-trade/reporter/deu/year/2018/partner/all/product/84-85_MachElec/indicator/MPRT-TRD-VL,2026-09-01T10:05:00Z
deu,mex,84-85_MachElec,2018,MPRT-TRD-VL,2353513.95375613,USD thousand,https://wits.worldbank.org/API/V1/SDMX/V21/datasource/tradestats-trade/reporter/deu/year/2018/partner/all/product/84-85_MachElec/indicator/MPRT-TRD-VL,2026-09-01T10:05:00Z
deu,jpn,84-85_MachElec,2018,MPRT-TRD-VL,12967406.4488378,USD thousand,https://wits.worldbank.org/API/V1/SDMX/V21/datasource/tradestats-trade/reporter/deu/year/2018/partner/all/product/84-85_MachElec/indicator/MPRT-TRD-VL,2026-09-01T10:05:00Z
deu,kor,84-85_MachElec,2018,MPRT-TRD-VL,7378101.33169643,USD thousand,https://wits.worldbank.org/API/V1/SDMX/V21/datasource/tradestats-trade/reporter/deu/year/2018/partner/all/product/84-85_MachElec/indicator/MPRT-TRD-VL,2026-09-01T10:05:00Z
deu,tha,84-85_MachElec,2018,MPRT-TRD-VL,4047845.11778527,USD thousand,https://wits.worldbank.org/API/V1/SDMX/V21/datasource/tradestats-trade/reporter/deu/year/2018/partner/all/product/84-85_MachElec/indicator/MPRT-TRD-VL,2026-09-01T10:05:00Z
deu,idn,84-85_MachElec,2018,MPRT-TRD-VL,834946.024591478,USD thousand,https://wits.worldbank.org/API/V1/SDMX/V21/datasource/tradestats-trade/reporter/deu/year/2018/partner/all/product/84-85_MachElec/indicator/MPRT-TRD-VL,2026-09-01T10:05:00Z
deu,mys,84-85_MachElec,2018,MPRT-TRD-VL,7388827.86585597,USD thousand,https://wits.worldbank.org/API/V1/SDMX/V21/datasource/tradestats-trade/reporter/deu/year/2018/partner/all/product/84-85_MachElec/indicator/MPRT-TRD-VL,2026-09-01T10:05:00Z
deu,bra,84-85_MachElec,2018,MPRT-TRD-VL,887063.591229626,USD thousand,https://wits.worldbank.org/API/V1/SDMX/V21/datasource/tradestats-trade/reporter/deu/year/2018/partner/all/product/84-85_MachElec/indicator/MPRT-TRD-VL,2026-09-01T10:05:00Z
deu,can,84-85_MachElec,2018,MPRT-TRD-VL,1191286.64461571,USD thousand,https://wits.worldbank.org/API/V1/SDMX/V21/datasource/tradestats-trade/reporter/deu/year/2018/partner/all/product/84-85_MachElec/indicator/MPRT-TRD-VL,2026-09-01T10:05:00Z
deu,sgp,84-85_MachElec,2018,MPRT-TRD-VL,1330186.21199749,USD thousand,https://wits.worldbank.org/API/V1/SDMX/V21/datasource/tradestats-trade/reporter/deu/year/2018/partner/all/product/84-85_MachElec/indicator/MPRT-TRD-VL,2026-09-01T10:05:00Z
deu,che,84-85_MachElec,2018,MPRT-TRD-VL,10932745.5177702,USD thousand,https://wits.worldbank.org/API/V1/SDMX/V21/datasource/tradestats-trade/reporter/deu/year/2018/partner/all/product/84-85_MachElec/indicator/MPRT-TRD-VL,2026-09-01T10:05:00Z
deu,gbr,84-85_MachElec,2018,MPRT-TRD-VL,9067597.19114183,USD thousand,https://wits.worldbank.org/API/V1/SDMX/V21/datasource/tradestats-trade/reporter/deu/year/2018/partner/all/product/84-85_MachElec/indicator/MPRT-TRD-VL,2026-09-01T10:05:00Z
deu,phl,84-85_MachElec,2018,MPRT-TRD-VL,3589553.55872888,USD thousand,https://wits.worldbank.org/API/V1/SDMX/V21/datasource/tradestats-trade/reporter/deu/year/2018/partner/all/product/84-85_MachElec/indicator/MPRT-TRD-VL,2026-09-01T10:05:00Z
deu,wld,84-85_MachElec,2018,MPRT-TRD-VL,315612728.614546,USD thousand,https://wits.worldbank.org/API/V1/SDMX/V21/datasource/tradestats-trade/reporter/deu/year/2018/partner/all/product/84-85_MachElec/indicator/MPRT-TRD-VL,2026-09-01T10:05:00Z
deu,chn,28-38_Chemicals,2018,MPRT-TRD-VL,6039707.09276203,USD thousand,https://wits.worldbank.org/API/V1/SDMX/V21/datasource/tradestats-trade/reporter/deu/year/2018/partner/all/product/28-38_Chemicals/indicator/MPRT-TRD-VL,2026-09-01T10:05:00Z
deu,usa,28-38_Chemicals,2018,MPRT-TRD-VL,13890202.3417116,USD thousand,https://wits.worldbank.org/API/V1/SDMX/V21/datasource/tradestats-trade/reporter/deu/year/2018/partner/all/product/28-38_Chemicals/indicator/MPRT-TRD-VL,2026-09-01T10:05:00Z
deu,ind,28-38_Chemicals,2018,MPRT-TRD-VL,1871801.15783601,USD thousand,https://wits.worldbank.org/API/V1/SDMX/V21/datasource/tradestats-trade/reporter/deu/year/2018/partner/all/product/28-38_Chemicals/indicator/MPRT-TRD-VL,2026-09-01T10:05:00Z
deu,vnm,28-38_Chemicals,2018,MPRT-TRD-VL,66523.3111127514,USD thousand,https://wits.worldbank.org/API/V1/SDMX/V21/datasource/tradestats-trade/reporter/deu/year/2018/partner/all/product/28-38_Chemicals/indicator/MPRT-TRD-VL,2026-09-01T10:05:00Z
deu,mex,28-38_Chemicals,2018,MPRT-TRD-VL,246598.049825766,USD thousand,https://wits.worldbank.org/API/V1/SDMX/V21/datasource/tradestats-trade/reporter/deu/year/2018/partner/all/product/28-38_Chemicals/indicator/MPRT-TRD-VL,2026-09-01T10:05:00Z
deu,jpn,28-38_Chemicals,2018,MPRT-TRD-VL,3095945.08982653,USD thousand,https://wits.worldbank.org/API/V1/SDMX/V21/datasource/tradestats-trade/reporter/deu/year/2018/partner/all/product/28-38_Chemicals/indicator/MPRT-TRD-VL,2026-09-01T10:05:00Z
deu,kor,28-38_Chemicals,2018,MPRT-TRD-VL,1837445.5798861,USD thousand,https://wits.worldbank.org/API/V1/SDMX/V21/datasource/tradestats-trade/reporter/deu/year/2018/partner/all/product/28-38_Chemicals/indicator/MPRT-TRD-VL,2026-09-01T10:05:00Z
deu,tha,28-38_Chemicals,2018,MPRT-TRD-VL,79716.860523527,USD thousand,https://wits.worldbank.org/API/V1/SDMX/V21/datasource/tradestats-trade/reporter/deu/year/2018/partner/all/product/28-38_Chemicals/indicator/MPRT-TRD-VL,2026-09-01T10:05:00Z
deu,idn,28-38_Chemicals,2018,MPRT-TRD-VL,228024.973116762,USD thousand,https://wits.worldbank.org/API/V1/SDMX/V21/datasource/tradestats-trade/reporter/deu/year/2018/partner/all/product/28-38_Chemicals/indicator/MPRT-TRD-VL,2026-09-01T10:05:00Z
deu,mys,28-38_Chemicals,2018,MPRT-TRD-VL,462038.709953766,USD thousand,https://wits.worldbank.org/API/V1/SDMX/V21/datasource/tradestats-trade/reporter/deu/year/2018/partner/all/product/28-38_Chemicals/indicator/MPRT-TRD-VL,2026-09-01T10:05:00Z
deu,bra,28-38_Chemicals,2018,MPRT-TRD-VL,490911.590041957,USD thousand,https://wits.worldbank.org/API/V1/SDMX/V21/datasource/tradestats-trade/reporter/deu/year/2018/partner/all/product/28-38_Chemicals/indicator/MPRT-TRD-VL,2026-09-01T10:05:00Z
deu,can,28-38_Chemicals,2018,MPRT-TRD-VL,609353.201718255,USD thousand,https://wits.worldbank.org/API/V1/SDMX/V21/datasource/tradestats-trade/reporter/deu/year/2018/partner/all/product/28-38_Chemicals/indicator/MPRT-TRD-VL,2026-09-01T10:05:00Z
deu,sgp,28-38_Chemicals,2018,MPRT-TRD-VL,5112713.58548472,USD thousand,https://wits.worldbank.org/API/V1/SDMX/V21/datasource/tradestats-trade/reporter/deu/year/2018/partner/all/product/28-38_Chemicals/indicator/MPRT-TRD-VL,2026-09-01T10:05:00Z
deu,che,28-38_Chemicals,2018,MPRT-TRD-VL,17764810.8510387,USD thousand,https://wits.worldbank.org/API/V1/SDMX/V21/datasource/tradestats-trade/reporter/deu/year/2018/partner/all/product/28-38_Chemicals/indicator/MPRT-TRD-VL,2026-09-01T10:05:00Z
deu,gbr,28-38_Chemicals,2018,MPRT-TRD-VL,6174507.90276602,USD thousand,https://wits.worldbank.org/API/V1/SDMX/V21/datasource/tradestats-trade/reporter/deu/year/2018/partner/all/product/28-38_Chemicals/indicator/MPRT-TRD-VL,2026-09-01T10:05:00Z
deu,phl,28-38_Chemicals,2018,MPRT-TRD-VL,58698.2642023887,USD thousand,https://wits.worldbank.org/API/V1/SDMX/V21/datasource/tradestats-trade/reporter/deu/year/2018/partner/all/product/28-38_Chemicals/indicator/MPRT-TRD-VL,2026-09-01T10:05:00Z
deu,wld,28-38_Chemicals,2018,MPRT-TRD-VL,149380204.985882,USD thousand,https://wits.worldbank.org/API/V1/SDMX/V21/datasource/tradestats-trade/reporter/deu/year/2018/partner/all/product/28-38_Chemicals/indicator/MPRT-TRD-VL,2026-09-01T10:05:00Z
deu,chn,72-83_Metals,2018,MPRT-TRD-VL,7217907.44174516,USD thousand,https://wits.worldbank.org/API/V1/SDMX/V21/datasource/tradestats-trade/reporter/deu/year/2018/partner/all/product/72-83_Metals/indicator/MPRT-TRD-VL,2026-09-01T10:05:00Z
deu,usa,72-83_Metals,2018,MPRT-TRD-VL,2558282.94740544,USD thousand,https://wits.worldbank.org/API/V1/SDMX/V21/datasource/tradestats-trade/reporter/deu/year/2018/partner/all/product/72-83_Metals/indicator/MPRT-TRD-VL,2026-09-01T10:05:00Z
deu,ind,72-83_Metals,2018,MPRT-TRD-VL,873842.755030855,USD thousand,https://wits.worldbank.org/API/V1/SDMX/V21/datasource/tradestats-trade/reporter/deu/year/2018/partner/all/product/72-83_Metals/indicator/MPRT-TRD-VL,2026-09-01T10:05:00Z
deu,vnm,72-83_Metals,2018,MPRT-TRD-VL,328970.033408055,USD thousand,https://wits.worldbank.org/API/V1/SDMX/V21/datasource/tradestats-trade/reporter/deu/year/2018/partner/all/product/72-83_Metals/indicator/MPRT-TRD-VL,2026-09-01T10:05:00Z
deu,mex,72-83_Metals,2018,MPRT-TRD-VL,147501.927501087,USD thousand,https://wits.worldbank.org/API/V1/SDMX/V21/datasource/tradestats-trade/reporter/deu/year/2018/partner/all/product/72-83_Metals/indicator/MPRT-TRD-VL,2026-09-01T10:05:00Z
deu,jpn,72-83_Metals,2018,MPRT-TRD-VL,803854.660841635,USD thousand,https://wits.worldbank.org/API/V1/SDMX/V21/datasource/tradestats-trade/reporter/deu/year/2018/partner/all/product/72-83_Metals/indicator/MPRT-TRD-VL,2026-09-01T10:05:00Z
deu,kor,72-83_Metals,2018,MPRT-TRD-VL,809874.544162055,USD thousand,https://wits.worldbank.org/API/V1/SDMX/V21/datasource/tradestats-trade/reporter/deu/year/2018/partner/all/product/72-83_Metals/indicator/MPRT-TRD-VL,2026-09-01T10:05:00Z
deu,tha,72-83_Metals,2018,MPRT-TRD-VL,175403.524555291,USD thousand,https://wits.worldbank.org/API/V1/SDMX/V21/datasource/tradestats-trade/reporter/deu/year/2018/partner/all/product/72-83_Metals/indicator/MPRT-TRD-VL,2026-09-01T10:05:00Z
deu,idn,72-83_Metals,2018,MPRT-TRD-VL,152769.873309614,USD thousand,https://wits.worldbank.org/API/V1/SDMX/V21/datasource/tradestats-trade/reporter/deu/year/2018/partner/all/product/72-83_Metals/indicator/MPRT-TRD-VL,2026-09-01T10:05:00Z
deu,mys,72-83_Metals,2018,MPRT-TRD-VL,176237.277547699,USD thousand,https://wits.worldbank.org/API/V1/SDMX/V21/datasource/tradestats-trade/reporter/deu/year/2018/partner/all/product/72-83_Metals/indicator/MPRT-TRD-VL,2026-09-01T10:05:00Z
deu,bra,72-83_Metals,2018,MPRT-TRD-VL,741135.676262409,USD thousand,https://wits.worldbank.org/API/V1/SDMX/V21/datasource/tradestats-trade/reporter/deu/year/2018/partner/all/product/72-83_Metals/indicator/MPRT-TRD-VL,2026-09-01T10:05:00Z
deu,can,72-83_Metals,2018,MPRT-TRD-VL,317354.942357052,USD thousand,https://wits.worldbank.org/API/V1/SDMX/V21/datasource/tradestats-trade/reporter/deu/year/2018/partner/all/product/72-83_Metals/indicator/MPRT-TRD-VL,2026-09-01T10:05:00Z
deu,sgp,72-83_Metals,2018,MPRT-TRD-VL,89434.2465356822,USD thousand,https://wits.worldbank.org/API/V1/SDMX/V21/datasource/tradestats-trade/reporter/deu/year/2018/partner/all/product/72-83_Metals/indicator/MPRT-TRD-VL,2026-09-01T10:05:00Z
deu,che,72-83_Metals,2018,MPRT-TRD-VL,4349705.18635642,USD thousand,https://wits.worldbank.org/API/V1/SDMX/V21/datasource/tradestats-trade/reporter/deu/year/2018/partner/all/product/72-83_Metals/indicator/MPRT-TRD-VL,2026-09-01T10:05:00Z
deu,gbr,72-83_Metals,2018,MPRT-TRD-VL,3076535.47734993,USD thousand,https://wits.worldbank.org/API/V1/SDMX/V21/datasource/tradestats-trade/reporter/deu/year/2018/partner/all/product/72-83_Metals/indicator/MPRT-TRD-VL,2026-09-01T10:05:00Z
deu,phl,72-83_Metals,2018,MPRT-TRD-VL,25235.5236096963,USD thousand,https://wits.worldbank.org/API/V1/SDMX/V21/datasource/tradestats-trade/reporter/deu/year/2018/partner/all/product/72-83_Metals/indicator/MPRT-TRD-VL,2026-09-01T10:05:00Z
deu,wld,72-83_Metals,2018,MPRT-TRD-VL,110600272.596346,USD thousand,https://wits.worldbank.org/API/V1/SDMX/V21/datasource/tradestats-trade/reporter/deu/year/2018/partner/all/product/72-83_Metals/indicator/MPRT-TRD-VL,2026-09-01T10:05:00Z
deu,chn,86-89_Transport,2018,MPRT-TRD-VL,3649187.95984528,USD thousand,https://wits.worldbank.org/API/V1/SDMX/V21/datasource/tradestats-trade/reporter/deu/year/2018/partner/all/product/86-89_Transport/indicator/MPRT-TRD-VL,2026-09-01T10:12:00Z
deu,usa,86-89_Transport,2018,MPRT-TRD-VL,9070186.13942853,USD thousand,https://wits.worldbank.org/API/V1/SDMX/V21/datasource/tradestats-trade/reporter/deu/year/2018/partner/all/product/86-89_Transport/indicator/MPRT-TRD-VL,2026-09-01T10:12:00Z
deu,ind,86-89_Transport,2018,MPRT-TRD-VL,448171.021440969,USD thousand,https://wits.worldbank.org/API/V1/SDMX/V21/datasource/tradestats-trade/reporter/deu/year/2018/partner/all/product/86-89_Transport/indicator/MPRT-TRD-VL,2026-09-01T10:12:00Z
deu,vnm,86-89_Transport,2018,MPRT-TRD-VL,170974.129545978,USD thousand,https://wits.worldbank.org/API/V1/SDMX/V21/datasource/tradestats-trade/reporter/deu/year/2018/partner/all/product/86-89_Transport/indicator/MPRT-TRD-VL,2026-09-01T10:12:00Z
deu,mex,86-89_Transport,2018,MPRT-TRD-VL,4505479.86984627,USD thousand,https://wits.worldbank.org/API/V1/SDMX/V21/datasource/tradestats-trade/reporter/deu/year/2018/partner/all/product/86-89_Transport/indicator/MPRT-TRD-VL,2026-09-01T10:12:00Z
deu,jpn,86-89_Transport,2018,MPRT-TRD-VL,4624979.74163621,USD thousand,https://wits.worldbank.org/API/V1/SDMX/V21/datasource/tradestats-trade/reporter/deu/year/2018/partner/all/product/86-89_Transport/indicator/MPRT-TRD-VL,2026-09-01T10:12:00Z
deu,kor,86-89_Transport,2018,MPRT-TRD-VL,1897813.8481928,USD thousand,https://wits.worldbank.org/API/V1/SDMX/V21/datasource/tradestats-trade/reporter/deu/year/2018/partner/all/product/86-89_Transport/indicator/MPRT-TRD-VL,2026-09-01T10:12:00Z
deu,tha,86-89_Transport,2018,MPRT-TRD-VL,405453.187499116,USD thousand,https://wits.worldbank.org/API/V1/SDMX/V21/datasource/tradestats-trade/reporter/deu/year/2018/partner/all/product/86-89_Transport/indicator/MPRT-TRD-VL,2026-09-01T10:12:00Z
deu,idn,86-89_Transport,2018,MPRT-TRD-VL,88827.3724016082,USD thousand,https://wits.worldbank.org/API/V1/SDMX/V21/datasource/tradestats-trade/reporter/deu/year/2018/partner/all/product/86-89_Transport/indicator/MPRT-TRD-VL,2026-09-01T10:12:00Z
deu,mys,86-89_Transport,2018,MPRT-TRD-VL,130293.546897309,USD thousand,https://wits.worldbank.org/API/V1/SDMX/V21/datasource/tradestats-trade/reporter/deu/year/2018/partner/all/product/86-89_Transport/indicator/MPRT-TRD-VL,2026-09-01T10:12:00Z
deu,bra,86-89_Transport,2018,MPRT-TRD-VL,204033.72207883,USD thousand,https://wits.worldbank.org/API/V1/SDMX/V21/datasource/tradestats-trade/reporter/deu/year/2018/partner/all/product/86-89_Transport/indicator/MPRT-TRD-VL,2026-09-01T10:12:00Z
deu,can,86-89_Transport,2018,MPRT-TRD-VL,465974.663171309,USD thousand,https://wits.worldbank.org/API/V1/SDMX/V21/datasource/tradestats-trade/reporter/deu/year/2018/partner/all/product/86-89_Transport/indicator/MPRT-TRD-VL,2026-09-01T10:12:00Z
deu,sgp,86-89_Transport,2018,MPRT-TRD-VL,32148.0021528215,USD thousand,https://wits.worldbank.org/API/V1/SDMX/V21/datasource/tradestats-trade/reporter/deu/year/2018/partner/all/product/86-89_Transport/indicator/MPRT-TRD-VL,2026-09-01T10:12:00Z
deu,che,86-89_Transport,2018,MPRT-TRD-VL,1565415.28574129,USD thousand,https://wits.worldbank.org/API/V1/SDMX/V21/datasource/tradestats-trade/reporter/deu/year/2018/partner/all/product/86-89_Transport/indicator/MPRT-TRD-VL,2026-09-01T10:12:00Z
deu,gbr,86-89_Transport,2018,MPRT-TRD-VL,9207427.9039232,USD thousand,https://wits.worldbank.org/API/V1/SDMX/V21/datasource/tradestats-trade/reporter/deu/year/2018/partner/all/product/86-89_Transport/indicator/MPRT-TRD-VL,2026-09-01T10:12:00Z
deu,phl,86-89_Transport,2018,MPRT-TRD-VL,10343.0675016633,USD thousand,https://wits.worldbank.org/API/V1/SDMX/V21/datasource/tradestats-trade/reporter/deu/year/2018/partner/all/product/86-89_Transport/indicator/MPRT-TRD-VL,2026-09-01T10:12:00Z
deu,wld,86-89_Transport,2018,MPRT-TRD-VL,154942951.555249,USD thousand,https://wits.worldbank.org/API/V1/SDMX/V21/datasource/tradestats-trade/reporter/deu/year/2018/partner/all/product/86-89_Transport/indicator/MPRT-TRD-VL,2026-09-01T10:12:00Z
usa,chn,Total,2023,MPRT-TRD-VL,448017376.384,USD thousand,https://wits.worldbank.org/API/V1/SDMX/V21/datasource/tradestats-trade/reporter/usa/year/2023/partner/all/product/Total/indicator/MPRT-TRD-VL,2026-09-01T10:18:00Z
usa,ind,Total,2023,MPRT-TRD-VL,87278828.255,USD thousand,https://wits.worldbank.org/API/V1/SDMX/V21/datasource/tradestats-trade/reporter/usa/year/2023/partner/all/product/Total/indicator/MPRT-TRD-VL,2026-09-01T10:18:00Z
usa,vnm,Total,2023,MPRT-TRD-VL,118940051.668,USD thousand,https://wits.worldbank.org/API/V1/SDMX/V21/datasource/tradestats-trade/reporter/usa/year/2023/partner/all/product/Total/indicator/MPRT-TRD-VL,2026-09-01T10:18:00Z
usa,mex,Total,2023,MPRT-TRD-VL,480050580.531,USD thousand,https://wits.worldbank.org/API/V1/SDMX/V21/datasource/tradestats-trade/reporter/usa/year/2023/partner/all/product/Total/indicator/MPRT-TRD-VL,2026-09-01T10:18:00Z
usa,jpn,Total,2023,MPRT-TRD-VL,151580564.29,USD thousand,https://wits.worldbank.org/API/V1/SDMX/V21/datasource/tradestats-trade/reporter/usa/year/2023/partner/all/product/Total/indicator/MPRT-TRD-VL,2026-09-01T10:18:00Z
usa,kor,Total,2023,MPRT-TRD-VL,119716388.241,USD thousand,https://wits.worldbank.org/API/V1/SDMX/V21/datasource/tradestats-trade/reporter/usa/year/2023/partner/all/product/Total/indicator/MPRT-TRD-VL,2026-09-01T10:18:00Z
usa,deu,Total,2023,MPRT-TRD-VL,162959184.239,USD thousand,https://wits.worldbank.org/API/V1/SDMX/V21/datasource/tradestats-trade/reporter/usa/year/2023/partner/all/product/Total/indicator/MPRT-TRD-VL,2026-09-01T10:18:00Z
usa,tha,Total,2023,MPRT-TRD-VL,58684932.837,USD thousand,https://wits.worldbank.org/API/V1/SDMX/V21/datasource/tradestats-trade/reporter/usa/year/2023/partner/all/product/Total/indicator/MPRT-TRD-VL,2026-09-01T10:18:00Z
usa,idn,Total,2023,MPRT-TRD-VL,28101210.465,USD thousand,https://wits.worldbank.org/API/V1/SDMX/V21/datasource/tradestats-trade/reporter/usa/year/2023/partner/all/product/Total/indicator/MPRT-TRD-VL,2026-09-01T10:18:00Z
usa,mys,Total,2023,MPRT-TRD-VL,47328326.35,USD thousand,https://wits.worldbank.org/API/V1/SDMX/V21/datasource/tradestats-trade/reporter/usa/year/2023/partner/all/product/Total/indicator/MPRT-TRD-VL,2026-09-01T10:18:00Z
usa,bra,Total,2023,MPRT-TRD-VL,40998269.163,USD thousand,https://wits.worldbank.org/API/V1/SDMX/V21/datasource/tradestats-trade/reporter/usa/year/2023/partner/all/product/Total/indicator/MPRT-TRD-VL,2026-09-01T10:18:00Z
usa,can,Total,2023,MPRT-TRD-VL,429604898.391,USD thousand,https://wits.worldbank.org/API/V1/SDMX/V21/datasource/tradestats-trade/reporter/usa/year/2023/partner/all/product/Total/indicator/MPRT-TRD-VL,2026-09-01T10:18:00Z
usa,sgp,Total,2023,MPRT-TRD-VL,40710216.64,USD thousand,https://wits.worldbank.org/API/V1/SDMX/V21/datasource/tradestats-trade/reporter/usa/year/2023/partner/all/product/Total/indicator/MPRT-TRD-VL,2026-09-01T10:18:00Z
usa,che,Total,2023,MPRT-TRD-VL,52815436.548,USD thousand,https://wits.worldbank.org/API/V1/SDMX/V21/datasource/tradestats-trade/reporter/usa/year/2023/partner/all/product/Total/indicator/MPRT-TRD-VL,2026-09-01T10:18:00Z
usa,gbr,Total,2023,MPRT-TRD-VL,64776969.519,USD thousand,https://wits.worldbank.org/API/V1/SDMX/V21/datasource/tradestats-trade/reporter/usa/year/2023/partner/all/product/Total/indicator/MPRT-TRD-VL,2026-09-01T10:18:00Z
usa,phl,Total,2023,MPRT-TRD-VL,13686902.717,USD thousand,https://wits.worldbank.org/API/V1/SDMX/V21/datasource/tradestats-trade/reporter/usa/year/2023/partner/all/product/Total/indicator/MPRT-TRD-VL,2026-09-01T10:18:00Z
usa,wld,Total,2023,MPRT-TRD-VL,3168471121.076,USD thousand,https://wits.worldbank.org/API/V1/SDMX/V21/datasource/tradestats-trade/reporter/usa/year/2023/partner/all/product/Total/indicator/MPRT-TRD-VL,2026-09-01T10:18:00Z
ind,chn,Total,2023,MPRT-TRD-VL,121967409.566587,USD thousand,https://wits.worldbank.org/API/V1/SDMX/V21/datasource/tradestats-trade/reporter/ind/year/2023/partner/all/product/Total/indicator/MPRT-TRD-VL,2026-09-01T10:22:00Z
ind,usa,Total,2023,MPRT-TRD-VL,42116442.605924,USD thousand,https://wits.worldbank.org/API/V1/SDMX/V21/datasource/tradestats-trade/reporter/ind/year/2023/partner/all/product/Total/indicator/MPRT-TRD-VL,2026-09-01T10:22:00Z
ind,idn,Total,2023,MPRT-TRD-VL,24033807.359026,USD thousand,https://wits.worldbank.org/API/V1/SDMX/V21/datasource/tradestats-trade/reporter/ind/year/2023/partner/all/product/Total/indicator/MPRT-TRD-VL,2026-09-01T10:22:00Z
ind,jpn,Total,2023,MPRT-TRD-VL,18752547.702131,USD thousand,https://wits.worldbank.org/API/V1/SDMX/V21/datasource/tradestats-trade/reporter/ind/year/2023/partner/all/product/Total/indicator/MPRT-TRD-VL,2026-09-01T10:22:00Z
ind,kor,Total,2023,MPRT-TRD-VL,19640138.854409,USD thousand,https://wits.worldbank.org/API/V1/SDMX/V21/datasource/tradestats-trade/reporter/ind/year/2023/partner/all/product/Total/indicator/MPRT-TRD-VL,2026-09-01T10:22:00Z
ind,deu,Total,2023,MPRT-TRD-VL,18118667.045472,USD thousand,https://wits.worldbank.org/API/V1/SDMX/V21/datasource/tradestats-trade/reporter/ind/year/2023/partner/all/product/Total/indicator/MPRT-TRD-VL,2026-09-01T10:22:00Z
ind,che,Total,2023,MPRT-TRD-VL,18599429.255743,USD thousand,https://wits.worldbank.org/API/V1/SDMX/V21/datasource/tradestats-trade/reporter/ind/year/2023/partner/all/product/Total/indicator/MPRT-TRD-VL,2026-09-01T10:22:00Z
ind,tha,Total,2023,MPRT-TRD-VL,10698465.126879,USD thousand,https://wits.worldbank.org/API/V1/SDMX/V21/datasource/tradestats-trade/reporter/ind/year/2023/partner/all/product/Total/indicator/MPRT-TRD-VL,2026-09-01T10:22:00Z
ind,mys,Total,2023,MPRT-TRD-VL,12555909.059309,USD thousand,https://wits.worldbank.org/API/V1/SDMX/V21/datasource/tradestats-trade/reporter/ind/year/2023/partner/all/product/Total/indicator/MPRT-TRD-VL,2026-09-01T10:22:00Z
ind,vnm,Total,2023,MPRT-TRD-VL,9643313.890787,USD thousand,https://wits.worldbank.org/API/V1/SDMX/V21/datasource/tradestats-trade/reporter/ind/year/2023/partner/all/product/Total/indicator/MPRT-TRD-VL,2026-09-01T10:22:00Z
ind,bra,Total,2023,MPRT-TRD-VL,6469573.723126,USD thousand,https://wits.worldbank.org/API/V1/SDMX/V21/datasource/tradestats-trade/reporter/ind/year/2023/partner/all/product/Total/indicator/MPRT-TRD-VL,2026-09-01T10:22:00Z
ind,can,Total,2023,MPRT-TRD-VL,7145926.627491,USD thousand,https://wits.worldbank.org/API/V1/SDMX/V21/datasource/tradestats-trade/reporter/ind/year/2023/partner/all/product/Total/indicator/MPRT-TRD-VL,2026-09-01T10:22:00Z
ind,sgp,Total,2023,MPRT-TRD-VL,6934788.486977,USD thousand,https://wits.worldbank.org/API/V1/SDMX/V21/datasource/tradestats-trade/reporter/ind/year/2023/partner/all/product/Total/indicator/MPRT-TRD-VL,2026-09-01T10:22:00Z
ind,gbr,Total,2023,MPRT-TRD-VL,6749741.505594,USD thousand,https://wits.worldbank.org/API/V1/SDMX/V21/datasource/tradestats-trade/reporter/ind/year/2023/partner/all/product/Total/indicator/MPRT-TRD-VL,2026-09-01T10:22:00Z
ind,mex,Total,2023,MPRT-TRD-VL,4100446.596978,USD thousand,https://wits.worldbank.org/API/V1/SDMX/V21/datasource/tradestats-trade/reporter/ind/year/2023/partner/all/product/Total/indicator/MPRT-TRD-VL,2026-09-01T10:22:00Z
ind,phl,Total,2023,MPRT-TRD-VL,1530151.326763,USD thousand,https://wits.worldbank.org/API/V1/SDMX/V21/datasource/tradestats-trade/reporter/ind/year/2023/partner/all/product/Total/indicator/MPRT-TRD-VL,2026-09-01T10:22:00Z
ind,wld,Total,2023,MPRT-TRD-VL,672140129.635882,USD thousand,https://wits.worldbank.org/API/V1/SDMX/V21/datasource/tradestats-trade/reporter/ind/year/2023/partner/all/product/Total/indicator/MPRT-TRD-VL,2026-09-01T10:22:00Z
chn,usa,Total,2023,MPRT-TRD-VL,165157213.513,USD thousand,https://wits.worldbank.org/API/V1/SDMX/V21/datasource/tradestats-trade/reporter/chn/year/2023/partner/all/product/Total/indicator/MPRT-TRD-VL,2026-09-01T10:22:00Z
chn,ind,Total,2023,MPRT-TRD-VL,18540707.022,USD thousand,https://wits.worldbank.org/API/V1/SDMX/V21/datasource/tradestats-trade/reporter/chn/year/2023/partner/all/product/Total/indicator/MPRT-TRD-VL,2026-09-01T10:22:00Z
chn,vnm,Total,2023,MPRT-TRD-VL,92135781.833,USD thousand,https://wits.worldbank.org/API/V1/SDMX/V21/datasource/tradestats-trade/reporter/chn/year/2023/partner/all/product/Total/indicator/MPRT-TRD-VL,2026-09-01T10:22:00Z
chn,mex,Total,2023,MPRT-TRD-VL,18735661.189,USD thousand,https://wits.worldbank.org/API/V1/SDMX/V21/datasource/tradestats-trade/reporter/chn/year/2023/partner/all/product/Total/indicator/MPRT-TRD-VL,2026-09-01T10:22:00Z
chn,jpn,Total,2023,MPRT-TRD-VL,160476326.794,USD thousand,https://wits.worldbank.org/API/V1/SDMX/V21/datasource/tradestats-trade/reporter/chn/year/2023/partner/all/product/Total/indicator/MPRT-TRD-VL,2026-09-01T10:22:00Z
chn,kor,Total,2023,MPRT-TRD-VL,161739432.075,USD thousand,https://wits.worldbank.org/API/V1/SDMX/V21/datasource/tradestats-trade/reporter/chn/year/2023/partner/all/product/Total/indicator/MPRT-TRD-VL,2026-09-01T10:22:00Z
chn,deu,Total,2023,MPRT-TRD-VL,106207382.759,USD thousand,https://wits.worldbank.org/API/V1/SDMX/V21/datasource/tradestats-trade/reporter/chn/year/2023/partner/all/product/Total/indicator/MPRT-TRD-VL,2026-09-01T10:22:00Z
chn,tha,Total,2023,MPRT-TRD-VL,50546010.192,USD thousand,https://wits.worldbank.org/API/V1/SDMX/V21/datasource/tradestats-trade/reporter/chn/year/2023/partner/all/product/Total/indicator/MPRT-TRD-VL,2026-09-01T10:22:00Z
chn,idn,Total,2023,MPRT-TRD-VL,74165820.433,USD thousand,https://wits.worldbank.org/API/V1/SDMX/V21/datasource/tradestats-trade/reporter/chn/year/2023/partner/all/product/Total/indicator/MPRT-TRD-VL,2026-09-01T10:22:00Z
chn,mys,Total,2023,MPRT-TRD-VL,102905056.591,USD thousand,https://wits.worldbank.org/API/V1/SDMX/V21/datasource/tradestats-trade/reporter/chn/year/2023/partner/all/product/Total/indicator/MPRT-TRD-VL,2026-09-01T10:22:00Z
chn,bra,Total,2023,MPRT-TRD-VL,122490613.944,USD thousand,https://wits.worldbank.org/API/V1/SDMX/V21/datasource/tradestats-trade/reporter/chn/year/2023/partner/all/product/Total/indicator/MPRT-TRD-VL,2026-09-01T10:22:00Z
chn,can,Total,2023,MPRT-TRD-VL,43919904.88,USD thousand,https://wits.worldbank.org/API/V1/SDMX/V21/datasource/tradestats-trade/reporter/chn/year/2023/partner/all/product/Total/indicator/MPRT-TRD-VL,2026-09-01T10:22:00Z
chn,sgp,Total,2023,MPRT-TRD-VL,31436968.04,USD thousand,https://wits.worldbank.org/API/V1/SDMX/V21/datasource/tradestats-trade/reporter/chn/year/2023/partner/all/product/Total/indicator/MPRT-TRD-VL,2026-09-01T10:22:00Z
chn,che,Total,2023,MPRT-TRD-VL,53974386.288,USD thousand,https://wits.worldbank.org/API/V1/SDMX/V21/datasource/tradestats-trade/reporter/chn/year/2023/partner/all/product/Total/indicator/MPRT-TRD-VL,2026-09-01T10:22:00Z
chn,gbr,Total,2023,MPRT-TRD-VL,20059363.553,USD thousand,https://wits.worldbank.org/API/V1/SDMX/V21/datasource/tradestats-trade/reporter/chn/year/2023/partner/all/product/Total/indicator/MPRT-TRD-VL,2026-09-01T10:22:00Z
chn,phl,Total,2023,MPRT-TRD-VL,19482886.283,USD thousand,https://wits.worldbank.org/API/V1/SDMX/V21/datasource/tradestats-trade/reporter/chn/year/2023/partner/all/product/Total/indicator/MPRT-TRD-VL,2026-09-01T10:22:00Z
chn,wld,Total,2023,MPRT-TRD-VL,2556763018.595,USD thousand,https://wits.worldbank.org/API/V1/SDMX/V21/datasource/tradestats-trade/reporter/chn/year/2023/partner/all/product/Total/indicator/MPRT-TRD-VL,2026-09-01T10:22:00Z
