iso3,indicator_code,indicator_name,year,value,source_url,retrieved_utc
BRA,EN.GHG.CO2.PC.CE.AR5,"Carbon dioxide (CO2) emissions excluding LULUCF per capita (t CO2e/capita, AR5)",2015,2.57,https://api.worldbank.org/v2/country/USA;CHN;IND;EUU;VNM;MEX;JPN;KOR;THA;IDN;MYS;BRA;DEU;CAN/indicator/EN.GHG.CO2.PC.CE.AR5?format=json&date=2015:2024&per_page=600,2026-09-01T08:56:50Z
BRA,EN.GHG.CO2.PC.CE.AR5,"Carbon dioxide (CO2) emissions excluding LULUCF per capita (t CO2e/capita, AR5)",2016,2.38,https://api.worldbank.org/v2/country/USA;CHN;IND;EUU;VNM;MEX;JPN;KOR;THA;IDN;MYS;BRA;DEU;CAN/indicator/EN.GHG.CO2.PC.CE.AR5?format=json&date=2015:2024&per_page=600,2026-09-01T08:56:50Z
BRA,EN.GHG.CO2.PC.CE.AR5,"Carbon dioxide (CO2) emissions excluding LULUCF per capita (t CO2e/capita, AR5)",2017,2.42,https://api.worldbank.org/v2/country/USA;CHN;IND;EUU;VNM;MEX;JPN;KOR;THA;IDN;MYS;BRA;DEU;CAN/indicator/EN.GHG.CO2.PC.CE.AR5?format=json&date=2015:2024&per_page=600,2026-09-01T08:56:50Z
BRA,EN.GHG.CO2.PC.CE.AR5,"Carbon dioxide (CO2) emissions excluding LULUCF per capita (t CO2e/capita, AR5)",2018,2.29,https://api.worldbank.org/v2/country/USA;CHN;IND;EUU;VNM;MEX;JPN;KOR;THA;IDN;MYS;BRA;DEU;CAN/indicator/EN.GHG.CO2.PC.CE.AR5?format=json&date=2015:2024&per_page=600,2026-09-01T08:56:50Z
BRA,EN.GHG.CO2.PC.CE.AR5,"Carbon dioxide (CO2) emissions excluding LULUCF per capita (t CO2e/capita, AR5)",2019,2.26,https://api.worldbank.org/v2/country/USA;CHN;IND;EUU;VNM;MEX;JPN;KOR;THA;IDN;MYS;BRA;DEU;CAN/indicator/EN.GHG.CO2.PC.CE.AR5?format=json&date=2015:2024&per_page=600,2026-09-01T08:56:50Z
BRA,EN.GHG.CO2.PC.CE.AR5,"Carbon dioxide (CO2) emissions excluding LULUCF per capita (t CO2e/capita, AR5)",2020,2.15,https://api.worldbank.org/v2/country/USA;CHN;IND;EUU;VNM;MEX;JPN;KOR;THA;IDN;MYS;BRA;DEU;CAN/indicator/EN.GHG.CO2.PC.CE.AR5?format=json&date=2015:2024&per_page=600,2026-09-01T08:56:50Z
BRA,EN.GHG.CO2.PC.CE.AR5,"Carbon dioxide (CO2) emissions excluding LULUCF per capita (t CO2e/capita, AR5)",2021,2.42,https://api.worldbank.org/v2/country/USA;CHN;IND;EUU;VNM;MEX;JPN;KOR;THA;IDN;MYS;BRA;DEU;CAN/indicator/EN.GHG.CO2.PC.CE.AR5?format=json&date=2015:2024&per_page=600,2026-09-01T08:56:50Z
BRA,EN.GHG.CO2.PC.CE.AR5,"Carbon dioxide (CO2) emissions excluding LULUCF per capita (t CO2e/capita, AR5)",2022,2.28,https://api.worldbank.org/v2/country/USA;CHN;IND;EUU;VNM;MEX;JPN;KOR;THA;IDN;MYS;BRA;DEU;CAN/indicator/EN.GHG.CO2.PC.CE.AR5?format=json&date=2015:2024&per_page=600,2026-09-01T08:56:50Z
BRA,EN.GHG.CO2.PC.CE.AR5,"Carbon dioxide (CO2) emissions excluding LULUCF per capita (t CO2e/capita, AR5)",2023,2.27,https://api.worldbank.org/v2/country/USA;CHN;IND;EUU;VNM;MEX;JPN;KOR;THA;IDN;MYS;BRA;DEU;CAN/indicator/EN.GHG.CO2.PC.CE.AR5?format=json&date=2015:2024&per_page=600,2026-09-01T08:56:50Z
BRA,EN.GHG.CO2.PC.CE.AR5,"Carbon dioxide (CO2) emissions excluding LULUCF per capita (t CO2e/capita, AR5)",2024,2.32,https://api.worldbank.org/v2/country/USA;CHN;IND;EUU;VNM;MEX;JPN;KOR;THA;IDN;MYS;BRA;DEU;CAN/indicator/EN.GHG.CO2.PC.CE.AR5?format=json&date=2015:2024&per_page=600,2026-09-01T08:56:50Z
CAN,EN.GHG.CO2.PC.CE.AR5,"Carbon dioxide (CO2) emissions excluding LULUCF per capita (t CO2e/capita, AR5)",2015,16.09,https://api.worldbank.org/v2/country/USA;CHN;IND;EUU;VNM;MEX;JPN;KOR;THA;IDN;MYS;BRA;DEU;CAN/indicator/EN.GHG.CO2.PC.CE.AR5?format=json&date=2015:2024&per_page=600,2026-09-01T08:56:50Z
CAN,EN.GHG.CO2.PC.CE.AR5,"Carbon dioxide (CO2) emissions excluding LULUCF per capita (t CO2e/capita, AR5)",2016,15.9,https://api.worldbank.org/v2/country/USA;CHN;IND;EUU;VNM;MEX;JPN;KOR;THA;IDN;MYS;BRA;DEU;CAN/indicator/EN.GHG.CO2.PC.CE.AR5?format=json&date=2015:2024&per_page=600,2026-09-01T08:56:50Z
CAN,EN.GHG.CO2.PC.CE.AR5,"Carbon dioxide (CO2) emissions excluding LULUCF per capita (t CO2e/capita, AR5)",2017,16.2,https://api.worldbank.org/v2/country/USA;CHN;IND;EUU;VNM;MEX;JPN;KOR;THA;IDN;MYS;BRA;DEU;CAN/indicator/EN.GHG.CO2.PC.CE.AR5?format=json&date=2015:2024&per_page=600,2026-09-01T08:56:50Z
CAN,EN.GHG.CO2.PC.CE.AR5,"Carbon dioxide (CO2) emissions excluding LULUCF per capita (t CO2e/capita, AR5)",2018,16.52,https://api.worldbank.org/v2/country/USA;CHN;IND;EUU;VNM;MEX;JPN;KOR;THA;IDN;MYS;BRA;DEU;CAN/indicator/EN.GHG.CO2.PC.CE.AR5?format=json&date=2015:2024&per_page=600,2026-09-01T08:56:50Z
CAN,EN.GHG.CO2.PC.CE.AR5,"Carbon dioxide (CO2) emissions excluding LULUCF per capita (t CO2e/capita, AR5)",2019,16.19,https://api.worldbank.org/v2/country/USA;CHN;IND;EUU;VNM;MEX;JPN;KOR;THA;IDN;MYS;BRA;DEU;CAN/indicator/EN.GHG.CO2.PC.CE.AR5?format=json&date=2015:2024&per_page=600,2026-09-01T08:56:50Z
CAN,EN.GHG.CO2.PC.CE.AR5,"Carbon dioxide (CO2) emissions excluding LULUCF per capita (t CO2e/capita, AR5)",2020,14.42,https://api.worldbank.org/v2/country/USA;CHN;IND;EUU;VNM;MEX;JPN;KOR;THA;IDN;MYS;BRA;DEU;CAN/indicator/EN.GHG.CO2.PC.CE.AR5?format=json&date=2015:2024&per_page=600,2026-09-01T08:56:50Z
CAN,EN.GHG.CO2.PC.CE.AR5,"Carbon dioxide (CO2) emissions excluding LULUCF per capita (t CO2e/capita, AR5)",2021,14.69,https://api.worldbank.org/v2/country/USA;CHN;IND;EUU;VNM;MEX;JPN;KOR;THA;IDN;MYS;BRA;DEU;CAN/indicator/EN.GHG.CO2.PC.CE.AR5?format=json&date=2015:2024&per_page=600,2026-09-01T08:56:50Z
CAN,EN.GHG.CO2.PC.CE.AR5,"Carbon dioxide (CO2) emissions excluding LULUCF per capita (t CO2e/capita, AR5)",2022,14.78,https://api.worldbank.org/v2/country/USA;CHN;IND;EUU;VNM;MEX;JPN;KOR;THA;IDN;MYS;BRA;DEU;CAN/indicator/EN.GHG.CO2.PC.CE.AR5?format=json&date=2015:2024&per_page=600,2026-09-01T08:56:50Z
CAN,EN.GHG.CO2.PC.CE.AR5,"Carbon dioxide (CO2) emissions excluding LULUCF per capita (t CO2e/capita, AR5)",2023,14.16,https://api.worldbank.org/v2/country/USA;CHN;IND;EUU;VNM;MEX;JPN;KOR;THA;IDN;MYS;BRA;DEU;CAN/indicator/EN.GHG.CO2.PC.CE.AR5?format=json&date=2015:2024&per_page=600,2026-09-01T08:56:50Z
CAN,EN.GHG.CO2.PC.CE.AR5,"Carbon dioxide (CO2) emissions excluding LULUCF per capita (t CO2e/capita, AR5)",2024,14.01,https://api.worldbank.org/v2/country/USA;CHN;IND;EUU;VNM;MEX;JPN;KOR;THA;IDN;MYS;BRA;DEU;CAN/indicator/EN.GHG.CO2.PC.CE.AR5?format=json&date=2015:2024&per_page=600,2026-09-01T08:56:50Z
CHN,EN.GHG.CO2.PC.CE.AR5,"Carbon dioxide (CO2) emissions excluding LULUCF per capita (t CO2e/capita, AR5)",2015,7.79,https://api.worldbank.org/v2/country/USA;CHN;IND;EUU;VNM;MEX;JPN;KOR;THA;IDN;MYS;BRA;DEU;CAN/indicator/EN.GHG.CO2.PC.CE.AR5?format=json&date=2015:2024&per_page=600,2026-09-01T08:56:50Z
CHN,EN.GHG.CO2.PC.CE.AR5,"Carbon dioxide (CO2) emissions excluding LULUCF per capita (t CO2e/capita, AR5)",2016,7.76,https://api.worldbank.org/v2/country/USA;CHN;IND;EUU;VNM;MEX;JPN;KOR;THA;IDN;MYS;BRA;DEU;CAN/indicator/EN.GHG.CO2.PC.CE.AR5?format=json&date=2015:2024&per_page=600,2026-09-01T08:56:50Z
CHN,EN.GHG.CO2.PC.CE.AR5,"Carbon dioxide (CO2) emissions excluding LULUCF per capita (t CO2e/capita, AR5)",2017,7.88,https://api.worldbank.org/v2/country/USA;CHN;IND;EUU;VNM;MEX;JPN;KOR;THA;IDN;MYS;BRA;DEU;CAN/indicator/EN.GHG.CO2.PC.CE.AR5?format=json&date=2015:2024&per_page=600,2026-09-01T08:56:50Z
CHN,EN.GHG.CO2.PC.CE.AR5,"Carbon dioxide (CO2) emissions excluding LULUCF per capita (t CO2e/capita, AR5)",2018,8.22,https://api.worldbank.org/v2/country/USA;CHN;IND;EUU;VNM;MEX;JPN;KOR;THA;IDN;MYS;BRA;DEU;CAN/indicator/EN.GHG.CO2.PC.CE.AR5?format=json&date=2015:2024&per_page=600,2026-09-01T08:56:50Z
CHN,EN.GHG.CO2.PC.CE.AR5,"Carbon dioxide (CO2) emissions excluding LULUCF per capita (t CO2e/capita, AR5)",2019,8.39,https://api.worldbank.org/v2/country/USA;CHN;IND;EUU;VNM;MEX;JPN;KOR;THA;IDN;MYS;BRA;DEU;CAN/indicator/EN.GHG.CO2.PC.CE.AR5?format=json&date=2015:2024&per_page=600,2026-09-01T08:56:50Z
CHN,EN.GHG.CO2.PC.CE.AR5,"Carbon dioxide (CO2) emissions excluding LULUCF per capita (t CO2e/capita, AR5)",2020,8.48,https://api.worldbank.org/v2/country/USA;CHN;IND;EUU;VNM;MEX;JPN;KOR;THA;IDN;MYS;BRA;DEU;CAN/indicator/EN.GHG.CO2.PC.CE.AR5?format=json&date=2015:2024&per_page=600,2026-09-01T08:56:50Z
CHN,EN.GHG.CO2.PC.CE.AR5,"Carbon dioxide (CO2) emissions excluding LULUCF per capita (t CO2e/capita, AR5)",2021,8.89,https://api.worldbank.org/v2/country/USA;CHN;IND;EUU;VNM;MEX;JPN;KOR;THA;IDN;MYS;BRA;DEU;CAN/indicator/EN.GHG.CO2.PC.CE.AR5?format=json&date=2015:2024&per_page=600,2026-09-01T08:56:50Z
CHN,EN.GHG.CO2.PC.CE.AR5,"Carbon dioxide (CO2) emissions excluding LULUCF per capita (t CO2e/capita, AR5)",2022,8.86,https://api.worldbank.org/v2/country/USA;CHN;IND;EUU;VNM;MEX;JPN;KOR;THA;IDN;MYS;BRA;DEU;CAN/indicator/EN.GHG.CO2.PC.CE.AR5?format=json&date=2015:2024&per_page=600,2026-09-01T08:56:50Z
CHN,EN.GHG.CO2.PC.CE.AR5,"Carbon dioxide (CO2) emissions excluding LULUCF per capita (t CO2e/capita, AR5)",2023,9.23,https://api.worldbank.org/v2/country/USA;CHN;IND;EUU;VNM;MEX;JPN;KOR;THA;IDN;MYS;BRA;DEU;CAN/indicator/EN.GHG.CO2.PC.CE.AR5?format=json&date=2015:2024&per_page=600,2026-09-01T08:56:50Z
CHN,EN.GHG.CO2.PC.CE.AR5,"Carbon dioxide (CO2) emissions excluding LULUCF per capita (t CO2e/capita, AR5)",2024,9.32,https://api.worldbank.org/v2/country/USA;CHN;IND;EUU;VNM;MEX;JPN;KOR;THA;IDN;MYS;BRA;DEU;CAN/indicator/EN.GHG.CO2.PC.CE.AR5?format=json&date=2015:2024&per_page=600,2026-09-01T08:56:50Z
DEU,EN.GHG.CO2.PC.CE.AR5,"Carbon dioxide (CO2) emissions excluding LULUCF per capita (t CO2e/capita, AR5)",2015,9.61,https://api.worldbank.org/v2/country/USA;CHN;IND;EUU;VNM;MEX;JPN;KOR;THA;IDN;MYS;BRA;DEU;CAN/indicator/EN.GHG.CO2.PC.CE.AR5?format=json&date=2015:2024&per_page=600,2026-09-01T08:56:50Z
DEU,EN.GHG.CO2.PC.CE.AR5,"Carbon dioxide (CO2) emissions excluding LULUCF per capita (t CO2e/capita, AR5)",2016,9.58,https://api.worldbank.org/v2/country/USA;CHN;IND;EUU;VNM;MEX;JPN;KOR;THA;IDN;MYS;BRA;DEU;CAN/indicator/EN.GHG.CO2.PC.CE.AR5?format=json&date=2015:2024&per_page=600,2026-09-01T08:56:50Z
DEU,EN.GHG.CO2.PC.CE.AR5,"Carbon dioxide (CO2) emissions excluding LULUCF per capita (t CO2e/capita, AR5)",2017,9.37,https://api.worldbank.org/v2/country/USA;CHN;IND;EUU;VNM;MEX;JPN;KOR;THA;IDN;MYS;BRA;DEU;CAN/indicator/EN.GHG.CO2.PC.CE.AR5?format=json&date=2015:2024&per_page=600,2026-09-01T08:56:50Z
DEU,EN.GHG.CO2.PC.CE.AR5,"Carbon dioxide (CO2) emissions excluding LULUCF per capita (t CO2e/capita, AR5)",2018,9.01,https://api.worldbank.org/v2/country/USA;CHN;IND;EUU;VNM;MEX;JPN;KOR;THA;IDN;MYS;BRA;DEU;CAN/indicator/EN.GHG.CO2.PC.CE.AR5?format=json&date=2015:2024&per_page=600,2026-09-01T08:56:50Z
DEU,EN.GHG.CO2.PC.CE.AR5,"Carbon dioxide (CO2) emissions excluding LULUCF per capita (t CO2e/capita, AR5)",2019,8.38,https://api.worldbank.org/v2/country/USA;CHN;IND;EUU;VNM;MEX;JPN;KOR;THA;IDN;MYS;BRA;DEU;CAN/indicator/EN.GHG.CO2.PC.CE.AR5?format=json&date=2015:2024&per_page=600,2026-09-01T08:56:50Z
DEU,EN.GHG.CO2.PC.CE.AR5,"Carbon dioxide (CO2) emissions excluding LULUCF per capita (t CO2e/capita, AR5)",2020,7.72,https://api.worldbank.org/v2/country/USA;CHN;IND;EUU;VNM;MEX;JPN;KOR;THA;IDN;MYS;BRA;DEU;CAN/indicator/EN.GHG.CO2.PC.CE.AR5?format=json&date=2015:2024&per_page=600,2026-09-01T08:56:50Z
DEU,EN.GHG.CO2.PC.CE.AR5,"Carbon dioxide (CO2) emissions excluding LULUCF per capita (t CO2e/capita, AR5)",2021,8.06,https://api.worldbank.org/v2/country/USA;CHN;IND;EUU;VNM;MEX;JPN;KOR;THA;IDN;MYS;BRA;DEU;CAN/indicator/EN.GHG.CO2.PC.CE.AR5?format=json&date=2015:2024&per_page=600,2026-09-01T08:56:50Z
DEU,EN.GHG.CO2.PC.CE.AR5,"Carbon dioxide (CO2) emissions excluding LULUCF per capita (t CO2e/capita, AR5)",2022,7.91,https://api.worldbank.org/v2/country/USA;CHN;IND;EUU;VNM;MEX;JPN;KOR;THA;IDN;MYS;BRA;DEU;CAN/indicator/EN.GHG.CO2.PC.CE.AR5?format=json&date=2015:2024&per_page=600,2026-09-01T08:56:50Z
DEU,EN.GHG.CO2.PC.CE.AR5,"Carbon dioxide (CO2) emissions excluding LULUCF per capita (t CO2e/capita, AR5)",2023,7.08,https://api.worldbank.org/v2/country/USA;CHN;IND;EUU;VNM;MEX;JPN;KOR;THA;IDN;MYS;BRA;DEU;CAN/indicator/EN.GHG.CO2.PC.CE.AR5?format=json&date=2015:2024&per_page=600,2026-09-01T08:56:50Z
DEU,EN.GHG.CO2.PC.CE.AR5,"Carbon dioxide (CO2) emissions excluding LULUCF per capita (t CO2e/capita, AR5)",2024,6.94,https://api.worldbank.org/v2/country/USA;CHN;IND;EUU;VNM;MEX;JPN;KOR;THA;IDN;MYS;BRA;DEU;CAN/indicator/EN.GHG.CO2.PC.CE.AR5?format=json&date=2015:2024&per_page=600,2026-09-01T08:56:50Z
EUU,EN.GHG.CO2.PC.CE.AR5,"Carbon dioxide (CO2) emissions excluding LULUCF per capita (t CO2e/capita, AR5)",2015,6.94,https://api.worldbank.org/v2/country/USA;CHN;IND;EUU;VNM;MEX;JPN;KOR;THA;IDN;MYS;BRA;DEU;CAN/indicator/EN.GHG.CO2.PC.CE.AR5?format=json&date=2015:2024&per_page=600,2026-09-01T08:56:50Z
EUU,EN.GHG.CO2.PC.CE.AR5,"Carbon dioxide (CO2) emissions excluding LULUCF per capita (t CO2e/capita, AR5)",2016,6.95,https://api.worldbank.org/v2/country/USA;CHN;IND;EUU;VNM;MEX;JPN;KOR;THA;IDN;MYS;BRA;DEU;CAN/indicator/EN.GHG.CO2.PC.CE.AR5?format=json&date=2015:2024&per_page=600,2026-09-01T08:56:50Z
EUU,EN.GHG.CO2.PC.CE.AR5,"Carbon dioxide (CO2) emissions excluding LULUCF per capita (t CO2e/capita, AR5)",2017,6.99,https://api.worldbank.org/v2/country/USA;CHN;IND;EUU;VNM;MEX;JPN;KOR;THA;IDN;MYS;BRA;DEU;CAN/indicator/EN.GHG.CO2.PC.CE.AR5?format=json&date=2015:2024&per_page=600,2026-09-01T08:56:50Z
EUU,EN.GHG.CO2.PC.CE.AR5,"Carbon dioxide (CO2) emissions excluding LULUCF per capita (t CO2e/capita, AR5)",2018,6.83,https://api.worldbank.org/v2/country/USA;CHN;IND;EUU;VNM;MEX;JPN;KOR;THA;IDN;MYS;BRA;DEU;CAN/indicator/EN.GHG.CO2.PC.CE.AR5?format=json&date=2015:2024&per_page=600,2026-09-01T08:56:50Z
EUU,EN.GHG.CO2.PC.CE.AR5,"Carbon dioxide (CO2) emissions excluding LULUCF per capita (t CO2e/capita, AR5)",2019,6.51,https://api.worldbank.org/v2/country/USA;CHN;IND;EUU;VNM;MEX;JPN;KOR;THA;IDN;MYS;BRA;DEU;CAN/indicator/EN.GHG.CO2.PC.CE.AR5?format=json&date=2015:2024&per_page=600,2026-09-01T08:56:50Z
EUU,EN.GHG.CO2.PC.CE.AR5,"Carbon dioxide (CO2) emissions excluding LULUCF per capita (t CO2e/capita, AR5)",2020,5.9,https://api.worldbank.org/v2/country/USA;CHN;IND;EUU;VNM;MEX;JPN;KOR;THA;IDN;MYS;BRA;DEU;CAN/indicator/EN.GHG.CO2.PC.CE.AR5?format=json&date=2015:2024&per_page=600,2026-09-01T08:56:50Z
EUU,EN.GHG.CO2.PC.CE.AR5,"Carbon dioxide (CO2) emissions excluding LULUCF per capita (t CO2e/capita, AR5)",2021,6.32,https://api.worldbank.org/v2/country/USA;CHN;IND;EUU;VNM;MEX;JPN;KOR;THA;IDN;MYS;BRA;DEU;CAN/indicator/EN.GHG.CO2.PC.CE.AR5?format=json&date=2015:2024&per_page=600,2026-09-01T08:56:50Z
EUU,EN.GHG.CO2.PC.CE.AR5,"Carbon dioxide (CO2) emissions excluding LULUCF per capita (t CO2e/capita, AR5)",2022,6.15,https://api.worldbank.org/v2/country/USA;CHN;IND;EUU;VNM;MEX;JPN;KOR;THA;IDN;MYS;BRA;DEU;CAN/indicator/EN.GHG.CO2.PC.CE.AR5?format=json&date=2015:2024&per_page=600,2026-09-01T08:56:50Z
EUU,EN.GHG.CO2.PC.CE.AR5,"Carbon dioxide (CO2) emissions excluding LULUCF per capita (t CO2e/capita, AR5)",2023,5.59,https://api.worldbank.org/v2/country/USA;CHN;IND;EUU;VNM;MEX;JPN;KOR;THA;IDN;MYS;BRA;DEU;CAN/indicator/EN.GHG.CO2.PC.CE.AR5?format=json&date=2015:2024&per_page=600,2026-09-01T08:56:50Z
EUU,EN.GHG.CO2.PC.CE.AR5,"Carbon dioxide (CO2) emissions excluding LULUCF per capita (t CO2e/capita, AR5)",2024,5.47,https://api.worldbank.org/v2/country/USA;CHN;IND;EUU;VNM;MEX;JPN;KOR;THA;IDN;MYS;BRA;DEU;CAN/indicator/EN.GHG.CO2.PC.CE.AR5?format=json&date=2015:2024&per_page=600,2026-09-01T08:56:50Z
IDN,EN.GHG.CO2.PC.CE.AR5,"Carbon dioxide (CO2) emissions excluding LULUCF per capita (t CO2e/capita, AR5)",2015,1.96,https://api.worldbank.org/v2/country/USA;CHN;IND;EUU;VNM;MEX;JPN;KOR;THA;IDN;MYS;BRA;DEU;CAN/indicator/EN.GHG.CO2.PC.CE.AR5?format=json&date=2015:2024&per_page=600,2026-09-01T08:56:50Z
IDN,EN.GHG.CO2.PC.CE.AR5,"Carbon dioxide (CO2) emissions excluding LULUCF per capita (t CO2e/capita, AR5)",2016,1.92,https://api.worldbank.org/v2/country/USA;CHN;IND;EUU;VNM;MEX;JPN;KOR;THA;IDN;MYS;BRA;DEU;CAN/indicator/EN.GHG.CO2.PC.CE.AR5?format=json&date=2015:2024&per_page=600,2026-09-01T08:56:50Z
IDN,EN.GHG.CO2.PC.CE.AR5,"Carbon dioxide (CO2) emissions excluding LULUCF per capita (t CO2e/capita, AR5)",2017,2.0,https://api.worldbank.org/v2/country/USA;CHN;IND;EUU;VNM;MEX;JPN;KOR;THA;IDN;MYS;BRA;DEU;CAN/indicator/EN.GHG.CO2.PC.CE.AR5?format=json&date=2015:2024&per_page=600,2026-09-01T08:56:50Z
IDN,EN.GHG.CO2.PC.CE.AR5,"Carbon dioxide (CO2) emissions excluding LULUCF per capita (t CO2e/capita, AR5)",2018,2.21,https://api.worldbank.org/v2/country/USA;CHN;IND;EUU;VNM;MEX;JPN;KOR;THA;IDN;MYS;BRA;DEU;CAN/indicator/EN.GHG.CO2.PC.CE.AR5?format=json&date=2015:2024&per_page=600,2026-09-01T08:56:50Z
IDN,EN.GHG.CO2.PC.CE.AR5,"Carbon dioxide (CO2) emissions excluding LULUCF per capita (t CO2e/capita, AR5)",2019,2.34,https://api.worldbank.org/v2/country/USA;CHN;IND;EUU;VNM;MEX;JPN;KOR;THA;IDN;MYS;BRA;DEU;CAN/indicator/EN.GHG.CO2.PC.CE.AR5?format=json&date=2015:2024&per_page=600,2026-09-01T08:56:50Z
IDN,EN.GHG.CO2.PC.CE.AR5,"Carbon dioxide (CO2) emissions excluding LULUCF per capita (t CO2e/capita, AR5)",2020,2.17,https://api.worldbank.org/v2/country/USA;CHN;IND;EUU;VNM;MEX;JPN;KOR;THA;IDN;MYS;BRA;DEU;CAN/indicator/EN.GHG.CO2.PC.CE.AR5?format=json&date=2015:2024&per_page=600,2026-09-01T08:56:50Z
IDN,EN.GHG.CO2.PC.CE.AR5,"Carbon dioxide (CO2) emissions excluding LULUCF per capita (t CO2e/capita, AR5)",2021,2.25,https://api.worldbank.org/v2/country/USA;CHN;IND;EUU;VNM;MEX;JPN;KOR;THA;IDN;MYS;BRA;DEU;CAN/indicator/EN.GHG.CO2.PC.CE.AR5?format=json&date=2015:2024&per_page=600,2026-09-01T08:56:50Z
IDN,EN.GHG.CO2.PC.CE.AR5,"Carbon dioxide (CO2) emissions excluding LULUCF per capita (t CO2e/capita, AR5)",2022,2.59,https://api.worldbank.org/v2/country/USA;CHN;IND;EUU;VNM;MEX;JPN;KOR;THA;IDN;MYS;BRA;DEU;CAN/indicator/EN.GHG.CO2.PC.CE.AR5?format=json&date=2015:2024&per_page=600,2026-09-01T08:56:50Z
IDN,EN.GHG.CO2.PC.CE.AR5,"Carbon dioxide (CO2) emissions excluding LULUCF per capita (t CO2e/capita, AR5)",2023,2.75,https://api.worldbank.org/v2/country/USA;CHN;IND;EUU;VNM;MEX;JPN;KOR;THA;IDN;MYS;BRA;DEU;CAN/indicator/EN.GHG.CO2.PC.CE.AR5?format=json&date=2015:2024&per_page=600,2026-09-01T08:56:50Z
IDN,EN.GHG.CO2.PC.CE.AR5,"Carbon dioxide (CO2) emissions excluding LULUCF per capita (t CO2e/capita, AR5)",2024,2.87,https://api.worldbank.org/v2/country/USA;CHN;IND;EUU;VNM;MEX;JPN;KOR;THA;IDN;MYS;BRA;DEU;CAN/indicator/EN.GHG.CO2.PC.CE.AR5?format=json&date=2015:2024&per_page=600,2026-09-01T08:56:50Z
IND,EN.GHG.CO2.PC.CE.AR5,"Carbon dioxide (CO2) emissions excluding LULUCF per capita (t CO2e/capita, AR5)",2015,1.72,https://api.worldbank.org/v2/country/USA;CHN;IND;EUU;VNM;MEX;JPN;KOR;THA;IDN;MYS;BRA;DEU;CAN/indicator/EN.GHG.CO2.PC.CE.AR5?format=json&date=2015:2024&per_page=600,2026-09-01T08:56:50Z
IND,EN.GHG.CO2.PC.CE.AR5,"Carbon dioxide (CO2) emissions excluding LULUCF per capita (t CO2e/capita, AR5)",2016,1.72,https://api.worldbank.org/v2/country/USA;CHN;IND;EUU;VNM;MEX;JPN;KOR;THA;IDN;MYS;BRA;DEU;CAN/indicator/EN.GHG.CO2.PC.CE.AR5?format=json&date=2015:2024&per_page=600,2026-09-01T08:56:50Z
IND,EN.GHG.CO2.PC.CE.AR5,"Carbon dioxide (CO2) emissions excluding LULUCF per capita (t CO2e/capita, AR5)",2017,1.8,https://api.worldbank.org/v2/country/USA;CHN;IND;EUU;VNM;MEX;JPN;KOR;THA;IDN;MYS;BRA;DEU;CAN/indicator/EN.GHG.CO2.PC.CE.AR5?format=json&date=2015:2024&per_page=600,2026-09-01T08:56:50Z
IND,EN.GHG.CO2.PC.CE.AR5,"Carbon dioxide (CO2) emissions excluding LULUCF per capita (t CO2e/capita, AR5)",2018,1.86,https://api.worldbank.org/v2/country/USA;CHN;IND;EUU;VNM;MEX;JPN;KOR;THA;IDN;MYS;BRA;DEU;CAN/indicator/EN.GHG.CO2.PC.CE.AR5?format=json&date=2015:2024&per_page=600,2026-09-01T08:56:50Z
IND,EN.GHG.CO2.PC.CE.AR5,"Carbon dioxide (CO2) emissions excluding LULUCF per capita (t CO2e/capita, AR5)",2019,1.84,https://api.worldbank.org/v2/country/USA;CHN;IND;EUU;VNM;MEX;JPN;KOR;THA;IDN;MYS;BRA;DEU;CAN/indicator/EN.GHG.CO2.PC.CE.AR5?format=json&date=2015:2024&per_page=600,2026-09-01T08:56:50Z
IND,EN.GHG.CO2.PC.CE.AR5,"Carbon dioxide (CO2) emissions excluding LULUCF per capita (t CO2e/capita, AR5)",2020,1.68,https://api.worldbank.org/v2/country/USA;CHN;IND;EUU;VNM;MEX;JPN;KOR;THA;IDN;MYS;BRA;DEU;CAN/indicator/EN.GHG.CO2.PC.CE.AR5?format=json&date=2015:2024&per_page=600,2026-09-01T08:56:50Z
IND,EN.GHG.CO2.PC.CE.AR5,"Carbon dioxide (CO2) emissions excluding LULUCF per capita (t CO2e/capita, AR5)",2021,1.84,https://api.worldbank.org/v2/country/USA;CHN;IND;EUU;VNM;MEX;JPN;KOR;THA;IDN;MYS;BRA;DEU;CAN/indicator/EN.GHG.CO2.PC.CE.AR5?format=json&date=2015:2024&per_page=600,2026-09-01T08:56:50Z
IND,EN.GHG.CO2.PC.CE.AR5,"Carbon dioxide (CO2) emissions excluding LULUCF per capita (t CO2e/capita, AR5)",2022,1.97,https://api.worldbank.org/v2/country/USA;CHN;IND;EUU;VNM;MEX;JPN;KOR;THA;IDN;MYS;BRA;DEU;CAN/indicator/EN.GHG.CO2.PC.CE.AR5?format=json&date=2015:2024&per_page=600,2026-09-01T08:56:50Z
IND,EN.GHG.CO2.PC.CE.AR5,"Carbon dioxide (CO2) emissions excluding LULUCF per capita (t CO2e/capita, AR5)",2023,2.1,https://api.worldbank.org/v2/country/USA;CHN;IND;EUU;VNM;MEX;JPN;KOR;THA;IDN;MYS;BRA;DEU;CAN/indicator/EN.GHG.CO2.PC.CE.AR5?format=json&date=2015:2024&per_page=600,2026-09-01T08:56:50Z
IND,EN.GHG.CO2.PC.CE.AR5,"Carbon dioxide (CO2) emissions excluding LULUCF per capita (t CO2e/capita, AR5)",2024,2.17,https://api.worldbank.org/v2/country/USA;CHN;IND;EUU;VNM;MEX;JPN;KOR;THA;IDN;MYS;BRA;DEU;CAN/indicator/EN.GHG.CO2.PC.CE.AR5?format=json&date=2015:2024&per_page=600,2026-09-01T08:56:50Z
JPN,EN.GHG.CO2.PC.CE.AR5,"Carbon dioxide (CO2) emissions excluding LULUCF per capita (t CO2e/capita, AR5)",2015,9.69,https://api.worldbank.org/v2/country/USA;CHN;IND;EUU;VNM;MEX;JPN;KOR;THA;IDN;MYS;BRA;DEU;CAN/indicator/EN.GHG.CO2.PC.CE.AR5?format=json&date=2015:2024&per_page=600,2026-09-01T08:56:50Z
JPN,EN.GHG.CO2.PC.CE.AR5,"Carbon dioxide (CO2) emissions excluding LULUCF per capita (t CO2e/capita, AR5)",2016,9.67,https://api.worldbank.org/v2/country/USA;CHN;IND;EUU;VNM;MEX;JPN;KOR;THA;IDN;MYS;BRA;DEU;CAN/indicator/EN.GHG.CO2.PC.CE.AR5?format=json&date=2015:2024&per_page=600,2026-09-01T08:56:50Z
JPN,EN.GHG.CO2.PC.CE.AR5,"Carbon dioxide (CO2) emissions excluding LULUCF per capita (t CO2e/capita, AR5)",2017,9.55,https://api.worldbank.org/v2/country/USA;CHN;IND;EUU;VNM;MEX;JPN;KOR;THA;IDN;MYS;BRA;DEU;CAN/indicator/EN.GHG.CO2.PC.CE.AR5?format=json&date=2015:2024&per_page=600,2026-09-01T08:56:50Z
JPN,EN.GHG.CO2.PC.CE.AR5,"Carbon dioxide (CO2) emissions excluding LULUCF per capita (t CO2e/capita, AR5)",2018,9.17,https://api.worldbank.org/v2/country/USA;CHN;IND;EUU;VNM;MEX;JPN;KOR;THA;IDN;MYS;BRA;DEU;CAN/indicator/EN.GHG.CO2.PC.CE.AR5?format=json&date=2015:2024&per_page=600,2026-09-01T08:56:50Z
JPN,EN.GHG.CO2.PC.CE.AR5,"Carbon dioxide (CO2) emissions excluding LULUCF per capita (t CO2e/capita, AR5)",2019,8.87,https://api.worldbank.org/v2/country/USA;CHN;IND;EUU;VNM;MEX;JPN;KOR;THA;IDN;MYS;BRA;DEU;CAN/indicator/EN.GHG.CO2.PC.CE.AR5?format=json&date=2015:2024&per_page=600,2026-09-01T08:56:50Z
JPN,EN.GHG.CO2.PC.CE.AR5,"Carbon dioxide (CO2) emissions excluding LULUCF per capita (t CO2e/capita, AR5)",2020,8.4,https://api.worldbank.org/v2/country/USA;CHN;IND;EUU;VNM;MEX;JPN;KOR;THA;IDN;MYS;BRA;DEU;CAN/indicator/EN.GHG.CO2.PC.CE.AR5?format=json&date=2015:2024&per_page=600,2026-09-01T08:56:50Z
JPN,EN.GHG.CO2.PC.CE.AR5,"Carbon dioxide (CO2) emissions excluding LULUCF per capita (t CO2e/capita, AR5)",2021,8.59,https://api.worldbank.org/v2/country/USA;CHN;IND;EUU;VNM;MEX;JPN;KOR;THA;IDN;MYS;BRA;DEU;CAN/indicator/EN.GHG.CO2.PC.CE.AR5?format=json&date=2015:2024&per_page=600,2026-09-01T08:56:50Z
JPN,EN.GHG.CO2.PC.CE.AR5,"Carbon dioxide (CO2) emissions excluding LULUCF per capita (t CO2e/capita, AR5)",2022,8.4,https://api.worldbank.org/v2/country/USA;CHN;IND;EUU;VNM;MEX;JPN;KOR;THA;IDN;MYS;BRA;DEU;CAN/indicator/EN.GHG.CO2.PC.CE.AR5?format=json&date=2015:2024&per_page=600,2026-09-01T08:56:50Z
JPN,EN.GHG.CO2.PC.CE.AR5,"Carbon dioxide (CO2) emissions excluding LULUCF per capita (t CO2e/capita, AR5)",2023,8.05,https://api.worldbank.org/v2/country/USA;CHN;IND;EUU;VNM;MEX;JPN;KOR;THA;IDN;MYS;BRA;DEU;CAN/indicator/EN.GHG.CO2.PC.CE.AR5?format=json&date=2015:2024&per_page=600,2026-09-01T08:56:50Z
JPN,EN.GHG.CO2.PC.CE.AR5,"Carbon dioxide (CO2) emissions excluding LULUCF per capita (t CO2e/capita, AR5)",2024,7.84,https://api.worldbank.org/v2/country/USA;CHN;IND;EUU;VNM;MEX;JPN;KOR;THA;IDN;MYS;BRA;DEU;CAN/indicator/EN.GHG.CO2.PC.CE.AR5?format=json&date=2015:2024&per_page=600,2026-09-01T08:56:50Z
KOR,EN.GHG.CO2.PC.CE.AR5,"Carbon dioxide (CO2) emissions excluding LULUCF per capita (t CO2e/capita, AR5)",2015,12.62,https://api.worldbank.org/v2/country/USA;CHN;IND;EUU;VNM;MEX;JPN;KOR;THA;IDN;MYS;BRA;DEU;CAN/indicator/EN.GHG.CO2.PC.CE.AR5?format=json&date=2015:2024&per_page=600,2026-09-01T08:56:50Z
KOR,EN.GHG.CO2.PC.CE.AR5,"Carbon dioxide (CO2) emissions excluding LULUCF per capita (t CO2e/capita, AR5)",2016,12.67,https://api.worldbank.org/v2/country/USA;CHN;IND;EUU;VNM;MEX;JPN;KOR;THA;IDN;MYS;BRA;DEU;CAN/indicator/EN.GHG.CO2.PC.CE.AR5?format=json&date=2015:2024&per_page=600,2026-09-01T08:56:50Z
KOR,EN.GHG.CO2.PC.CE.AR5,"Carbon dioxide (CO2) emissions excluding LULUCF per capita (t CO2e/capita, AR5)",2017,12.95,https://api.worldbank.org/v2/country/USA;CHN;IND;EUU;VNM;MEX;JPN;KOR;THA;IDN;MYS;BRA;DEU;CAN/indicator/EN.GHG.CO2.PC.CE.AR5?format=json&date=2015:2024&per_page=600,2026-09-01T08:56:50Z
KOR,EN.GHG.CO2.PC.CE.AR5,"Carbon dioxide (CO2) emissions excluding LULUCF per capita (t CO2e/capita, AR5)",2018,13.19,https://api.worldbank.org/v2/country/USA;CHN;IND;EUU;VNM;MEX;JPN;KOR;THA;IDN;MYS;BRA;DEU;CAN/indicator/EN.GHG.CO2.PC.CE.AR5?format=json&date=2015:2024&per_page=600,2026-09-01T08:56:50Z
KOR,EN.GHG.CO2.PC.CE.AR5,"Carbon dioxide (CO2) emissions excluding LULUCF per capita (t CO2e/capita, AR5)",2019,12.65,https://api.worldbank.org/v2/country/USA;CHN;IND;EUU;VNM;MEX;JPN;KOR;THA;IDN;MYS;BRA;DEU;CAN/indicator/EN.GHG.CO2.PC.CE.AR5?format=json&date=2015:2024&per_page=600,2026-09-01T08:56:50Z
KOR,EN.GHG.CO2.PC.CE.AR5,"Carbon dioxide (CO2) emissions excluding LULUCF per capita (t CO2e/capita, AR5)",2020,11.91,https://api.worldbank.org/v2/country/USA;CHN;IND;EUU;VNM;MEX;JPN;KOR;THA;IDN;MYS;BRA;DEU;CAN/indicator/EN.GHG.CO2.PC.CE.AR5?format=json&date=2015:2024&per_page=600,2026-09-01T08:56:50Z
KOR,EN.GHG.CO2.PC.CE.AR5,"Carbon dioxide (CO2) emissions excluding LULUCF per capita (t CO2e/capita, AR5)",2021,12.34,https://api.worldbank.org/v2/country/USA;CHN;IND;EUU;VNM;MEX;JPN;KOR;THA;IDN;MYS;BRA;DEU;CAN/indicator/EN.GHG.CO2.PC.CE.AR5?format=json&date=2015:2024&per_page=600,2026-09-01T08:56:50Z
KOR,EN.GHG.CO2.PC.CE.AR5,"Carbon dioxide (CO2) emissions excluding LULUCF per capita (t CO2e/capita, AR5)",2022,11.87,https://api.worldbank.org/v2/country/USA;CHN;IND;EUU;VNM;MEX;JPN;KOR;THA;IDN;MYS;BRA;DEU;CAN/indicator/EN.GHG.CO2.PC.CE.AR5?format=json&date=2015:2024&per_page=600,2026-09-01T08:56:50Z
KOR,EN.GHG.CO2.PC.CE.AR5,"Carbon dioxide (CO2) emissions excluding LULUCF per capita (t CO2e/capita, AR5)",2023,11.42,https://api.worldbank.org/v2/country/USA;CHN;IND;EUU;VNM;MEX;JPN;KOR;THA;IDN;MYS;BRA;DEU;CAN/indicator/EN.GHG.CO2.PC.CE.AR5?format=json&date=2015:2024&per_page=600,2026-09-01T08:56:50Z
KOR,EN.GHG.CO2.PC.CE.AR5,"Carbon dioxide (CO2) emissions excluding LULUCF per capita (t CO2e/capita, AR5)",2024,11.36,https://api.worldbank.org/v2/country/USA;CHN;IND;EUU;VNM;MEX;JPN;KOR;THA;IDN;MYS;BRA;DEU;CAN/indicator/EN.GHG.CO2.PC.CE.AR5?format=json&date=2015:2024&per_page=600,2026-09-01T08:56:50Z
MEX,EN.GHG.CO2.PC.CE.AR5,"Carbon dioxide (CO2) emissions excluding LULUCF per capita (t CO2e/capita, AR5)",2015,4.05,https://api.worldbank.org/v2/country/USA;CHN;IND;EUU;VNM;MEX;JPN;KOR;THA;IDN;MYS;BRA;DEU;CAN/indicator/EN.GHG.CO2.PC.CE.AR5?format=json&date=2015:2024&per_page=600,2026-09-01T08:56:50Z
MEX,EN.GHG.CO2.PC.CE.AR5,"Carbon dioxide (CO2) emissions excluding LULUCF per capita (t CO2e/capita, AR5)",2016,4.06,https://api.worldbank.org/v2/country/USA;CHN;IND;EUU;VNM;MEX;JPN;KOR;THA;IDN;MYS;BRA;DEU;CAN/indicator/EN.GHG.CO2.PC.CE.AR5?format=json&date=2015:2024&per_page=600,2026-09-01T08:56:50Z
MEX,EN.GHG.CO2.PC.CE.AR5,"Carbon dioxide (CO2) emissions excluding LULUCF per capita (t CO2e/capita, AR5)",2017,4.06,https://api.worldbank.org/v2/country/USA;CHN;IND;EUU;VNM;MEX;JPN;KOR;THA;IDN;MYS;BRA;DEU;CAN/indicator/EN.GHG.CO2.PC.CE.AR5?format=json&date=2015:2024&per_page=600,2026-09-01T08:56:50Z
MEX,EN.GHG.CO2.PC.CE.AR5,"Carbon dioxide (CO2) emissions excluding LULUCF per capita (t CO2e/capita, AR5)",2018,3.84,https://api.worldbank.org/v2/country/USA;CHN;IND;EUU;VNM;MEX;JPN;KOR;THA;IDN;MYS;BRA;DEU;CAN/indicator/EN.GHG.CO2.PC.CE.AR5?format=json&date=2015:2024&per_page=600,2026-09-01T08:56:50Z
MEX,EN.GHG.CO2.PC.CE.AR5,"Carbon dioxide (CO2) emissions excluding LULUCF per capita (t CO2e/capita, AR5)",2019,3.93,https://api.worldbank.org/v2/country/USA;CHN;IND;EUU;VNM;MEX;JPN;KOR;THA;IDN;MYS;BRA;DEU;CAN/indicator/EN.GHG.CO2.PC.CE.AR5?format=json&date=2015:2024&per_page=600,2026-09-01T08:56:50Z
MEX,EN.GHG.CO2.PC.CE.AR5,"Carbon dioxide (CO2) emissions excluding LULUCF per capita (t CO2e/capita, AR5)",2020,3.46,https://api.worldbank.org/v2/country/USA;CHN;IND;EUU;VNM;MEX;JPN;KOR;THA;IDN;MYS;BRA;DEU;CAN/indicator/EN.GHG.CO2.PC.CE.AR5?format=json&date=2015:2024&per_page=600,2026-09-01T08:56:50Z
MEX,EN.GHG.CO2.PC.CE.AR5,"Carbon dioxide (CO2) emissions excluding LULUCF per capita (t CO2e/capita, AR5)",2021,3.55,https://api.worldbank.org/v2/country/USA;CHN;IND;EUU;VNM;MEX;JPN;KOR;THA;IDN;MYS;BRA;DEU;CAN/indicator/EN.GHG.CO2.PC.CE.AR5?format=json&date=2015:2024&per_page=600,2026-09-01T08:56:50Z
MEX,EN.GHG.CO2.PC.CE.AR5,"Carbon dioxide (CO2) emissions excluding LULUCF per capita (t CO2e/capita, AR5)",2022,3.52,https://api.worldbank.org/v2/country/USA;CHN;IND;EUU;VNM;MEX;JPN;KOR;THA;IDN;MYS;BRA;DEU;CAN/indicator/EN.GHG.CO2.PC.CE.AR5?format=json&date=2015:2024&per_page=600,2026-09-01T08:56:50Z
MEX,EN.GHG.CO2.PC.CE.AR5,"Carbon dioxide (CO2) emissions excluding LULUCF per capita (t CO2e/capita, AR5)",2023,3.67,https://api.worldbank.org/v2/country/USA;CHN;IND;EUU;VNM;MEX;JPN;KOR;THA;IDN;MYS;BRA;DEU;CAN/indicator/EN.GHG.CO2.PC.CE.AR5?format=json&date=2015:2024&per_page=600,2026-09-01T08:56:50Z
MEX,EN.GHG.CO2.PC.CE.AR5,"Carbon dioxide (CO2) emissions excluding LULUCF per capita (t CO2e/capita, AR5)",2024,3.64,https://api.worldbank.org/v2/country/USA;CHN;IND;EUU;VNM;MEX;JPN;KOR;THA;IDN;MYS;BRA;DEU;CAN/indicator/EN.GHG.CO2.PC.CE.AR5?format=json&date=2015:2024&per_page=600,2026-09-01T08:56:50Z
MYS,EN.GHG.CO2.PC.CE.AR5,"Carbon dioxide (CO2) emissions excluding LULUCF per capita (t CO2e/capita, AR5)",2015,8.1,https://api.worldbank.org/v2/country/USA;CHN;IND;EUU;VNM;MEX;JPN;KOR;THA;IDN;MYS;BRA;DEU;CAN/indicator/EN.GHG.CO2.PC.CE.AR5?format=json&date=2015:2024&per_page=600,2026-09-01T08:56:50Z
MYS,EN.GHG.CO2.PC.CE.AR5,"Carbon dioxide (CO2) emissions excluding LULUCF per capita (t CO2e/capita, AR5)",2016,7.79,https://api.worldbank.org/v2/country/USA;CHN;IND;EUU;VNM;MEX;JPN;KOR;THA;IDN;MYS;BRA;DEU;CAN/indicator/EN.GHG.CO2.PC.CE.AR5?format=json&date=2015:2024&per_page=600,2026-09-01T08:56:50Z
MYS,EN.GHG.CO2.PC.CE.AR5,"Carbon dioxide (CO2) emissions excluding LULUCF per capita (t CO2e/capita, AR5)",2017,7.35,https://api.worldbank.org/v2/country/USA;CHN;IND;EUU;VNM;MEX;JPN;KOR;THA;IDN;MYS;BRA;DEU;CAN/indicator/EN.GHG.CO2.PC.CE.AR5?format=json&date=2015:2024&per_page=600,2026-09-01T08:56:50Z
MYS,EN.GHG.CO2.PC.CE.AR5,"Carbon dioxide (CO2) emissions excluding LULUCF per capita (t CO2e/capita, AR5)",2018,7.73,https://api.worldbank.org/v2/country/USA;CHN;IND;EUU;VNM;MEX;JPN;KOR;THA;IDN;MYS;BRA;DEU;CAN/indicator/EN.GHG.CO2.PC.CE.AR5?format=json&date=2015:2024&per_page=600,2026-09-01T08:56:50Z
MYS,EN.GHG.CO2.PC.CE.AR5,"Carbon dioxide (CO2) emissions excluding LULUCF per capita (t CO2e/capita, AR5)",2019,7.63,https://api.worldbank.org/v2/country/USA;CHN;IND;EUU;VNM;MEX;JPN;KOR;THA;IDN;MYS;BRA;DEU;CAN/indicator/EN.GHG.CO2.PC.CE.AR5?format=json&date=2015:2024&per_page=600,2026-09-01T08:56:50Z
MYS,EN.GHG.CO2.PC.CE.AR5,"Carbon dioxide (CO2) emissions excluding LULUCF per capita (t CO2e/capita, AR5)",2020,7.47,https://api.worldbank.org/v2/country/USA;CHN;IND;EUU;VNM;MEX;JPN;KOR;THA;IDN;MYS;BRA;DEU;CAN/indicator/EN.GHG.CO2.PC.CE.AR5?format=json&date=2015:2024&per_page=600,2026-09-01T08:56:50Z
MYS,EN.GHG.CO2.PC.CE.AR5,"Carbon dioxide (CO2) emissions excluding LULUCF per capita (t CO2e/capita, AR5)",2021,7.52,https://api.worldbank.org/v2/country/USA;CHN;IND;EUU;VNM;MEX;JPN;KOR;THA;IDN;MYS;BRA;DEU;CAN/indicator/EN.GHG.CO2.PC.CE.AR5?format=json&date=2015:2024&per_page=600,2026-09-01T08:56:50Z
MYS,EN.GHG.CO2.PC.CE.AR5,"Carbon dioxide (CO2) emissions excluding LULUCF per capita (t CO2e/capita, AR5)",2022,7.98,https://api.worldbank.org/v2/country/USA;CHN;IND;EUU;VNM;MEX;JPN;KOR;THA;IDN;MYS;BRA;DEU;CAN/indicator/EN.GHG.CO2.PC.CE.AR5?format=json&date=2015:2024&per_page=600,2026-09-01T08:56:50Z
MYS,EN.GHG.CO2.PC.CE.AR5,"Carbon dioxide (CO2) emissions excluding LULUCF per capita (t CO2e/capita, AR5)",2023,8.04,https://api.worldbank.org/v2/country/USA;CHN;IND;EUU;VNM;MEX;JPN;KOR;THA;IDN;MYS;BRA;DEU;CAN/indicator/EN.GHG.CO2.PC.CE.AR5?format=json&date=2015:2024&per_page=600,2026-09-01T08:56:50Z
MYS,EN.GHG.CO2.PC.CE.AR5,"Carbon dioxide (CO2) emissions excluding LULUCF per capita (t CO2e/capita, AR5)",2024,8.32,https://api.worldbank.org/v2/country/USA;CHN;IND;EUU;VNM;MEX;JPN;KOR;THA;IDN;MYS;BRA;DEU;CAN/indicator/EN.GHG.CO2.PC.CE.AR5?format=json&date=2015:2024&per_page=600,2026-09-01T08:56:50Z
THA,EN.GHG.CO2.PC.CE.AR5,"Carbon dioxide (CO2) emissions excluding LULUCF per capita (t CO2e/capita, AR5)",2015,3.99,https://api.worldbank.org/v2/country/USA;CHN;IND;EUU;VNM;MEX;JPN;KOR;THA;IDN;MYS;BRA;DEU;CAN/indicator/EN.GHG.CO2.PC.CE.AR5?format=json&date=2015:2024&per_page=600,2026-09-01T08:56:50Z
THA,EN.GHG.CO2.PC.CE.AR5,"Carbon dioxide (CO2) emissions excluding LULUCF per capita (t CO2e/capita, AR5)",2016,3.92,https://api.worldbank.org/v2/country/USA;CHN;IND;EUU;VNM;MEX;JPN;KOR;THA;IDN;MYS;BRA;DEU;CAN/indicator/EN.GHG.CO2.PC.CE.AR5?format=json&date=2015:2024&per_page=600,2026-09-01T08:56:50Z
THA,EN.GHG.CO2.PC.CE.AR5,"Carbon dioxide (CO2) emissions excluding LULUCF per capita (t CO2e/capita, AR5)",2017,3.95,https://api.worldbank.org/v2/country/USA;CHN;IND;EUU;VNM;MEX;JPN;KOR;THA;IDN;MYS;BRA;DEU;CAN/indicator/EN.GHG.CO2.PC.CE.AR5?format=json&date=2015:2024&per_page=600,2026-09-01T08:56:50Z
THA,EN.GHG.CO2.PC.CE.AR5,"Carbon dioxide (CO2) emissions excluding LULUCF per capita (t CO2e/capita, AR5)",2018,3.88,https://api.worldbank.org/v2/country/USA;CHN;IND;EUU;VNM;MEX;JPN;KOR;THA;IDN;MYS;BRA;DEU;CAN/indicator/EN.GHG.CO2.PC.CE.AR5?format=json&date=2015:2024&per_page=600,2026-09-01T08:56:50Z
THA,EN.GHG.CO2.PC.CE.AR5,"Carbon dioxide (CO2) emissions excluding LULUCF per capita (t CO2e/capita, AR5)",2019,4.01,https://api.worldbank.org/v2/country/USA;CHN;IND;EUU;VNM;MEX;JPN;KOR;THA;IDN;MYS;BRA;DEU;CAN/indicator/EN.GHG.CO2.PC.CE.AR5?format=json&date=2015:2024&per_page=600,2026-09-01T08:56:50Z
THA,EN.GHG.CO2.PC.CE.AR5,"Carbon dioxide (CO2) emissions excluding LULUCF per capita (t CO2e/capita, AR5)",2020,3.85,https://api.worldbank.org/v2/country/USA;CHN;IND;EUU;VNM;MEX;JPN;KOR;THA;IDN;MYS;BRA;DEU;CAN/indicator/EN.GHG.CO2.PC.CE.AR5?format=json&date=2015:2024&per_page=600,2026-09-01T08:56:50Z
THA,EN.GHG.CO2.PC.CE.AR5,"Carbon dioxide (CO2) emissions excluding LULUCF per capita (t CO2e/capita, AR5)",2021,3.74,https://api.worldbank.org/v2/country/USA;CHN;IND;EUU;VNM;MEX;JPN;KOR;THA;IDN;MYS;BRA;DEU;CAN/indicator/EN.GHG.CO2.PC.CE.AR5?format=json&date=2015:2024&per_page=600,2026-09-01T08:56:50Z
THA,EN.GHG.CO2.PC.CE.AR5,"Carbon dioxide (CO2) emissions excluding LULUCF per capita (t CO2e/capita, AR5)",2022,3.96,https://api.worldbank.org/v2/country/USA;CHN;IND;EUU;VNM;MEX;JPN;KOR;THA;IDN;MYS;BRA;DEU;CAN/indicator/EN.GHG.CO2.PC.CE.AR5?format=json&date=2015:2024&per_page=600,2026-09-01T08:56:50Z
THA,EN.GHG.CO2.PC.CE.AR5,"Carbon dioxide (CO2) emissions excluding LULUCF per capita (t CO2e/capita, AR5)",2023,3.84,https://api.worldbank.org/v2/country/USA;CHN;IND;EUU;VNM;MEX;JPN;KOR;THA;IDN;MYS;BRA;DEU;CAN/indicator/EN.GHG.CO2.PC.CE.AR5?format=json&date=2015:2024&per_page=600,2026-09-01T08:56:50Z
THA,EN.GHG.CO2.PC.CE.AR5,"Carbon dioxide (CO2) emissions excluding LULUCF per capita (t CO2e/capita, AR5)",2024,3.96,https://api.worldbank.org/v2/country/USA;CHN;IND;EUU;VNM;MEX;JPN;KOR;THA;IDN;MYS;BRA;DEU;CAN/indicator/EN.GHG.CO2.PC.CE.AR5?format=json&date=2015:2024&per_page=600,2026-09-01T08:56:50Z
USA,EN.GHG.CO2.PC.CE.AR5,"Carbon dioxide (CO2) emissions excluding LULUCF per capita (t CO2e/capita, AR5)",2015,15.95,https://api.worldbank.org/v2/country/USA;CHN;IND;EUU;VNM;MEX;JPN;KOR;THA;IDN;MYS;BRA;DEU;CAN/indicator/EN.GHG.CO2.PC.CE.AR5?format=json&date=2015:2024&per_page=600,2026-09-01T08:56:50Z
USA,EN.GHG.CO2.PC.CE.AR5,"Carbon dioxide (CO2) emissions excluding LULUCF per capita (t CO2e/capita, AR5)",2016,15.5,https://api.worldbank.org/v2/country/USA;CHN;IND;EUU;VNM;MEX;JPN;KOR;THA;IDN;MYS;BRA;DEU;CAN/indicator/EN.GHG.CO2.PC.CE.AR5?format=json&date=2015:2024&per_page=600,2026-09-01T08:56:50Z
USA,EN.GHG.CO2.PC.CE.AR5,"Carbon dioxide (CO2) emissions excluding LULUCF per capita (t CO2e/capita, AR5)",2017,15.18,https://api.worldbank.org/v2/country/USA;CHN;IND;EUU;VNM;MEX;JPN;KOR;THA;IDN;MYS;BRA;DEU;CAN/indicator/EN.GHG.CO2.PC.CE.AR5?format=json&date=2015:2024&per_page=600,2026-09-01T08:56:50Z
USA,EN.GHG.CO2.PC.CE.AR5,"Carbon dioxide (CO2) emissions excluding LULUCF per capita (t CO2e/capita, AR5)",2018,15.58,https://api.worldbank.org/v2/country/USA;CHN;IND;EUU;VNM;MEX;JPN;KOR;THA;IDN;MYS;BRA;DEU;CAN/indicator/EN.GHG.CO2.PC.CE.AR5?format=json&date=2015:2024&per_page=600,2026-09-01T08:56:50Z
USA,EN.GHG.CO2.PC.CE.AR5,"Carbon dioxide (CO2) emissions excluding LULUCF per capita (t CO2e/capita, AR5)",2019,15.04,https://api.worldbank.org/v2/country/USA;CHN;IND;EUU;VNM;MEX;JPN;KOR;THA;IDN;MYS;BRA;DEU;CAN/indicator/EN.GHG.CO2.PC.CE.AR5?format=json&date=2015:2024&per_page=600,2026-09-01T08:56:50Z
USA,EN.GHG.CO2.PC.CE.AR5,"Carbon dioxide (CO2) emissions excluding LULUCF per capita (t CO2e/capita, AR5)",2020,13.47,https://api.worldbank.org/v2/country/USA;CHN;IND;EUU;VNM;MEX;JPN;KOR;THA;IDN;MYS;BRA;DEU;CAN/indicator/EN.GHG.CO2.PC.CE.AR5?format=json&date=2015:2024&per_page=600,2026-09-01T08:56:50Z
USA,EN.GHG.CO2.PC.CE.AR5,"Carbon dioxide (CO2) emissions excluding LULUCF per capita (t CO2e/capita, AR5)",2021,14.32,https://api.worldbank.org/v2/country/USA;CHN;IND;EUU;VNM;MEX;JPN;KOR;THA;IDN;MYS;BRA;DEU;CAN/indicator/EN.GHG.CO2.PC.CE.AR5?format=json&date=2015:2024&per_page=600,2026-09-01T08:56:50Z
USA,EN.GHG.CO2.PC.CE.AR5,"Carbon dioxide (CO2) emissions excluding LULUCF per capita (t CO2e/capita, AR5)",2022,14.42,https://api.worldbank.org/v2/country/USA;CHN;IND;EUU;VNM;MEX;JPN;KOR;THA;IDN;MYS;BRA;DEU;CAN/indicator/EN.GHG.CO2.PC.CE.AR5?format=json&date=2015:2024&per_page=600,2026-09-01T08:56:50Z
USA,EN.GHG.CO2.PC.CE.AR5,"Carbon dioxide (CO2) emissions excluding LULUCF per capita (t CO2e/capita, AR5)",2023,13.71,https://api.worldbank.org/v2/country/USA;CHN;IND;EUU;VNM;MEX;JPN;KOR;THA;IDN;MYS;BRA;DEU;CAN/indicator/EN.GHG.CO2.PC.CE.AR5?format=json&date=2015:2024&per_page=600,2026-09-01T08:56:50Z
USA,EN.GHG.CO2.PC.CE.AR5,"Carbon dioxide (CO2) emissions excluding LULUCF per capita (t CO2e/capita, AR5)",2024,13.62,https://api.worldbank.org/v2/country/USA;CHN;IND;EUU;VNM;MEX;JPN;KOR;THA;IDN;MYS;BRA;DEU;CAN/indicator/EN.GHG.CO2.PC.CE.AR5?format=json&date=2015:2024&per_page=600,2026-09-01T08:56:50Z
VNM,EN.GHG.CO2.PC.CE.AR5,"Carbon dioxide (CO2) emissions excluding LULUCF per capita (t CO2e/capita, AR5)",2015,2.16,https://api.worldbank.org/v2/country/USA;CHN;IND;EUU;VNM;MEX;JPN;KOR;THA;IDN;MYS;BRA;DEU;CAN/indicator/EN.GHG.CO2.PC.CE.AR5?format=json&date=2015:2024&per_page=600,2026-09-01T08:56:50Z
VNM,EN.GHG.CO2.PC.CE.AR5,"Carbon dioxide (CO2) emissions excluding LULUCF per capita (t CO2e/capita, AR5)",2016,2.38,https://api.worldbank.org/v2/country/USA;CHN;IND;EUU;VNM;MEX;JPN;KOR;THA;IDN;MYS;BRA;DEU;CAN/indicator/EN.GHG.CO2.PC.CE.AR5?format=json&date=2015:2024&per_page=600,2026-09-01T08:56:50Z
VNM,EN.GHG.CO2.PC.CE.AR5,"Carbon dioxide (CO2) emissions excluding LULUCF per capita (t CO2e/capita, AR5)",2017,2.41,https://api.worldbank.org/v2/country/USA;CHN;IND;EUU;VNM;MEX;JPN;KOR;THA;IDN;MYS;BRA;DEU;CAN/indicator/EN.GHG.CO2.PC.CE.AR5?format=json&date=2015:2024&per_page=600,2026-09-01T08:56:50Z
VNM,EN.GHG.CO2.PC.CE.AR5,"Carbon dioxide (CO2) emissions excluding LULUCF per capita (t CO2e/capita, AR5)",2018,2.93,https://api.worldbank.org/v2/country/USA;CHN;IND;EUU;VNM;MEX;JPN;KOR;THA;IDN;MYS;BRA;DEU;CAN/indicator/EN.GHG.CO2.PC.CE.AR5?format=json&date=2015:2024&per_page=600,2026-09-01T08:56:50Z
VNM,EN.GHG.CO2.PC.CE.AR5,"Carbon dioxide (CO2) emissions excluding LULUCF per capita (t CO2e/capita, AR5)",2019,3.46,https://api.worldbank.org/v2/country/USA;CHN;IND;EUU;VNM;MEX;JPN;KOR;THA;IDN;MYS;BRA;DEU;CAN/indicator/EN.GHG.CO2.PC.CE.AR5?format=json&date=2015:2024&per_page=600,2026-09-01T08:56:50Z
VNM,EN.GHG.CO2.PC.CE.AR5,"Carbon dioxide (CO2) emissions excluding LULUCF per capita (t CO2e/capita, AR5)",2020,3.55,https://api.worldbank.org/v2/country/USA;CHN;IND;EUU;VNM;MEX;JPN;KOR;THA;IDN;MYS;BRA;DEU;CAN/indicator/EN.GHG.CO2.PC.CE.AR5?format=json&date=2015:2024&per_page=600,2026-09-01T08:56:50Z
VNM,EN.GHG.CO2.PC.CE.AR5,"Carbon dioxide (CO2) emissions excluding LULUCF per capita (t CO2e/capita, AR5)",2021,3.4,https://api.worldbank.org/v2/country/USA;CHN;IND;EUU;VNM;MEX;JPN;KOR;THA;IDN;MYS;BRA;DEU;CAN/indicator/EN.GHG.CO2.PC.CE.AR5?format=json&date=2015:2024&per_page=600,2026-09-01T08:56:50Z
VNM,EN.GHG.CO2.PC.CE.AR5,"Carbon dioxide (CO2) emissions excluding LULUCF per capita (t CO2e/capita, AR5)",2022,3.45,https://api.worldbank.org/v2/country/USA;CHN;IND;EUU;VNM;MEX;JPN;KOR;THA;IDN;MYS;BRA;DEU;CAN/indicator/EN.GHG.CO2.PC.CE.AR5?format=json&date=2015:2024&per_page=600,2026-09-01T08:56:50Z
VNM,EN.GHG.CO2.PC.CE.AR5,"Carbon dioxide (CO2) emissions excluding LULUCF per capita (t CO2e/capita, AR5)",2023,3.89,https://api.worldbank.org/v2/country/USA;CHN;IND;EUU;VNM;MEX;JPN;KOR;THA;IDN;MYS;BRA;DEU;CAN/indicator/EN.GHG.CO2.PC.CE.AR5?format=json&date=2015:2024&per_page=600,2026-09-01T08:56:50Z
VNM,EN.GHG.CO2.PC.CE.AR5,"Carbon dioxide (CO2) emissions excluding LULUCF per capita (t CO2e/capita, AR5)",2024,4.27,https://api.worldbank.org/v2/country/USA;CHN;IND;EUU;VNM;MEX;JPN;KOR;THA;IDN;MYS;BRA;DEU;CAN/indicator/EN.GHG.CO2.PC.CE.AR5?format=json&date=2015:2024&per_page=600,2026-09-01T08:56:50Z
BRA,LP.LPI.OVRL.XQ,Logistics Performance Index: Overall (1=low to 5=high),2016,3.09,https://api.worldbank.org/v2/country/USA;CHN;IND;EUU;VNM;MEX;JPN;KOR;THA;IDN;MYS;BRA;DEU;CAN/indicator/LP.LPI.OVRL.XQ?format=json&date=2015:2024&per_page=600,2026-09-01T08:56:50Z
BRA,LP.LPI.OVRL.XQ,Logistics Performance Index: Overall (1=low to 5=high),2018,2.99,https://api.worldbank.org/v2/country/USA;CHN;IND;EUU;VNM;MEX;JPN;KOR;THA;IDN;MYS;BRA;DEU;CAN/indicator/LP.LPI.OVRL.XQ?format=json&date=2015:2024&per_page=600,2026-09-01T08:56:50Z
BRA,LP.LPI.OVRL.XQ,Logistics Performance Index: Overall (1=low to 5=high),2022,3.2,https://api.worldbank.org/v2/country/USA;CHN;IND;EUU;VNM;MEX;JPN;KOR;THA;IDN;MYS;BRA;DEU;CAN/indicator/LP.LPI.OVRL.XQ?format=json&date=2015:2024&per_page=600,2026-09-01T08:56:50Z
CAN,LP.LPI.OVRL.XQ,Logistics Performance Index: Overall (1=low to 5=high),2016,3.93,https://api.worldbank.org/v2/country/USA;CHN;IND;EUU;VNM;MEX;JPN;KOR;THA;IDN;MYS;BRA;DEU;CAN/indicator/LP.LPI.OVRL.XQ?format=json&date=2015:2024&per_page=600,2026-09-01T08:56:50Z
CAN,LP.LPI.OVRL.XQ,Logistics Performance Index: Overall (1=low to 5=high),2018,3.73,https://api.worldbank.org/v2/country/USA;CHN;IND;EUU;VNM;MEX;JPN;KOR;THA;IDN;MYS;BRA;DEU;CAN/indicator/LP.LPI.OVRL.XQ?format=json&date=2015:2024&per_page=600,2026-09-01T08:56:50Z
CAN,LP.LPI.OVRL.XQ,Logistics Performance Index: Overall (1=low to 5=high),2022,4.0,https://api.worldbank.org/v2/country/USA;CHN;IND;EUU;VNM;MEX;JPN;KOR;THA;IDN;MYS;BRA;DEU;CAN/indicator/LP.LPI.OVRL.XQ?format=json&date=2015:2024&per_page=600,2026-09-01T08:56:50Z
CHN,LP.LPI.OVRL.XQ,Logistics Performance Index: Overall (1=low to 5=high),2016,3.66,https://api.worldbank.org/v2/country/USA;CHN;IND;EUU;VNM;MEX;JPN;KOR;THA;IDN;MYS;BRA;DEU;CAN/indicator/LP.LPI.OVRL.XQ?format=json&date=2015:2024&per_page=600,2026-09-01T08:56:50Z
CHN,LP.LPI.OVRL.XQ,Logistics Performance Index: Overall (1=low to 5=high),2018,3.61,https://api.worldbank.org/v2/country/USA;CHN;IND;EUU;VNM;MEX;JPN;KOR;THA;IDN;MYS;BRA;DEU;CAN/indicator/LP.LPI.OVRL.XQ?format=json&date=2015:2024&per_page=600,2026-09-01T08:56:50Z
CHN,LP.LPI.OVRL.XQ,Logistics Performance Index: Overall (1=low to 5=high),2022,3.7,https://api.worldbank.org/v2/country/USA;CHN;IND;EUU;VNM;MEX;JPN;KOR;THA;IDN;MYS;BRA;DEU;CAN/indicator/LP.LPI.OVRL.XQ?format=json&date=2015:2024&per_page=600,2026-09-01T08:56:50Z
DEU,LP.LPI.OVRL.XQ,Logistics Performance Index: Overall (1=low to 5=high),2016,4.23,https://api.worldbank.org/v2/country/USA;CHN;IND;EUU;VNM;MEX;JPN;KOR;THA;IDN;MYS;BRA;DEU;CAN/indicator/LP.LPI.OVRL.XQ?format=json&date=2015:2024&per_page=600,2026-09-01T08:56:50Z
DEU,LP.LPI.OVRL.XQ,Logistics Performance Index: Overall (1=low to 5=high),2018,4.2,https://api.worldbank.org/v2/country/USA;CHN;IND;EUU;VNM;MEX;JPN;KOR;THA;IDN;MYS;BRA;DEU;CAN/indicator/LP.LPI.OVRL.XQ?format=json&date=2015:2024&per_page=600,2026-09-01T08:56:50Z
DEU,LP.LPI.OVRL.XQ,Logistics Performance Index: Overall (1=low to 5=high),2022,4.1,https://api.worldbank.org/v2/country/USA;CHN;IND;EUU;VNM;MEX;JPN;KOR;THA;IDN;MYS;BRA;DEU;CAN/indicator/LP.LPI.OVRL.XQ?format=json&date=2015:2024&per_page=600,2026-09-01T08:56:50Z
EUU,LP.LPI.OVRL.XQ,Logistics Performance Index: Overall (1=low to 5=high),2016,3.59,https://api.worldbank.org/v2/country/USA;CHN;IND;EUU;VNM;MEX;JPN;KOR;THA;IDN;MYS;BRA;DEU;CAN/indicator/LP.LPI.OVRL.XQ?format=json&date=2015:2024&per_page=600,2026-09-01T08:56:50Z
EUU,LP.LPI.OVRL.XQ,Logistics Performance Index: Overall (1=low to 5=high),2018,3.52,https://api.worldbank.org/v2/country/USA;CHN;IND;EUU;VNM;MEX;JPN;KOR;THA;IDN;MYS;BRA;DEU;CAN/indicator/LP.LPI.OVRL.XQ?format=json&date=2015:2024&per_page=600,2026-09-01T08:56:50Z
EUU,LP.LPI.OVRL.XQ,Logistics Performance Index: Overall (1=low to 5=high),2022,3.62,https://api.worldbank.org/v2/country/USA;CHN;IND;EUU;VNM;MEX;JPN;KOR;THA;IDN;MYS;BRA;DEU;CAN/indicator/LP.LPI.OVRL.XQ?format=json&date=2015:2024&per_page=600,2026-09-01T08:56:50Z
IDN,LP.LPI.OVRL.XQ,Logistics Performance Index: Overall (1=low to 5=high),2016,2.98,https://api.worldbank.org/v2/country/USA;CHN;IND;EUU;VNM;MEX;JPN;KOR;THA;IDN;MYS;BRA;DEU;CAN/indicator/LP.LPI.OVRL.XQ?format=json&date=2015:2024&per_page=600,2026-09-01T08:56:50Z
IDN,LP.LPI.OVRL.XQ,Logistics Performance Index: Overall (1=low to 5=high),2018,3.15,https://api.worldbank.org/v2/country/USA;CHN;IND;EUU;VNM;MEX;JPN;KOR;THA;IDN;MYS;BRA;DEU;CAN/indicator/LP.LPI.OVRL.XQ?format=json&date=2015:2024&per_page=600,2026-09-01T08:56:50Z
IDN,LP.LPI.OVRL.XQ,Logistics Performance Index: Overall (1=low to 5=high),2022,3.0,https://api.worldbank.org/v2/country/USA;CHN;IND;EUU;VNM;MEX;JPN;KOR;THA;IDN;MYS;BRA;DEU;CAN/indicator/LP.LPI.OVRL.XQ?format=json&date=2015:2024&per_page=600,2026-09-01T08:56:50Z
IND,LP.LPI.OVRL.XQ,Logistics Performance Index: Overall (1=low to 5=high),2016,3.42,https://api.worldbank.org/v2/country/USA;CHN;IND;EUU;VNM;MEX;JPN;KOR;THA;IDN;MYS;BRA;DEU;CAN/indicator/LP.LPI.OVRL.XQ?format=json&date=2015:2024&per_page=600,2026-09-01T08:56:50Z
IND,LP.LPI.OVRL.XQ,Logistics Performance Index: Overall (1=low to 5=high),2018,3.18,https://api.worldbank.org/v2/country/USA;CHN;IND;EUU;VNM;MEX;JPN;KOR;THA;IDN;MYS;BRA;DEU;CAN/indicator/LP.LPI.OVRL.XQ?format=json&date=2015:2024&per_page=600,2026-09-01T08:56:50Z
IND,LP.LPI.OVRL.XQ,Logistics Performance Index: Overall (1=low to 5=high),2022,3.4,https://api.worldbank.org/v2/country/USA;CHN;IND;EUU;VNM;MEX;JPN;KOR;THA;IDN;MYS;BRA;DEU;CAN/indicator/LP.LPI.OVRL.XQ?format=json&date=2015:2024&per_page=600,2026-09-01T08:56:50Z
JPN,LP.LPI.OVRL.XQ,Logistics Performance Index: Overall (1=low to 5=high),2016,3.97,https://api.worldbank.org/v2/country/USA;CHN;IND;EUU;VNM;MEX;JPN;KOR;THA;IDN;MYS;BRA;DEU;CAN/indicator/LP.LPI.OVRL.XQ?format=json&date=2015:2024&per_page=600,2026-09-01T08:56:50Z
JPN,LP.LPI.OVRL.XQ,Logistics Performance Index: Overall (1=low to 5=high),2018,4.03,https://api.worldbank.org/v2/country/USA;CHN;IND;EUU;VNM;MEX;JPN;KOR;THA;IDN;MYS;BRA;DEU;CAN/indicator/LP.LPI.OVRL.XQ?format=json&date=2015:2024&per_page=600,2026-09-01T08:56:50Z
JPN,LP.LPI.OVRL.XQ,Logistics Performance Index: Overall (1=low to 5=high),2022,3.9,https://api.worldbank.org/v2/country/USA;CHN;IND;EUU;VNM;MEX;JPN;KOR;THA;IDN;MYS;BRA;DEU;CAN/indicator/LP.LPI.OVRL.XQ?format=json&date=2015:2024&per_page=600,2026-09-01T08:56:50Z
KOR,LP.LPI.OVRL.XQ,Logistics Performance Index: Overall (1=low to 5=high),2016,3.72,https://api.worldbank.org/v2/country/USA;CHN;IND;EUU;VNM;MEX;JPN;KOR;THA;IDN;MYS;BRA;DEU;CAN/indicator/LP.LPI.OVRL.XQ?format=json&date=2015:2024&per_page=600,2026-09-01T08:56:50Z
KOR,LP.LPI.OVRL.XQ,Logistics Performance Index: Overall (1=low to 5=high),2018,3.61,https://api.worldbank.org/v2/country/USA;CHN;IND;EUU;VNM;MEX;JPN;KOR;THA;IDN;MYS;BRA;DEU;CAN/indicator/LP.LPI.OVRL.XQ?format=json&date=2015:2024&per_page=600,2026-09-01T08:56:50Z
KOR,LP.LPI.OVRL.XQ,Logistics Performance Index: Overall (1=low to 5=high),2022,3.8,https://api.worldbank.org/v2/country/USA;CHN;IND;EUU;VNM;MEX;JPN;KOR;THA;IDN;MYS;BRA;DEU;CAN/indicator/LP.LPI.OVRL.XQ?format=json&date=2015:2024&per_page=600,2026-09-01T08:56:50Z
MEX,LP.LPI.OVRL.XQ,Logistics Performance Index: Overall (1=low to 5=high),2016,3.11,https://api.worldbank.org/v2/country/USA;CHN;IND;EUU;VNM;MEX;JPN;KOR;THA;IDN;MYS;BRA;DEU;CAN/indicator/LP.LPI.OVRL.XQ?format=json&date=2015:2024&per_page=600,2026-09-01T08:56:50Z
MEX,LP.LPI.OVRL.XQ,Logistics Performance Index: Overall (1=low to 5=high),2018,3.05,https://api.worldbank.org/v2/country/USA;CHN;IND;EUU;VNM;MEX;JPN;KOR;THA;IDN;MYS;BRA;DEU;CAN/indicator/LP.LPI.OVRL.XQ?format=json&date=2015:2024&per_page=600,2026-09-01T08:56:50Z
MEX,LP.LPI.OVRL.XQ,Logistics Performance Index: Overall (1=low to 5=high),2022,2.9,https://api.worldbank.org/v2/country/USA;CHN;IND;EUU;VNM;MEX;JPN;KOR;THA;IDN;MYS;BRA;DEU;CAN/indicator/LP.LPI.OVRL.XQ?format=json&date=2015:2024&per_page=600,2026-09-01T08:56:50Z
MYS,LP.LPI.OVRL.XQ,Logistics Performance Index: Overall (1=low to 5=high),2016,3.43,https://api.worldbank.org/v2/country/USA;CHN;IND;EUU;VNM;MEX;JPN;KOR;THA;IDN;MYS;BRA;DEU;CAN/indicator/LP.LPI.OVRL.XQ?format=json&date=2015:2024&per_page=600,2026-09-01T08:56:50Z
MYS,LP.LPI.OVRL.XQ,Logistics Performance Index: Overall (1=low to 5=high),2018,3.22,https://api.worldbank.org/v2/country/USA;CHN;IND;EUU;VNM;MEX;JPN;KOR;THA;IDN;MYS;BRA;DEU;CAN/indicator/LP.LPI.OVRL.XQ?format=json&date=2015:2024&per_page=600,2026-09-01T08:56:50Z
MYS,LP.LPI.OVRL.XQ,Logistics Performance Index: Overall (1=low to 5=high),2022,3.6,https://api.worldbank.org/v2/country/USA;CHN;IND;EUU;VNM;MEX;JPN;KOR;THA;IDN;MYS;BRA;DEU;CAN/indicator/LP.LPI.OVRL.XQ?format=json&date=2015:2024&per_page=600,2026-09-01T08:56:50Z
THA,LP.LPI.OVRL.XQ,Logistics Performance Index: Overall (1=low to 5=high),2016,3.26,https://api.worldbank.org/v2/country/USA;CHN;IND;EUU;VNM;MEX;JPN;KOR;THA;IDN;MYS;BRA;DEU;CAN/indicator/LP.LPI.OVRL.XQ?format=json&date=2015:2024&per_page=600,2026-09-01T08:56:50Z
THA,LP.LPI.OVRL.XQ,Logistics Performance Index: Overall (1=low to 5=high),2018,3.41,https://api.worldbank.org/v2/country/USA;CHN;IND;EUU;VNM;MEX;JPN;KOR;THA;IDN;MYS;BRA;DEU;CAN/indicator/LP.LPI.OVRL.XQ?format=json&date=2015:2024&per_page=600,2026-09-01T08:56:50Z
THA,LP.LPI.OVRL.XQ,Logistics Performance Index: Overall (1=low to 5=high),2022,3.5,https://api.worldbank.org/v2/country/USA;CHN;IND;EUU;VNM;MEX;JPN;KOR;THA;IDN;MYS;BRA;DEU;CAN/indicator/LP.LPI.OVRL.XQ?format=json&date=2015:2024&per_page=600,2026-09-01T08:56:50Z
USA,LP.LPI.OVRL.XQ,Logistics Performance Index: Overall (1=low to 5=high),2016,3.99,https://api.worldbank.org/v2/country/USA;CHN;IND;EUU;VNM;MEX;JPN;KOR;THA;IDN;MYS;BRA;DEU;CAN/indicator/LP.LPI.OVRL.XQ?format=json&date=2015:2024&per_page=600,2026-09-01T08:56:50Z
USA,LP.LPI.OVRL.XQ,Logistics Performance Index: Overall (1=low to 5=high),2018,3.89,https://api.worldbank.org/v2/country/USA;CHN;IND;EUU;VNM;MEX;JPN;KOR;THA;IDN;MYS;BRA;DEU;CAN/indicator/LP.LPI.OVRL.XQ?format=json&date=2015:2024&per_page=600,2026-09-01T08:56:50Z
USA,LP.LPI.OVRL.XQ,Logistics Performance Index: Overall (1=low to 5=high),2022,3.8,https://api.worldbank.org/v2/country/USA;CHN;IND;EUU;VNM;MEX;JPN;KOR;THA;IDN;MYS;BRA;DEU;CAN/indicator/LP.LPI.OVRL.XQ?format=json&date=2015:2024&per_page=600,2026-09-01T08:56:50Z
VNM,LP.LPI.OVRL.XQ,Logistics Performance Index: Overall (1=low to 5=high),2016,2.98,https://api.worldbank.org/v2/country/USA;CHN;IND;EUU;VNM;MEX;JPN;KOR;THA;IDN;MYS;BRA;DEU;CAN/indicator/LP.LPI.OVRL.XQ?format=json&date=2015:2024&per_page=600,2026-09-01T08:56:50Z
VNM,LP.LPI.OVRL.XQ,Logistics Performance Index: Overall (1=low to 5=high),2018,3.27,https://api.worldbank.org/v2/country/USA;CHN;IND;EUU;VNM;MEX;JPN;KOR;THA;IDN;MYS;BRA;DEU;CAN/indicator/LP.LPI.OVRL.XQ?format=json&date=2015:2024&per_page=600,2026-09-01T08:56:50Z
VNM,LP.LPI.OVRL.XQ,Logistics Performance Index: Overall (1=low to 5=high),2022,3.3,https://api.worldbank.org/v2/country/USA;CHN;IND;EUU;VNM;MEX;JPN;KOR;THA;IDN;MYS;BRA;DEU;CAN/indicator/LP.LPI.OVRL.XQ?format=json&date=2015:2024&per_page=600,2026-09-01T08:56:50Z
BRA,NE.EXP.GNFS.ZS,Exports of goods and services (% of GDP),2015,12.9,https://api.worldbank.org/v2/country/USA;CHN;IND;EUU;VNM;MEX;JPN;KOR;THA;IDN;MYS;BRA;DEU;CAN/indicator/NE.EXP.GNFS.ZS?format=json&date=2015:2024&per_page=600,2026-09-01T08:56:50Z
BRA,NE.EXP.GNFS.ZS,Exports of goods and services (% of GDP),2016,12.47,https://api.worldbank.org/v2/country/USA;CHN;IND;EUU;VNM;MEX;JPN;KOR;THA;IDN;MYS;BRA;DEU;CAN/indicator/NE.EXP.GNFS.ZS?format=json&date=2015:2024&per_page=600,2026-09-01T08:56:50Z
BRA,NE.EXP.GNFS.ZS,Exports of goods and services (% of GDP),2017,12.52,https://api.worldbank.org/v2/country/USA;CHN;IND;EUU;VNM;MEX;JPN;KOR;THA;IDN;MYS;BRA;DEU;CAN/indicator/NE.EXP.GNFS.ZS?format=json&date=2015:2024&per_page=600,2026-09-01T08:56:50Z
BRA,NE.EXP.GNFS.ZS,Exports of goods and services (% of GDP),2018,14.63,https://api.worldbank.org/v2/country/USA;CHN;IND;EUU;VNM;MEX;JPN;KOR;THA;IDN;MYS;BRA;DEU;CAN/indicator/NE.EXP.GNFS.ZS?format=json&date=2015:2024&per_page=600,2026-09-01T08:56:50Z
BRA,NE.EXP.GNFS.ZS,Exports of goods and services (% of GDP),2019,14.12,https://api.worldbank.org/v2/country/USA;CHN;IND;EUU;VNM;MEX;JPN;KOR;THA;IDN;MYS;BRA;DEU;CAN/indicator/NE.EXP.GNFS.ZS?format=json&date=2015:2024&per_page=600,2026-09-01T08:56:50Z
BRA,NE.EXP.GNFS.ZS,Exports of goods and services (% of GDP),2020,16.45,https://api.worldbank.org/v2/country/USA;CHN;IND;EUU;VNM;MEX;JPN;KOR;THA;IDN;MYS;BRA;DEU;CAN/indicator/NE.EXP.GNFS.ZS?format=json&date=2015:2024&per_page=600,2026-09-01T08:56:50Z
BRA,NE.EXP.GNFS.ZS,Exports of goods and services (% of GDP),2021,19.11,https://api.worldbank.org/v2/country/USA;CHN;IND;EUU;VNM;MEX;JPN;KOR;THA;IDN;MYS;BRA;DEU;CAN/indicator/NE.EXP.GNFS.ZS?format=json&date=2015:2024&per_page=600,2026-09-01T08:56:50Z
BRA,NE.EXP.GNFS.ZS,Exports of goods and services (% of GDP),2022,19.63,https://api.worldbank.org/v2/country/USA;CHN;IND;EUU;VNM;MEX;JPN;KOR;THA;IDN;MYS;BRA;DEU;CAN/indicator/NE.EXP.GNFS.ZS?format=json&date=2015:2024&per_page=600,2026-09-01T08:56:50Z
BRA,NE.EXP.GNFS.ZS,Exports of goods and services (% of GDP),2023,17.97,https://api.worldbank.org/v2/country/USA;CHN;IND;EUU;VNM;MEX;JPN;KOR;THA;IDN;MYS;BRA;DEU;CAN/indicator/NE.EXP.GNFS.ZS?format=json&date=2015:2024&per_page=600,2026-09-01T08:56:50Z
BRA,NE.EXP.GNFS.ZS,Exports of goods and services (% of GDP),2024,17.94,https://api.worldbank.org/v2/country/USA;CHN;IND;EUU;VNM;MEX;JPN;KOR;THA;IDN;MYS;BRA;DEU;CAN/indicator/NE.EXP.GNFS.ZS?format=json&date=2015:2024&per_page=600,2026-09-01T08:56:50Z
CAN,NE.EXP.GNFS.ZS,Exports of goods and services (% of GDP),2015,31.85,https://api.worldbank.org/v2/country/USA;CHN;IND;EUU;VNM;MEX;JPN;KOR;THA;IDN;MYS;BRA;DEU;CAN/indicator/NE.EXP.GNFS.ZS?format=json&date=2015:2024&per_page=600,2026-09-01T08:56:50Z
CAN,NE.EXP.GNFS.ZS,Exports of goods and services (% of GDP),2016,31.5,https://api.worldbank.org/v2/country/USA;CHN;IND;EUU;VNM;MEX;JPN;KOR;THA;IDN;MYS;BRA;DEU;CAN/indicator/NE.EXP.GNFS.ZS?format=json&date=2015:2024&per_page=600,2026-09-01T08:56:50Z
CAN,NE.EXP.GNFS.ZS,Exports of goods and services (% of GDP),2017,31.45,https://api.worldbank.org/v2/country/USA;CHN;IND;EUU;VNM;MEX;JPN;KOR;THA;IDN;MYS;BRA;DEU;CAN/indicator/NE.EXP.GNFS.ZS?format=json&date=2015:2024&per_page=600,2026-09-01T08:56:50Z
CAN,NE.EXP.GNFS.ZS,Exports of goods and services (% of GDP),2018,32.33,https://api.worldbank.org/v2/country/USA;CHN;IND;EUU;VNM;MEX;JPN;KOR;THA;IDN;MYS;BRA;DEU;CAN/indicator/NE.EXP.GNFS.ZS?format=json&date=2015:2024&per_page=600,2026-09-01T08:56:50Z
CAN,NE.EXP.GNFS.ZS,Exports of goods and services (% of GDP),2019,32.35,https://api.worldbank.org/v2/country/USA;CHN;IND;EUU;VNM;MEX;JPN;KOR;THA;IDN;MYS;BRA;DEU;CAN/indicator/NE.EXP.GNFS.ZS?format=json&date=2015:2024&per_page=600,2026-09-01T08:56:50Z
CAN,NE.EXP.GNFS.ZS,Exports of goods and services (% of GDP),2020,29.47,https://api.worldbank.org/v2/country/USA;CHN;IND;EUU;VNM;MEX;JPN;KOR;THA;IDN;MYS;BRA;DEU;CAN/indicator/NE.EXP.GNFS.ZS?format=json&date=2015:2024&per_page=600,2026-09-01T08:56:50Z
CAN,NE.EXP.GNFS.ZS,Exports of goods and services (% of GDP),2021,31.18,https://api.worldbank.org/v2/country/USA;CHN;IND;EUU;VNM;MEX;JPN;KOR;THA;IDN;MYS;BRA;DEU;CAN/indicator/NE.EXP.GNFS.ZS?format=json&date=2015:2024&per_page=600,2026-09-01T08:56:50Z
CAN,NE.EXP.GNFS.ZS,Exports of goods and services (% of GDP),2022,33.72,https://api.worldbank.org/v2/country/USA;CHN;IND;EUU;VNM;MEX;JPN;KOR;THA;IDN;MYS;BRA;DEU;CAN/indicator/NE.EXP.GNFS.ZS?format=json&date=2015:2024&per_page=600,2026-09-01T08:56:50Z
CAN,NE.EXP.GNFS.ZS,Exports of goods and services (% of GDP),2023,33.34,https://api.worldbank.org/v2/country/USA;CHN;IND;EUU;VNM;MEX;JPN;KOR;THA;IDN;MYS;BRA;DEU;CAN/indicator/NE.EXP.GNFS.ZS?format=json&date=2015:2024&per_page=600,2026-09-01T08:56:50Z
CAN,NE.EXP.GNFS.ZS,Exports of goods and services (% of GDP),2024,32.47,https://api.worldbank.org/v2/country/USA;CHN;IND;EUU;VNM;MEX;JPN;KOR;THA;IDN;MYS;BRA;DEU;CAN/indicator/NE.EXP.GNFS.ZS?format=json&date=2015:2024&per_page=600,2026-09-01T08:56:50Z
CHN,NE.EXP.GNFS.ZS,Exports of goods and services (% of GDP),2015,20.94,https://api.worldbank.org/v2/country/USA;CHN;IND;EUU;VNM;MEX;JPN;KOR;THA;IDN;MYS;BRA;DEU;CAN/indicator/NE.EXP.GNFS.ZS?format=json&date=2015:2024&per_page=600,2026-09-01T08:56:50Z
CHN,NE.EXP.GNFS.ZS,Exports of goods and services (% of GDP),2016,19.2,https://api.worldbank.org/v2/country/USA;CHN;IND;EUU;VNM;MEX;JPN;KOR;THA;IDN;MYS;BRA;DEU;CAN/indicator/NE.EXP.GNFS.ZS?format=json&date=2015:2024&per_page=600,2026-09-01T08:56:50Z
CHN,NE.EXP.GNFS.ZS,Exports of goods and services (% of GDP),2017,19.34,https://api.worldbank.org/v2/country/USA;CHN;IND;EUU;VNM;MEX;JPN;KOR;THA;IDN;MYS;BRA;DEU;CAN/indicator/NE.EXP.GNFS.ZS?format=json&date=2015:2024&per_page=600,2026-09-01T08:56:50Z
CHN,NE.EXP.GNFS.ZS,Exports of goods and services (% of GDP),2018,18.77,https://api.worldbank.org/v2/country/USA;CHN;IND;EUU;VNM;MEX;JPN;KOR;THA;IDN;MYS;BRA;DEU;CAN/indicator/NE.EXP.GNFS.ZS?format=json&date=2015:2024&per_page=600,2026-09-01T08:56:50Z
CHN,NE.EXP.GNFS.ZS,Exports of goods and services (% of GDP),2019,18.14,https://api.worldbank.org/v2/country/USA;CHN;IND;EUU;VNM;MEX;JPN;KOR;THA;IDN;MYS;BRA;DEU;CAN/indicator/NE.EXP.GNFS.ZS?format=json&date=2015:2024&per_page=600,2026-09-01T08:56:50Z
CHN,NE.EXP.GNFS.ZS,Exports of goods and services (% of GDP),2020,18.27,https://api.worldbank.org/v2/country/USA;CHN;IND;EUU;VNM;MEX;JPN;KOR;THA;IDN;MYS;BRA;DEU;CAN/indicator/NE.EXP.GNFS.ZS?format=json&date=2015:2024&per_page=600,2026-09-01T08:56:50Z
CHN,NE.EXP.GNFS.ZS,Exports of goods and services (% of GDP),2021,19.44,https://api.worldbank.org/v2/country/USA;CHN;IND;EUU;VNM;MEX;JPN;KOR;THA;IDN;MYS;BRA;DEU;CAN/indicator/NE.EXP.GNFS.ZS?format=json&date=2015:2024&per_page=600,2026-09-01T08:56:50Z
CHN,NE.EXP.GNFS.ZS,Exports of goods and services (% of GDP),2022,20.23,https://api.worldbank.org/v2/country/USA;CHN;IND;EUU;VNM;MEX;JPN;KOR;THA;IDN;MYS;BRA;DEU;CAN/indicator/NE.EXP.GNFS.ZS?format=json&date=2015:2024&per_page=600,2026-09-01T08:56:50Z
CHN,NE.EXP.GNFS.ZS,Exports of goods and services (% of GDP),2023,19.4,https://api.worldbank.org/v2/country/USA;CHN;IND;EUU;VNM;MEX;JPN;KOR;THA;IDN;MYS;BRA;DEU;CAN/indicator/NE.EXP.GNFS.ZS?format=json&date=2015:2024&per_page=600,2026-09-01T08:56:50Z
CHN,NE.EXP.GNFS.ZS,Exports of goods and services (% of GDP),2024,20.44,https://api.worldbank.org/v2/country/USA;CHN;IND;EUU;VNM;MEX;JPN;KOR;THA;IDN;MYS;BRA;DEU;CAN/indicator/NE.EXP.GNFS.ZS?format=json&date=2015:2024&per_page=600,2026-09-01T08:56:50Z
DEU,NE.EXP.GNFS.ZS,Exports of goods and services (% of GDP),2015,42.59,https://api.worldbank.org/v2/country/USA;CHN;IND;EUU;VNM;MEX;JPN;KOR;THA;IDN;MYS;BRA;DEU;CAN/indicator/NE.EXP.GNFS.ZS?format=json&date=2015:2024&per_page=600,2026-09-01T08:56:50Z
DEU,NE.EXP.GNFS.ZS,Exports of goods and services (% of GDP),2016,41.64,https://api.worldbank.org/v2/country/USA;CHN;IND;EUU;VNM;MEX;JPN;KOR;THA;IDN;MYS;BRA;DEU;CAN/indicator/NE.EXP.GNFS.ZS?format=json&date=2015:2024&per_page=600,2026-09-01T08:56:50Z
DEU,NE.EXP.GNFS.ZS,Exports of goods and services (% of GDP),2017,42.2,https://api.worldbank.org/v2/country/USA;CHN;IND;EUU;VNM;MEX;JPN;KOR;THA;IDN;MYS;BRA;DEU;CAN/indicator/NE.EXP.GNFS.ZS?format=json&date=2015:2024&per_page=600,2026-09-01T08:56:50Z
DEU,NE.EXP.GNFS.ZS,Exports of goods and services (% of GDP),2018,42.5,https://api.worldbank.org/v2/country/USA;CHN;IND;EUU;VNM;MEX;JPN;KOR;THA;IDN;MYS;BRA;DEU;CAN/indicator/NE.EXP.GNFS.ZS?format=json&date=2015:2024&per_page=600,2026-09-01T08:56:50Z
DEU,NE.EXP.GNFS.ZS,Exports of goods and services (% of GDP),2019,42.34,https://api.worldbank.org/v2/country/USA;CHN;IND;EUU;VNM;MEX;JPN;KOR;THA;IDN;MYS;BRA;DEU;CAN/indicator/NE.EXP.GNFS.ZS?format=json&date=2015:2024&per_page=600,2026-09-01T08:56:50Z
DEU,NE.EXP.GNFS.ZS,Exports of goods and services (% of GDP),2020,39.12,https://api.worldbank.org/v2/country/USA;CHN;IND;EUU;VNM;MEX;JPN;KOR;THA;IDN;MYS;BRA;DEU;CAN/indicator/NE.EXP.GNFS.ZS?format=json&date=2015:2024&per_page=600,2026-09-01T08:56:50Z
DEU,NE.EXP.GNFS.ZS,Exports of goods and services (% of GDP),2021,42.52,https://api.worldbank.org/v2/country/USA;CHN;IND;EUU;VNM;MEX;JPN;KOR;THA;IDN;MYS;BRA;DEU;CAN/indicator/NE.EXP.GNFS.ZS?format=json&date=2015:2024&per_page=600,2026-09-01T08:56:50Z
DEU,NE.EXP.GNFS.ZS,Exports of goods and services (% of GDP),2022,45.63,https://api.worldbank.org/v2/country/USA;CHN;IND;EUU;VNM;MEX;JPN;KOR;THA;IDN;MYS;BRA;DEU;CAN/indicator/NE.EXP.GNFS.ZS?format=json&date=2015:2024&per_page=600,2026-09-01T08:56:50Z
DEU,NE.EXP.GNFS.ZS,Exports of goods and services (% of GDP),2023,42.97,https://api.worldbank.org/v2/country/USA;CHN;IND;EUU;VNM;MEX;JPN;KOR;THA;IDN;MYS;BRA;DEU;CAN/indicator/NE.EXP.GNFS.ZS?format=json&date=2015:2024&per_page=600,2026-09-01T08:56:50Z
DEU,NE.EXP.GNFS.ZS,Exports of goods and services (% of GDP),2024,41.43,https://api.worldbank.org/v2/country/USA;CHN;IND;EUU;VNM;MEX;JPN;KOR;THA;IDN;MYS;BRA;DEU;CAN/indicator/NE.EXP.GNFS.ZS?format=json&date=2015:2024&per_page=600,2026-09-01T08:56:50Z
EUU,NE.EXP.GNFS.ZS,Exports of goods and services (% of GDP),2015,46.26,https://api.worldbank.org/v2/country/USA;CHN;IND;EUU;VNM;MEX;JPN;KOR;THA;IDN;MYS;BRA;DEU;CAN/indicator/NE.EXP.GNFS.ZS?format=json&date=2015:2024&per_page=600,2026-09-01T08:56:50Z
EUU,NE.EXP.GNFS.ZS,Exports of goods and services (% of GDP),2016,45.91,https://api.worldbank.org/v2/country/USA;CHN;IND;EUU;VNM;MEX;JPN;KOR;THA;IDN;MYS;BRA;DEU;CAN/indicator/NE.EXP.GNFS.ZS?format=json&date=2015:2024&per_page=600,2026-09-01T08:56:50Z
EUU,NE.EXP.GNFS.ZS,Exports of goods and services (% of GDP),2017,47.5,https://api.worldbank.org/v2/country/USA;CHN;IND;EUU;VNM;MEX;JPN;KOR;THA;IDN;MYS;BRA;DEU;CAN/indicator/NE.EXP.GNFS.ZS?format=json&date=2015:2024&per_page=600,2026-09-01T08:56:50Z
EUU,NE.EXP.GNFS.ZS,Exports of goods and services (% of GDP),2018,48.28,https://api.worldbank.org/v2/country/USA;CHN;IND;EUU;VNM;MEX;JPN;KOR;THA;IDN;MYS;BRA;DEU;CAN/indicator/NE.EXP.GNFS.ZS?format=json&date=2015:2024&per_page=600,2026-09-01T08:56:50Z
EUU,NE.EXP.GNFS.ZS,Exports of goods and services (% of GDP),2019,48.61,https://api.worldbank.org/v2/country/USA;CHN;IND;EUU;VNM;MEX;JPN;KOR;THA;IDN;MYS;BRA;DEU;CAN/indicator/NE.EXP.GNFS.ZS?format=json&date=2015:2024&per_page=600,2026-09-01T08:56:50Z
EUU,NE.EXP.GNFS.ZS,Exports of goods and services (% of GDP),2020,45.84,https://api.worldbank.org/v2/country/USA;CHN;IND;EUU;VNM;MEX;JPN;KOR;THA;IDN;MYS;BRA;DEU;CAN/indicator/NE.EXP.GNFS.ZS?format=json&date=2015:2024&per_page=600,2026-09-01T08:56:50Z
EUU,NE.EXP.GNFS.ZS,Exports of goods and services (% of GDP),2021,49.72,https://api.worldbank.org/v2/country/USA;CHN;IND;EUU;VNM;MEX;JPN;KOR;THA;IDN;MYS;BRA;DEU;CAN/indicator/NE.EXP.GNFS.ZS?format=json&date=2015:2024&per_page=600,2026-09-01T08:56:50Z
EUU,NE.EXP.GNFS.ZS,Exports of goods and services (% of GDP),2022,55.3,https://api.worldbank.org/v2/country/USA;CHN;IND;EUU;VNM;MEX;JPN;KOR;THA;IDN;MYS;BRA;DEU;CAN/indicator/NE.EXP.GNFS.ZS?format=json&date=2015:2024&per_page=600,2026-09-01T08:56:50Z
EUU,NE.EXP.GNFS.ZS,Exports of goods and services (% of GDP),2023,51.76,https://api.worldbank.org/v2/country/USA;CHN;IND;EUU;VNM;MEX;JPN;KOR;THA;IDN;MYS;BRA;DEU;CAN/indicator/NE.EXP.GNFS.ZS?format=json&date=2015:2024&per_page=600,2026-09-01T08:56:50Z
EUU,NE.EXP.GNFS.ZS,Exports of goods and services (% of GDP),2024,50.37,https://api.worldbank.org/v2/country/USA;CHN;IND;EUU;VNM;MEX;JPN;KOR;THA;IDN;MYS;BRA;DEU;CAN/indicator/NE.EXP.GNFS.ZS?format=json&date=2015:2024&per_page=600,2026-09-01T08:56:50Z
IDN,NE.EXP.GNFS.ZS,Exports of goods and services (% of GDP),2015,21.16,https://api.worldbank.org/v2/country/USA;CHN;IND;EUU;VNM;MEX;JPN;KOR;THA;IDN;MYS;BRA;DEU;CAN/indicator/NE.EXP.GNFS.ZS?format=json&date=2015:2024&per_page=600,2026-09-01T08:56:50Z
IDN,NE.EXP.GNFS.ZS,Exports of goods and services (% of GDP),2016,19.09,https://api.worldbank.org/v2/country/USA;CHN;IND;EUU;VNM;MEX;JPN;KOR;THA;IDN;MYS;BRA;DEU;CAN/indicator/NE.EXP.GNFS.ZS?format=json&date=2015:2024&per_page=600,2026-09-01T08:56:50Z
IDN,NE.EXP.GNFS.ZS,Exports of goods and services (% of GDP),2017,20.18,https://api.worldbank.org/v2/country/USA;CHN;IND;EUU;VNM;MEX;JPN;KOR;THA;IDN;MYS;BRA;DEU;CAN/indicator/NE.EXP.GNFS.ZS?format=json&date=2015:2024&per_page=600,2026-09-01T08:56:50Z
IDN,NE.EXP.GNFS.ZS,Exports of goods and services (% of GDP),2018,21.0,https://api.worldbank.org/v2/country/USA;CHN;IND;EUU;VNM;MEX;JPN;KOR;THA;IDN;MYS;BRA;DEU;CAN/indicator/NE.EXP.GNFS.ZS?format=json&date=2015:2024&per_page=600,2026-09-01T08:56:50Z
IDN,NE.EXP.GNFS.ZS,Exports of goods and services (% of GDP),2019,18.59,https://api.worldbank.org/v2/country/USA;CHN;IND;EUU;VNM;MEX;JPN;KOR;THA;IDN;MYS;BRA;DEU;CAN/indicator/NE.EXP.GNFS.ZS?format=json&date=2015:2024&per_page=600,2026-09-01T08:56:50Z
IDN,NE.EXP.GNFS.ZS,Exports of goods and services (% of GDP),2020,17.33,https://api.worldbank.org/v2/country/USA;CHN;IND;EUU;VNM;MEX;JPN;KOR;THA;IDN;MYS;BRA;DEU;CAN/indicator/NE.EXP.GNFS.ZS?format=json&date=2015:2024&per_page=600,2026-09-01T08:56:50Z
IDN,NE.EXP.GNFS.ZS,Exports of goods and services (% of GDP),2021,21.42,https://api.worldbank.org/v2/country/USA;CHN;IND;EUU;VNM;MEX;JPN;KOR;THA;IDN;MYS;BRA;DEU;CAN/indicator/NE.EXP.GNFS.ZS?format=json&date=2015:2024&per_page=600,2026-09-01T08:56:50Z
IDN,NE.EXP.GNFS.ZS,Exports of goods and services (% of GDP),2022,24.5,https://api.worldbank.org/v2/country/USA;CHN;IND;EUU;VNM;MEX;JPN;KOR;THA;IDN;MYS;BRA;DEU;CAN/indicator/NE.EXP.GNFS.ZS?format=json&date=2015:2024&per_page=600,2026-09-01T08:56:50Z
IDN,NE.EXP.GNFS.ZS,Exports of goods and services (% of GDP),2023,21.81,https://api.worldbank.org/v2/country/USA;CHN;IND;EUU;VNM;MEX;JPN;KOR;THA;IDN;MYS;BRA;DEU;CAN/indicator/NE.EXP.GNFS.ZS?format=json&date=2015:2024&per_page=600,2026-09-01T08:56:50Z
IDN,NE.EXP.GNFS.ZS,Exports of goods and services (% of GDP),2024,22.31,https://api.worldbank.org/v2/country/USA;CHN;IND;EUU;VNM;MEX;JPN;KOR;THA;IDN;MYS;BRA;DEU;CAN/indicator/NE.EXP.GNFS.ZS?format=json&date=2015:2024&per_page=600,2026-09-01T08:56:50Z
IND,NE.EXP.GNFS.ZS,Exports of goods and services (% of GDP),2015,19.81,https://api.worldbank.org/v2/country/USA;CHN;IND;EUU;VNM;MEX;JPN;KOR;THA;IDN;MYS;BRA;DEU;CAN/indicator/NE.EXP.GNFS.ZS?format=json&date=2015:2024&per_page=600,2026-09-01T08:56:50Z
IND,NE.EXP.GNFS.ZS,Exports of goods and services (% of GDP),2016,19.16,https://api.worldbank.org/v2/country/USA;CHN;IND;EUU;VNM;MEX;JPN;KOR;THA;IDN;MYS;BRA;DEU;CAN/indicator/NE.EXP.GNFS.ZS?format=json&date=2015:2024&per_page=600,2026-09-01T08:56:50Z
IND,NE.EXP.GNFS.ZS,Exports of goods and services (% of GDP),2017,18.79,https://api.worldbank.org/v2/country/USA;CHN;IND;EUU;VNM;MEX;JPN;KOR;THA;IDN;MYS;BRA;DEU;CAN/indicator/NE.EXP.GNFS.ZS?format=json&date=2015:2024&per_page=600,2026-09-01T08:56:50Z
IND,NE.EXP.GNFS.ZS,Exports of goods and services (% of GDP),2018,19.93,https://api.worldbank.org/v2/country/USA;CHN;IND;EUU;VNM;MEX;JPN;KOR;THA;IDN;MYS;BRA;DEU;CAN/indicator/NE.EXP.GNFS.ZS?format=json&date=2015:2024&per_page=600,2026-09-01T08:56:50Z
IND,NE.EXP.GNFS.ZS,Exports of goods and services (% of GDP),2019,18.66,https://api.worldbank.org/v2/country/USA;CHN;IND;EUU;VNM;MEX;JPN;KOR;THA;IDN;MYS;BRA;DEU;CAN/indicator/NE.EXP.GNFS.ZS?format=json&date=2015:2024&per_page=600,2026-09-01T08:56:50Z
IND,NE.EXP.GNFS.ZS,Exports of goods and services (% of GDP),2020,18.68,https://api.worldbank.org/v2/country/USA;CHN;IND;EUU;VNM;MEX;JPN;KOR;THA;IDN;MYS;BRA;DEU;CAN/indicator/NE.EXP.GNFS.ZS?format=json&date=2015:2024&per_page=600,2026-09-01T08:56:50Z
IND,NE.EXP.GNFS.ZS,Exports of goods and services (% of GDP),2021,21.4,https://api.worldbank.org/v2/country/USA;CHN;IND;EUU;VNM;MEX;JPN;KOR;THA;IDN;MYS;BRA;DEU;CAN/indicator/NE.EXP.GNFS.ZS?format=json&date=2015:2024&per_page=600,2026-09-01T08:56:50Z
IND,NE.EXP.GNFS.ZS,Exports of goods and services (% of GDP),2022,24.04,https://api.worldbank.org/v2/country/USA;CHN;IND;EUU;VNM;MEX;JPN;KOR;THA;IDN;MYS;BRA;DEU;CAN/indicator/NE.EXP.GNFS.ZS?format=json&date=2015:2024&per_page=600,2026-09-01T08:56:50Z
IND,NE.EXP.GNFS.ZS,Exports of goods and services (% of GDP),2023,22.35,https://api.worldbank.org/v2/country/USA;CHN;IND;EUU;VNM;MEX;JPN;KOR;THA;IDN;MYS;BRA;DEU;CAN/indicator/NE.EXP.GNFS.ZS?format=json&date=2015:2024&per_page=600,2026-09-01T08:56:50Z
IND,NE.EXP.GNFS.ZS,Exports of goods and services (% of GDP),2024,22.06,https://api.worldbank.org/v2/country/USA;CHN;IND;EUU;VNM;MEX;JPN;KOR;THA;IDN;MYS;BRA;DEU;CAN/indicator/NE.EXP.GNFS.ZS?format=json&date=2015:2024&per_page=600,2026-09-01T08:56:50Z
JPN,NE.EXP.GNFS.ZS,Exports of goods and services (% of GDP),2015,17.09,https://api.worldbank.org/v2/country/USA;CHN;IND;EUU;VNM;MEX;JPN;KOR;THA;IDN;MYS;BRA;DEU;CAN/indicator/NE.EXP.GNFS.ZS?format=json&date=2015:2024&per_page=600,2026-09-01T08:56:50Z
JPN,NE.EXP.GNFS.ZS,Exports of goods and services (% of GDP),2016,15.72,https://api.worldbank.org/v2/country/USA;CHN;IND;EUU;VNM;MEX;JPN;KOR;THA;IDN;MYS;BRA;DEU;CAN/indicator/NE.EXP.GNFS.ZS?format=json&date=2015:2024&per_page=600,2026-09-01T08:56:50Z
JPN,NE.EXP.GNFS.ZS,Exports of goods and services (% of GDP),2017,17.22,https://api.worldbank.org/v2/country/USA;CHN;IND;EUU;VNM;MEX;JPN;KOR;THA;IDN;MYS;BRA;DEU;CAN/indicator/NE.EXP.GNFS.ZS?format=json&date=2015:2024&per_page=600,2026-09-01T08:56:50Z
JPN,NE.EXP.GNFS.ZS,Exports of goods and services (% of GDP),2018,17.91,https://api.worldbank.org/v2/country/USA;CHN;IND;EUU;VNM;MEX;JPN;KOR;THA;IDN;MYS;BRA;DEU;CAN/indicator/NE.EXP.GNFS.ZS?format=json&date=2015:2024&per_page=600,2026-09-01T08:56:50Z
JPN,NE.EXP.GNFS.ZS,Exports of goods and services (% of GDP),2019,17.04,https://api.worldbank.org/v2/country/USA;CHN;IND;EUU;VNM;MEX;JPN;KOR;THA;IDN;MYS;BRA;DEU;CAN/indicator/NE.EXP.GNFS.ZS?format=json&date=2015:2024&per_page=600,2026-09-01T08:56:50Z
JPN,NE.EXP.GNFS.ZS,Exports of goods and services (% of GDP),2020,15.13,https://api.worldbank.org/v2/country/USA;CHN;IND;EUU;VNM;MEX;JPN;KOR;THA;IDN;MYS;BRA;DEU;CAN/indicator/NE.EXP.GNFS.ZS?format=json&date=2015:2024&per_page=600,2026-09-01T08:56:50Z
JPN,NE.EXP.GNFS.ZS,Exports of goods and services (% of GDP),2021,17.46,https://api.worldbank.org/v2/country/USA;CHN;IND;EUU;VNM;MEX;JPN;KOR;THA;IDN;MYS;BRA;DEU;CAN/indicator/NE.EXP.GNFS.ZS?format=json&date=2015:2024&per_page=600,2026-09-01T08:56:50Z
JPN,NE.EXP.GNFS.ZS,Exports of goods and services (% of GDP),2022,20.65,https://api.worldbank.org/v2/country/USA;CHN;IND;EUU;VNM;MEX;JPN;KOR;THA;IDN;MYS;BRA;DEU;CAN/indicator/NE.EXP.GNFS.ZS?format=json&date=2015:2024&per_page=600,2026-09-01T08:56:50Z
JPN,NE.EXP.GNFS.ZS,Exports of goods and services (% of GDP),2023,21.06,https://api.worldbank.org/v2/country/USA;CHN;IND;EUU;VNM;MEX;JPN;KOR;THA;IDN;MYS;BRA;DEU;CAN/indicator/NE.EXP.GNFS.ZS?format=json&date=2015:2024&per_page=600,2026-09-01T08:56:50Z
JPN,NE.EXP.GNFS.ZS,Exports of goods and services (% of GDP),2024,21.98,https://api.worldbank.org/v2/country/USA;CHN;IND;EUU;VNM;MEX;JPN;KOR;THA;IDN;MYS;BRA;DEU;CAN/indicator/NE.EXP.GNFS.ZS?format=json&date=2015:2024&per_page=600,2026-09-01T08:56:50Z
KOR,NE.EXP.GNFS.ZS,Exports of goods and services (% of GDP),2015,40.97,https://api.worldbank.org/v2/country/USA;CHN;IND;EUU;VNM;MEX;JPN;KOR;THA;IDN;MYS;BRA;DEU;CAN/indicator/NE.EXP.GNFS.ZS?format=json&date=2015:2024&per_page=600,2026-09-01T08:56:50Z
KOR,NE.EXP.GNFS.ZS,Exports of goods and services (% of GDP),2016,38.11,https://api.worldbank.org/v2/country/USA;CHN;IND;EUU;VNM;MEX;JPN;KOR;THA;IDN;MYS;BRA;DEU;CAN/indicator/NE.EXP.GNFS.ZS?format=json&date=2015:2024&per_page=600,2026-09-01T08:56:50Z
KOR,NE.EXP.GNFS.ZS,Exports of goods and services (% of GDP),2017,38.85,https://api.worldbank.org/v2/country/USA;CHN;IND;EUU;VNM;MEX;JPN;KOR;THA;IDN;MYS;BRA;DEU;CAN/indicator/NE.EXP.GNFS.ZS?format=json&date=2015:2024&per_page=600,2026-09-01T08:56:50Z
KOR,NE.EXP.GNFS.ZS,Exports of goods and services (% of GDP),2018,39.45,https://api.worldbank.org/v2/country/USA;CHN;IND;EUU;VNM;MEX;JPN;KOR;THA;IDN;MYS;BRA;DEU;CAN/indicator/NE.EXP.GNFS.ZS?format=json&date=2015:2024&per_page=600,2026-09-01T08:56:50Z
KOR,NE.EXP.GNFS.ZS,Exports of goods and services (% of GDP),2019,37.04,https://api.worldbank.org/v2/country/USA;CHN;IND;EUU;VNM;MEX;JPN;KOR;THA;IDN;MYS;BRA;DEU;CAN/indicator/NE.EXP.GNFS.ZS?format=json&date=2015:2024&per_page=600,2026-09-01T08:56:50Z
KOR,NE.EXP.GNFS.ZS,Exports of goods and services (% of GDP),2020,34.62,https://api.worldbank.org/v2/country/USA;CHN;IND;EUU;VNM;MEX;JPN;KOR;THA;IDN;MYS;BRA;DEU;CAN/indicator/NE.EXP.GNFS.ZS?format=json&date=2015:2024&per_page=600,2026-09-01T08:56:50Z
KOR,NE.EXP.GNFS.ZS,Exports of goods and services (% of GDP),2021,39.34,https://api.worldbank.org/v2/country/USA;CHN;IND;EUU;VNM;MEX;JPN;KOR;THA;IDN;MYS;BRA;DEU;CAN/indicator/NE.EXP.GNFS.ZS?format=json&date=2015:2024&per_page=600,2026-09-01T08:56:50Z
KOR,NE.EXP.GNFS.ZS,Exports of goods and services (% of GDP),2022,45.29,https://api.worldbank.org/v2/country/USA;CHN;IND;EUU;VNM;MEX;JPN;KOR;THA;IDN;MYS;BRA;DEU;CAN/indicator/NE.EXP.GNFS.ZS?format=json&date=2015:2024&per_page=600,2026-09-01T08:56:50Z
KOR,NE.EXP.GNFS.ZS,Exports of goods and services (% of GDP),2023,41.32,https://api.worldbank.org/v2/country/USA;CHN;IND;EUU;VNM;MEX;JPN;KOR;THA;IDN;MYS;BRA;DEU;CAN/indicator/NE.EXP.GNFS.ZS?format=json&date=2015:2024&per_page=600,2026-09-01T08:56:50Z
KOR,NE.EXP.GNFS.ZS,Exports of goods and services (% of GDP),2024,44.36,https://api.worldbank.org/v2/country/USA;CHN;IND;EUU;VNM;MEX;JPN;KOR;THA;IDN;MYS;BRA;DEU;CAN/indicator/NE.EXP.GNFS.ZS?format=json&date=2015:2024&per_page=600,2026-09-01T08:56:50Z
MEX,NE.EXP.GNFS.ZS,Exports of goods and services (% of GDP),2015,34.16,https://api.worldbank.org/v2/country/USA;CHN;IND;EUU;VNM;MEX;JPN;KOR;THA;IDN;MYS;BRA;DEU;CAN/indicator/NE.EXP.GNFS.ZS?format=json&date=2015:2024&per_page=600,2026-09-01T08:56:50Z
MEX,NE.EXP.GNFS.ZS,Exports of goods and services (% of GDP),2016,36.82,https://api.worldbank.org/v2/country/USA;CHN;IND;EUU;VNM;MEX;JPN;KOR;THA;IDN;MYS;BRA;DEU;CAN/indicator/NE.EXP.GNFS.ZS?format=json&date=2015:2024&per_page=600,2026-09-01T08:56:50Z
MEX,NE.EXP.GNFS.ZS,Exports of goods and services (% of GDP),2017,37.51,https://api.worldbank.org/v2/country/USA;CHN;IND;EUU;VNM;MEX;JPN;KOR;THA;IDN;MYS;BRA;DEU;CAN/indicator/NE.EXP.GNFS.ZS?format=json&date=2015:2024&per_page=600,2026-09-01T08:56:50Z
MEX,NE.EXP.GNFS.ZS,Exports of goods and services (% of GDP),2018,39.04,https://api.worldbank.org/v2/country/USA;CHN;IND;EUU;VNM;MEX;JPN;KOR;THA;IDN;MYS;BRA;DEU;CAN/indicator/NE.EXP.GNFS.ZS?format=json&date=2015:2024&per_page=600,2026-09-01T08:56:50Z
MEX,NE.EXP.GNFS.ZS,Exports of goods and services (% of GDP),2019,38.53,https://api.worldbank.org/v2/country/USA;CHN;IND;EUU;VNM;MEX;JPN;KOR;THA;IDN;MYS;BRA;DEU;CAN/indicator/NE.EXP.GNFS.ZS?format=json&date=2015:2024&per_page=600,2026-09-01T08:56:50Z
MEX,NE.EXP.GNFS.ZS,Exports of goods and services (% of GDP),2020,39.24,https://api.worldbank.org/v2/country/USA;CHN;IND;EUU;VNM;MEX;JPN;KOR;THA;IDN;MYS;BRA;DEU;CAN/indicator/NE.EXP.GNFS.ZS?format=json&date=2015:2024&per_page=600,2026-09-01T08:56:50Z
MEX,NE.EXP.GNFS.ZS,Exports of goods and services (% of GDP),2021,40.57,https://api.worldbank.org/v2/country/USA;CHN;IND;EUU;VNM;MEX;JPN;KOR;THA;IDN;MYS;BRA;DEU;CAN/indicator/NE.EXP.GNFS.ZS?format=json&date=2015:2024&per_page=600,2026-09-01T08:56:50Z
MEX,NE.EXP.GNFS.ZS,Exports of goods and services (% of GDP),2022,42.93,https://api.worldbank.org/v2/country/USA;CHN;IND;EUU;VNM;MEX;JPN;KOR;THA;IDN;MYS;BRA;DEU;CAN/indicator/NE.EXP.GNFS.ZS?format=json&date=2015:2024&per_page=600,2026-09-01T08:56:50Z
MEX,NE.EXP.GNFS.ZS,Exports of goods and services (% of GDP),2023,36.15,https://api.worldbank.org/v2/country/USA;CHN;IND;EUU;VNM;MEX;JPN;KOR;THA;IDN;MYS;BRA;DEU;CAN/indicator/NE.EXP.GNFS.ZS?format=json&date=2015:2024&per_page=600,2026-09-01T08:56:50Z
MEX,NE.EXP.GNFS.ZS,Exports of goods and services (% of GDP),2024,37.28,https://api.worldbank.org/v2/country/USA;CHN;IND;EUU;VNM;MEX;JPN;KOR;THA;IDN;MYS;BRA;DEU;CAN/indicator/NE.EXP.GNFS.ZS?format=json&date=2015:2024&per_page=600,2026-09-01T08:56:50Z
MYS,NE.EXP.GNFS.ZS,Exports of goods and services (% of GDP),2015,69.45,https://api.worldbank.org/v2/country/USA;CHN;IND;EUU;VNM;MEX;JPN;KOR;THA;IDN;MYS;BRA;DEU;CAN/indicator/NE.EXP.GNFS.ZS?format=json&date=2015:2024&per_page=600,2026-09-01T08:56:50Z
MYS,NE.EXP.GNFS.ZS,Exports of goods and services (% of GDP),2016,66.78,https://api.worldbank.org/v2/country/USA;CHN;IND;EUU;VNM;MEX;JPN;KOR;THA;IDN;MYS;BRA;DEU;CAN/indicator/NE.EXP.GNFS.ZS?format=json&date=2015:2024&per_page=600,2026-09-01T08:56:50Z
MYS,NE.EXP.GNFS.ZS,Exports of goods and services (% of GDP),2017,70.01,https://api.worldbank.org/v2/country/USA;CHN;IND;EUU;VNM;MEX;JPN;KOR;THA;IDN;MYS;BRA;DEU;CAN/indicator/NE.EXP.GNFS.ZS?format=json&date=2015:2024&per_page=600,2026-09-01T08:56:50Z
MYS,NE.EXP.GNFS.ZS,Exports of goods and services (% of GDP),2018,68.55,https://api.worldbank.org/v2/country/USA;CHN;IND;EUU;VNM;MEX;JPN;KOR;THA;IDN;MYS;BRA;DEU;CAN/indicator/NE.EXP.GNFS.ZS?format=json&date=2015:2024&per_page=600,2026-09-01T08:56:50Z
MYS,NE.EXP.GNFS.ZS,Exports of goods and services (% of GDP),2019,65.28,https://api.worldbank.org/v2/country/USA;CHN;IND;EUU;VNM;MEX;JPN;KOR;THA;IDN;MYS;BRA;DEU;CAN/indicator/NE.EXP.GNFS.ZS?format=json&date=2015:2024&per_page=600,2026-09-01T08:56:50Z
MYS,NE.EXP.GNFS.ZS,Exports of goods and services (% of GDP),2020,61.58,https://api.worldbank.org/v2/country/USA;CHN;IND;EUU;VNM;MEX;JPN;KOR;THA;IDN;MYS;BRA;DEU;CAN/indicator/NE.EXP.GNFS.ZS?format=json&date=2015:2024&per_page=600,2026-09-01T08:56:50Z
MYS,NE.EXP.GNFS.ZS,Exports of goods and services (% of GDP),2021,70.63,https://api.worldbank.org/v2/country/USA;CHN;IND;EUU;VNM;MEX;JPN;KOR;THA;IDN;MYS;BRA;DEU;CAN/indicator/NE.EXP.GNFS.ZS?format=json&date=2015:2024&per_page=600,2026-09-01T08:56:50Z
MYS,NE.EXP.GNFS.ZS,Exports of goods and services (% of GDP),2022,76.81,https://api.worldbank.org/v2/country/USA;CHN;IND;EUU;VNM;MEX;JPN;KOR;THA;IDN;MYS;BRA;DEU;CAN/indicator/NE.EXP.GNFS.ZS?format=json&date=2015:2024&per_page=600,2026-09-01T08:56:50Z
MYS,NE.EXP.GNFS.ZS,Exports of goods and services (% of GDP),2023,68.68,https://api.worldbank.org/v2/country/USA;CHN;IND;EUU;VNM;MEX;JPN;KOR;THA;IDN;MYS;BRA;DEU;CAN/indicator/NE.EXP.GNFS.ZS?format=json&date=2015:2024&per_page=600,2026-09-01T08:56:50Z
MYS,NE.EXP.GNFS.ZS,Exports of goods and services (% of GDP),2024,71.34,https://api.worldbank.org/v2/country/USA;CHN;IND;EUU;VNM;MEX;JPN;KOR;THA;IDN;MYS;BRA;DEU;CAN/indicator/NE.EXP.GNFS.ZS?format=json&date=2015:2024&per_page=600,2026-09-01T08:56:50Z
THA,NE.EXP.GNFS.ZS,Exports of goods and services (% of GDP),2015,67.64,https://api.worldbank.org/v2/country/USA;CHN;IND;EUU;VNM;MEX;JPN;KOR;THA;IDN;MYS;BRA;DEU;CAN/indicator/NE.EXP.GNFS.ZS?format=json&date=2015:2024&per_page=600,2026-09-01T08:56:50Z
THA,NE.EXP.GNFS.ZS,Exports of goods and services (% of GDP),2016,67.07,https://api.worldbank.org/v2/country/USA;CHN;IND;EUU;VNM;MEX;JPN;KOR;THA;IDN;MYS;BRA;DEU;CAN/indicator/NE.EXP.GNFS.ZS?format=json&date=2015:2024&per_page=600,2026-09-01T08:56:50Z
THA,NE.EXP.GNFS.ZS,Exports of goods and services (% of GDP),2017,66.67,https://api.worldbank.org/v2/country/USA;CHN;IND;EUU;VNM;MEX;JPN;KOR;THA;IDN;MYS;BRA;DEU;CAN/indicator/NE.EXP.GNFS.ZS?format=json&date=2015:2024&per_page=600,2026-09-01T08:56:50Z
THA,NE.EXP.GNFS.ZS,Exports of goods and services (% of GDP),2018,64.84,https://api.worldbank.org/v2/country/USA;CHN;IND;EUU;VNM;MEX;JPN;KOR;THA;IDN;MYS;BRA;DEU;CAN/indicator/NE.EXP.GNFS.ZS?format=json&date=2015:2024&per_page=600,2026-09-01T08:56:50Z
THA,NE.EXP.GNFS.ZS,Exports of goods and services (% of GDP),2019,59.52,https://api.worldbank.org/v2/country/USA;CHN;IND;EUU;VNM;MEX;JPN;KOR;THA;IDN;MYS;BRA;DEU;CAN/indicator/NE.EXP.GNFS.ZS?format=json&date=2015:2024&per_page=600,2026-09-01T08:56:50Z
THA,NE.EXP.GNFS.ZS,Exports of goods and services (% of GDP),2020,51.34,https://api.worldbank.org/v2/country/USA;CHN;IND;EUU;VNM;MEX;JPN;KOR;THA;IDN;MYS;BRA;DEU;CAN/indicator/NE.EXP.GNFS.ZS?format=json&date=2015:2024&per_page=600,2026-09-01T08:56:50Z
THA,NE.EXP.GNFS.ZS,Exports of goods and services (% of GDP),2021,58.42,https://api.worldbank.org/v2/country/USA;CHN;IND;EUU;VNM;MEX;JPN;KOR;THA;IDN;MYS;BRA;DEU;CAN/indicator/NE.EXP.GNFS.ZS?format=json&date=2015:2024&per_page=600,2026-09-01T08:56:50Z
THA,NE.EXP.GNFS.ZS,Exports of goods and services (% of GDP),2022,65.33,https://api.worldbank.org/v2/country/USA;CHN;IND;EUU;VNM;MEX;JPN;KOR;THA;IDN;MYS;BRA;DEU;CAN/indicator/NE.EXP.GNFS.ZS?format=json&date=2015:2024&per_page=600,2026-09-01T08:56:50Z
THA,NE.EXP.GNFS.ZS,Exports of goods and services (% of GDP),2023,65.51,https://api.worldbank.org/v2/country/USA;CHN;IND;EUU;VNM;MEX;JPN;KOR;THA;IDN;MYS;BRA;DEU;CAN/indicator/NE.EXP.GNFS.ZS?format=json&date=2015:2024&per_page=600,2026-09-01T08:56:50Z
THA,NE.EXP.GNFS.ZS,Exports of goods and services (% of GDP),2024,69.67,https://api.worldbank.org/v2/country/USA;CHN;IND;EUU;VNM;MEX;JPN;KOR;THA;IDN;MYS;BRA;DEU;CAN/indicator/NE.EXP.GNFS.ZS?format=json&date=2015:2024&per_page=600,2026-09-01T08:56:50Z
USA,NE.EXP.GNFS.ZS,Exports of goods and services (% of GDP),2015,12.41,https://api.worldbank.org/v2/country/USA;CHN;IND;EUU;VNM;MEX;JPN;KOR;THA;IDN;MYS;BRA;DEU;CAN/indicator/NE.EXP.GNFS.ZS?format=json&date=2015:2024&per_page=600,2026-09-01T08:56:50Z
USA,NE.EXP.GNFS.ZS,Exports of goods and services (% of GDP),2016,11.89,https://api.worldbank.org/v2/country/USA;CHN;IND;EUU;VNM;MEX;JPN;KOR;THA;IDN;MYS;BRA;DEU;CAN/indicator/NE.EXP.GNFS.ZS?format=json&date=2015:2024&per_page=600,2026-09-01T08:56:50Z
USA,NE.EXP.GNFS.ZS,Exports of goods and services (% of GDP),2017,12.18,https://api.worldbank.org/v2/country/USA;CHN;IND;EUU;VNM;MEX;JPN;KOR;THA;IDN;MYS;BRA;DEU;CAN/indicator/NE.EXP.GNFS.ZS?format=json&date=2015:2024&per_page=600,2026-09-01T08:56:50Z
USA,NE.EXP.GNFS.ZS,Exports of goods and services (% of GDP),2018,12.29,https://api.worldbank.org/v2/country/USA;CHN;IND;EUU;VNM;MEX;JPN;KOR;THA;IDN;MYS;BRA;DEU;CAN/indicator/NE.EXP.GNFS.ZS?format=json&date=2015:2024&per_page=600,2026-09-01T08:56:50Z
USA,NE.EXP.GNFS.ZS,Exports of goods and services (% of GDP),2019,11.79,https://api.worldbank.org/v2/country/USA;CHN;IND;EUU;VNM;MEX;JPN;KOR;THA;IDN;MYS;BRA;DEU;CAN/indicator/NE.EXP.GNFS.ZS?format=json&date=2015:2024&per_page=600,2026-09-01T08:56:50Z
USA,NE.EXP.GNFS.ZS,Exports of goods and services (% of GDP),2020,10.12,https://api.worldbank.org/v2/country/USA;CHN;IND;EUU;VNM;MEX;JPN;KOR;THA;IDN;MYS;BRA;DEU;CAN/indicator/NE.EXP.GNFS.ZS?format=json&date=2015:2024&per_page=600,2026-09-01T08:56:50Z
USA,NE.EXP.GNFS.ZS,Exports of goods and services (% of GDP),2021,10.83,https://api.worldbank.org/v2/country/USA;CHN;IND;EUU;VNM;MEX;JPN;KOR;THA;IDN;MYS;BRA;DEU;CAN/indicator/NE.EXP.GNFS.ZS?format=json&date=2015:2024&per_page=600,2026-09-01T08:56:50Z
USA,NE.EXP.GNFS.ZS,Exports of goods and services (% of GDP),2022,11.65,https://api.worldbank.org/v2/country/USA;CHN;IND;EUU;VNM;MEX;JPN;KOR;THA;IDN;MYS;BRA;DEU;CAN/indicator/NE.EXP.GNFS.ZS?format=json&date=2015:2024&per_page=600,2026-09-01T08:56:50Z
USA,NE.EXP.GNFS.ZS,Exports of goods and services (% of GDP),2023,11.05,https://api.worldbank.org/v2/country/USA;CHN;IND;EUU;VNM;MEX;JPN;KOR;THA;IDN;MYS;BRA;DEU;CAN/indicator/NE.EXP.GNFS.ZS?format=json&date=2015:2024&per_page=600,2026-09-01T08:56:50Z
USA,NE.EXP.GNFS.ZS,Exports of goods and services (% of GDP),2024,10.97,https://api.worldbank.org/v2/country/USA;CHN;IND;EUU;VNM;MEX;JPN;KOR;THA;IDN;MYS;BRA;DEU;CAN/indicator/NE.EXP.GNFS.ZS?format=json&date=2015:2024&per_page=600,2026-09-01T08:56:50Z
VNM,NE.EXP.GNFS.ZS,Exports of goods and services (% of GDP),2015,72.92,https://api.worldbank.org/v2/country/USA;CHN;IND;EUU;VNM;MEX;JPN;KOR;THA;IDN;MYS;BRA;DEU;CAN/indicator/NE.EXP.GNFS.ZS?format=json&date=2015:2024&per_page=600,2026-09-01T08:56:50Z
VNM,NE.EXP.GNFS.ZS,Exports of goods and services (% of GDP),2016,74.11,https://api.worldbank.org/v2/country/USA;CHN;IND;EUU;VNM;MEX;JPN;KOR;THA;IDN;MYS;BRA;DEU;CAN/indicator/NE.EXP.GNFS.ZS?format=json&date=2015:2024&per_page=600,2026-09-01T08:56:50Z
VNM,NE.EXP.GNFS.ZS,Exports of goods and services (% of GDP),2017,81.76,https://api.worldbank.org/v2/country/USA;CHN;IND;EUU;VNM;MEX;JPN;KOR;THA;IDN;MYS;BRA;DEU;CAN/indicator/NE.EXP.GNFS.ZS?format=json&date=2015:2024&per_page=600,2026-09-01T08:56:50Z
VNM,NE.EXP.GNFS.ZS,Exports of goods and services (% of GDP),2018,84.42,https://api.worldbank.org/v2/country/USA;CHN;IND;EUU;VNM;MEX;JPN;KOR;THA;IDN;MYS;BRA;DEU;CAN/indicator/NE.EXP.GNFS.ZS?format=json&date=2015:2024&per_page=600,2026-09-01T08:56:50Z
VNM,NE.EXP.GNFS.ZS,Exports of goods and services (% of GDP),2019,85.16,https://api.worldbank.org/v2/country/USA;CHN;IND;EUU;VNM;MEX;JPN;KOR;THA;IDN;MYS;BRA;DEU;CAN/indicator/NE.EXP.GNFS.ZS?format=json&date=2015:2024&per_page=600,2026-09-01T08:56:50Z
VNM,NE.EXP.GNFS.ZS,Exports of goods and services (% of GDP),2020,84.38,https://api.worldbank.org/v2/country/USA;CHN;IND;EUU;VNM;MEX;JPN;KOR;THA;IDN;MYS;BRA;DEU;CAN/indicator/NE.EXP.GNFS.ZS?format=json&date=2015:2024&per_page=600,2026-09-01T08:56:50Z
VNM,NE.EXP.GNFS.ZS,Exports of goods and services (% of GDP),2021,93.85,https://api.worldbank.org/v2/country/USA;CHN;IND;EUU;VNM;MEX;JPN;KOR;THA;IDN;MYS;BRA;DEU;CAN/indicator/NE.EXP.GNFS.ZS?format=json&date=2015:2024&per_page=600,2026-09-01T08:56:50Z
VNM,NE.EXP.GNFS.ZS,Exports of goods and services (% of GDP),2022,93.42,https://api.worldbank.org/v2/country/USA;CHN;IND;EUU;VNM;MEX;JPN;KOR;THA;IDN;MYS;BRA;DEU;CAN/indicator/NE.EXP.GNFS.ZS?format=json&date=2015:2024&per_page=600,2026-09-01T08:56:50Z
VNM,NE.EXP.GNFS.ZS,Exports of goods and services (% of GDP),2023,86.74,https://api.worldbank.org/v2/country/USA;CHN;IND;EUU;VNM;MEX;JPN;KOR;THA;IDN;MYS;BRA;DEU;CAN/indicator/NE.EXP.GNFS.ZS?format=json&date=2015:2024&per_page=600,2026-09-01T08:56:50Z
VNM,NE.EXP.GNFS.ZS,Exports of goods and services (% of GDP),2024,90.17,https://api.worldbank.org/v2/country/USA;CHN;IND;EUU;VNM;MEX;JPN;KOR;THA;IDN;MYS;BRA;DEU;CAN/indicator/NE.EXP.GNFS.ZS?format=json&date=2015:2024&per_page=600,2026-09-01T08:56:50Z
BRA,NE.IMP.GNFS.ZS,Imports of goods and services (% of GDP),2015,14.05,https://api.worldbank.org/v2/country/USA;CHN;IND;EUU;VNM;MEX;JPN;KOR;THA;IDN;MYS;BRA;DEU;CAN/indicator/NE.IMP.GNFS.ZS?format=json&date=2015:2024&per_page=600,2026-09-01T08:56:50Z
BRA,NE.IMP.GNFS.ZS,Imports of goods and services (% of GDP),2016,12.07,https://api.worldbank.org/v2/country/USA;CHN;IND;EUU;VNM;MEX;JPN;KOR;THA;IDN;MYS;BRA;DEU;CAN/indicator/NE.IMP.GNFS.ZS?format=json&date=2015:2024&per_page=600,2026-09-01T08:56:50Z
BRA,NE.IMP.GNFS.ZS,Imports of goods and services (% of GDP),2017,11.8,https://api.worldbank.org/v2/country/USA;CHN;IND;EUU;VNM;MEX;JPN;KOR;THA;IDN;MYS;BRA;DEU;CAN/indicator/NE.IMP.GNFS.ZS?format=json&date=2015:2024&per_page=600,2026-09-01T08:56:50Z
BRA,NE.IMP.GNFS.ZS,Imports of goods and services (% of GDP),2018,14.24,https://api.worldbank.org/v2/country/USA;CHN;IND;EUU;VNM;MEX;JPN;KOR;THA;IDN;MYS;BRA;DEU;CAN/indicator/NE.IMP.GNFS.ZS?format=json&date=2015:2024&per_page=600,2026-09-01T08:56:50Z
BRA,NE.IMP.GNFS.ZS,Imports of goods and services (% of GDP),2019,14.77,https://api.worldbank.org/v2/country/USA;CHN;IND;EUU;VNM;MEX;JPN;KOR;THA;IDN;MYS;BRA;DEU;CAN/indicator/NE.IMP.GNFS.ZS?format=json&date=2015:2024&per_page=600,2026-09-01T08:56:50Z
BRA,NE.IMP.GNFS.ZS,Imports of goods and services (% of GDP),2020,15.85,https://api.worldbank.org/v2/country/USA;CHN;IND;EUU;VNM;MEX;JPN;KOR;THA;IDN;MYS;BRA;DEU;CAN/indicator/NE.IMP.GNFS.ZS?format=json&date=2015:2024&per_page=600,2026-09-01T08:56:50Z
BRA,NE.IMP.GNFS.ZS,Imports of goods and services (% of GDP),2021,18.55,https://api.worldbank.org/v2/country/USA;CHN;IND;EUU;VNM;MEX;JPN;KOR;THA;IDN;MYS;BRA;DEU;CAN/indicator/NE.IMP.GNFS.ZS?format=json&date=2015:2024&per_page=600,2026-09-01T08:56:50Z
BRA,NE.IMP.GNFS.ZS,Imports of goods and services (% of GDP),2022,19.19,https://api.worldbank.org/v2/country/USA;CHN;IND;EUU;VNM;MEX;JPN;KOR;THA;IDN;MYS;BRA;DEU;CAN/indicator/NE.IMP.GNFS.ZS?format=json&date=2015:2024&per_page=600,2026-09-01T08:56:50Z
BRA,NE.IMP.GNFS.ZS,Imports of goods and services (% of GDP),2023,15.7,https://api.worldbank.org/v2/country/USA;CHN;IND;EUU;VNM;MEX;JPN;KOR;THA;IDN;MYS;BRA;DEU;CAN/indicator/NE.IMP.GNFS.ZS?format=json&date=2015:2024&per_page=600,2026-09-01T08:56:50Z
BRA,NE.IMP.GNFS.ZS,Imports of goods and services (% of GDP),2024,17.65,https://api.worldbank.org/v2/country/USA;CHN;IND;EUU;VNM;MEX;JPN;KOR;THA;IDN;MYS;BRA;DEU;CAN/indicator/NE.IMP.GNFS.ZS?format=json&date=2015:2024&per_page=600,2026-09-01T08:56:50Z
CAN,NE.IMP.GNFS.ZS,Imports of goods and services (% of GDP),2015,34.31,https://api.worldbank.org/v2/country/USA;CHN;IND;EUU;VNM;MEX;JPN;KOR;THA;IDN;MYS;BRA;DEU;CAN/indicator/NE.IMP.GNFS.ZS?format=json&date=2015:2024&per_page=600,2026-09-01T08:56:50Z
CAN,NE.IMP.GNFS.ZS,Imports of goods and services (% of GDP),2016,33.86,https://api.worldbank.org/v2/country/USA;CHN;IND;EUU;VNM;MEX;JPN;KOR;THA;IDN;MYS;BRA;DEU;CAN/indicator/NE.IMP.GNFS.ZS?format=json&date=2015:2024&per_page=600,2026-09-01T08:56:50Z
CAN,NE.IMP.GNFS.ZS,Imports of goods and services (% of GDP),2017,33.65,https://api.worldbank.org/v2/country/USA;CHN;IND;EUU;VNM;MEX;JPN;KOR;THA;IDN;MYS;BRA;DEU;CAN/indicator/NE.IMP.GNFS.ZS?format=json&date=2015:2024&per_page=600,2026-09-01T08:56:50Z
CAN,NE.IMP.GNFS.ZS,Imports of goods and services (% of GDP),2018,34.27,https://api.worldbank.org/v2/country/USA;CHN;IND;EUU;VNM;MEX;JPN;KOR;THA;IDN;MYS;BRA;DEU;CAN/indicator/NE.IMP.GNFS.ZS?format=json&date=2015:2024&per_page=600,2026-09-01T08:56:50Z
CAN,NE.IMP.GNFS.ZS,Imports of goods and services (% of GDP),2019,33.82,https://api.worldbank.org/v2/country/USA;CHN;IND;EUU;VNM;MEX;JPN;KOR;THA;IDN;MYS;BRA;DEU;CAN/indicator/NE.IMP.GNFS.ZS?format=json&date=2015:2024&per_page=600,2026-09-01T08:56:50Z
CAN,NE.IMP.GNFS.ZS,Imports of goods and services (% of GDP),2020,31.68,https://api.worldbank.org/v2/country/USA;CHN;IND;EUU;VNM;MEX;JPN;KOR;THA;IDN;MYS;BRA;DEU;CAN/indicator/NE.IMP.GNFS.ZS?format=json&date=2015:2024&per_page=600,2026-09-01T08:56:50Z
CAN,NE.IMP.GNFS.ZS,Imports of goods and services (% of GDP),2021,31.07,https://api.worldbank.org/v2/country/USA;CHN;IND;EUU;VNM;MEX;JPN;KOR;THA;IDN;MYS;BRA;DEU;CAN/indicator/NE.IMP.GNFS.ZS?format=json&date=2015:2024&per_page=600,2026-09-01T08:56:50Z
CAN,NE.IMP.GNFS.ZS,Imports of goods and services (% of GDP),2022,33.23,https://api.worldbank.org/v2/country/USA;CHN;IND;EUU;VNM;MEX;JPN;KOR;THA;IDN;MYS;BRA;DEU;CAN/indicator/NE.IMP.GNFS.ZS?format=json&date=2015:2024&per_page=600,2026-09-01T08:56:50Z
CAN,NE.IMP.GNFS.ZS,Imports of goods and services (% of GDP),2023,33.23,https://api.worldbank.org/v2/country/USA;CHN;IND;EUU;VNM;MEX;JPN;KOR;THA;IDN;MYS;BRA;DEU;CAN/indicator/NE.IMP.GNFS.ZS?format=json&date=2015:2024&per_page=600,2026-09-01T08:56:50Z
CAN,NE.IMP.GNFS.ZS,Imports of goods and services (% of GDP),2024,32.65,https://api.worldbank.org/v2/country/USA;CHN;IND;EUU;VNM;MEX;JPN;KOR;THA;IDN;MYS;BRA;DEU;CAN/indicator/NE.IMP.GNFS.ZS?format=json&date=2015:2024&per_page=600,2026-09-01T08:56:50Z
CHN,NE.IMP.GNFS.ZS,Imports of goods and services (% of GDP),2015,17.76,https://api.worldbank.org/v2/country/USA;CHN;IND;EUU;VNM;MEX;JPN;KOR;THA;IDN;MYS;BRA;DEU;CAN/indicator/NE.IMP.GNFS.ZS?format=json&date=2015:2024&per_page=600,2026-09-01T08:56:50Z
CHN,NE.IMP.GNFS.ZS,Imports of goods and services (% of GDP),2016,16.97,https://api.worldbank.org/v2/country/USA;CHN;IND;EUU;VNM;MEX;JPN;KOR;THA;IDN;MYS;BRA;DEU;CAN/indicator/NE.IMP.GNFS.ZS?format=json&date=2015:2024&per_page=600,2026-09-01T08:56:50Z
CHN,NE.IMP.GNFS.ZS,Imports of goods and services (% of GDP),2017,17.62,https://api.worldbank.org/v2/country/USA;CHN;IND;EUU;VNM;MEX;JPN;KOR;THA;IDN;MYS;BRA;DEU;CAN/indicator/NE.IMP.GNFS.ZS?format=json&date=2015:2024&per_page=600,2026-09-01T08:56:50Z
CHN,NE.IMP.GNFS.ZS,Imports of goods and services (% of GDP),2018,18.12,https://api.worldbank.org/v2/country/USA;CHN;IND;EUU;VNM;MEX;JPN;KOR;THA;IDN;MYS;BRA;DEU;CAN/indicator/NE.IMP.GNFS.ZS?format=json&date=2015:2024&per_page=600,2026-09-01T08:56:50Z
CHN,NE.IMP.GNFS.ZS,Imports of goods and services (% of GDP),2019,17.31,https://api.worldbank.org/v2/country/USA;CHN;IND;EUU;VNM;MEX;JPN;KOR;THA;IDN;MYS;BRA;DEU;CAN/indicator/NE.IMP.GNFS.ZS?format=json&date=2015:2024&per_page=600,2026-09-01T08:56:50Z
CHN,NE.IMP.GNFS.ZS,Imports of goods and services (% of GDP),2020,16.07,https://api.worldbank.org/v2/country/USA;CHN;IND;EUU;VNM;MEX;JPN;KOR;THA;IDN;MYS;BRA;DEU;CAN/indicator/NE.IMP.GNFS.ZS?format=json&date=2015:2024&per_page=600,2026-09-01T08:56:50Z
CHN,NE.IMP.GNFS.ZS,Imports of goods and services (% of GDP),2021,17.21,https://api.worldbank.org/v2/country/USA;CHN;IND;EUU;VNM;MEX;JPN;KOR;THA;IDN;MYS;BRA;DEU;CAN/indicator/NE.IMP.GNFS.ZS?format=json&date=2015:2024&per_page=600,2026-09-01T08:56:50Z
CHN,NE.IMP.GNFS.ZS,Imports of goods and services (% of GDP),2022,17.28,https://api.worldbank.org/v2/country/USA;CHN;IND;EUU;VNM;MEX;JPN;KOR;THA;IDN;MYS;BRA;DEU;CAN/indicator/NE.IMP.GNFS.ZS?format=json&date=2015:2024&per_page=600,2026-09-01T08:56:50Z
CHN,NE.IMP.GNFS.ZS,Imports of goods and services (% of GDP),2023,17.34,https://api.worldbank.org/v2/country/USA;CHN;IND;EUU;VNM;MEX;JPN;KOR;THA;IDN;MYS;BRA;DEU;CAN/indicator/NE.IMP.GNFS.ZS?format=json&date=2015:2024&per_page=600,2026-09-01T08:56:50Z
CHN,NE.IMP.GNFS.ZS,Imports of goods and services (% of GDP),2024,17.51,https://api.worldbank.org/v2/country/USA;CHN;IND;EUU;VNM;MEX;JPN;KOR;THA;IDN;MYS;BRA;DEU;CAN/indicator/NE.IMP.GNFS.ZS?format=json&date=2015:2024&per_page=600,2026-09-01T08:56:50Z
DEU,NE.IMP.GNFS.ZS,Imports of goods and services (% of GDP),2015,35.17,https://api.worldbank.org/v2/country/USA;CHN;IND;EUU;VNM;MEX;JPN;KOR;THA;IDN;MYS;BRA;DEU;CAN/indicator/NE.IMP.GNFS.ZS?format=json&date=2015:2024&per_page=600,2026-09-01T08:56:50Z
DEU,NE.IMP.GNFS.ZS,Imports of goods and services (% of GDP),2016,34.37,https://api.worldbank.org/v2/country/USA;CHN;IND;EUU;VNM;MEX;JPN;KOR;THA;IDN;MYS;BRA;DEU;CAN/indicator/NE.IMP.GNFS.ZS?format=json&date=2015:2024&per_page=600,2026-09-01T08:56:50Z
DEU,NE.IMP.GNFS.ZS,Imports of goods and services (% of GDP),2017,35.25,https://api.worldbank.org/v2/country/USA;CHN;IND;EUU;VNM;MEX;JPN;KOR;THA;IDN;MYS;BRA;DEU;CAN/indicator/NE.IMP.GNFS.ZS?format=json&date=2015:2024&per_page=600,2026-09-01T08:56:50Z
DEU,NE.IMP.GNFS.ZS,Imports of goods and services (% of GDP),2018,36.63,https://api.worldbank.org/v2/country/USA;CHN;IND;EUU;VNM;MEX;JPN;KOR;THA;IDN;MYS;BRA;DEU;CAN/indicator/NE.IMP.GNFS.ZS?format=json&date=2015:2024&per_page=600,2026-09-01T08:56:50Z
DEU,NE.IMP.GNFS.ZS,Imports of goods and services (% of GDP),2019,36.73,https://api.worldbank.org/v2/country/USA;CHN;IND;EUU;VNM;MEX;JPN;KOR;THA;IDN;MYS;BRA;DEU;CAN/indicator/NE.IMP.GNFS.ZS?format=json&date=2015:2024&per_page=600,2026-09-01T08:56:50Z
DEU,NE.IMP.GNFS.ZS,Imports of goods and services (% of GDP),2020,33.81,https://api.worldbank.org/v2/country/USA;CHN;IND;EUU;VNM;MEX;JPN;KOR;THA;IDN;MYS;BRA;DEU;CAN/indicator/NE.IMP.GNFS.ZS?format=json&date=2015:2024&per_page=600,2026-09-01T08:56:50Z
DEU,NE.IMP.GNFS.ZS,Imports of goods and services (% of GDP),2021,37.4,https://api.worldbank.org/v2/country/USA;CHN;IND;EUU;VNM;MEX;JPN;KOR;THA;IDN;MYS;BRA;DEU;CAN/indicator/NE.IMP.GNFS.ZS?format=json&date=2015:2024&per_page=600,2026-09-01T08:56:50Z
DEU,NE.IMP.GNFS.ZS,Imports of goods and services (% of GDP),2022,43.16,https://api.worldbank.org/v2/country/USA;CHN;IND;EUU;VNM;MEX;JPN;KOR;THA;IDN;MYS;BRA;DEU;CAN/indicator/NE.IMP.GNFS.ZS?format=json&date=2015:2024&per_page=600,2026-09-01T08:56:50Z
DEU,NE.IMP.GNFS.ZS,Imports of goods and services (% of GDP),2023,39.0,https://api.worldbank.org/v2/country/USA;CHN;IND;EUU;VNM;MEX;JPN;KOR;THA;IDN;MYS;BRA;DEU;CAN/indicator/NE.IMP.GNFS.ZS?format=json&date=2015:2024&per_page=600,2026-09-01T08:56:50Z
DEU,NE.IMP.GNFS.ZS,Imports of goods and services (% of GDP),2024,37.66,https://api.worldbank.org/v2/country/USA;CHN;IND;EUU;VNM;MEX;JPN;KOR;THA;IDN;MYS;BRA;DEU;CAN/indicator/NE.IMP.GNFS.ZS?format=json&date=2015:2024&per_page=600,2026-09-01T08:56:50Z
EUU,NE.IMP.GNFS.ZS,Imports of goods and services (% of GDP),2015,41.89,https://api.worldbank.org/v2/country/USA;CHN;IND;EUU;VNM;MEX;JPN;KOR;THA;IDN;MYS;BRA;DEU;CAN/indicator/NE.IMP.GNFS.ZS?format=json&date=2015:2024&per_page=600,2026-09-01T08:56:50Z
EUU,NE.IMP.GNFS.ZS,Imports of goods and services (% of GDP),2016,41.5,https://api.worldbank.org/v2/country/USA;CHN;IND;EUU;VNM;MEX;JPN;KOR;THA;IDN;MYS;BRA;DEU;CAN/indicator/NE.IMP.GNFS.ZS?format=json&date=2015:2024&per_page=600,2026-09-01T08:56:50Z
EUU,NE.IMP.GNFS.ZS,Imports of goods and services (% of GDP),2017,43.26,https://api.worldbank.org/v2/country/USA;CHN;IND;EUU;VNM;MEX;JPN;KOR;THA;IDN;MYS;BRA;DEU;CAN/indicator/NE.IMP.GNFS.ZS?format=json&date=2015:2024&per_page=600,2026-09-01T08:56:50Z
EUU,NE.IMP.GNFS.ZS,Imports of goods and services (% of GDP),2018,44.54,https://api.worldbank.org/v2/country/USA;CHN;IND;EUU;VNM;MEX;JPN;KOR;THA;IDN;MYS;BRA;DEU;CAN/indicator/NE.IMP.GNFS.ZS?format=json&date=2015:2024&per_page=600,2026-09-01T08:56:50Z
EUU,NE.IMP.GNFS.ZS,Imports of goods and services (% of GDP),2019,45.14,https://api.worldbank.org/v2/country/USA;CHN;IND;EUU;VNM;MEX;JPN;KOR;THA;IDN;MYS;BRA;DEU;CAN/indicator/NE.IMP.GNFS.ZS?format=json&date=2015:2024&per_page=600,2026-09-01T08:56:50Z
EUU,NE.IMP.GNFS.ZS,Imports of goods and services (% of GDP),2020,42.22,https://api.worldbank.org/v2/country/USA;CHN;IND;EUU;VNM;MEX;JPN;KOR;THA;IDN;MYS;BRA;DEU;CAN/indicator/NE.IMP.GNFS.ZS?format=json&date=2015:2024&per_page=600,2026-09-01T08:56:50Z
EUU,NE.IMP.GNFS.ZS,Imports of goods and services (% of GDP),2021,45.91,https://api.worldbank.org/v2/country/USA;CHN;IND;EUU;VNM;MEX;JPN;KOR;THA;IDN;MYS;BRA;DEU;CAN/indicator/NE.IMP.GNFS.ZS?format=json&date=2015:2024&per_page=600,2026-09-01T08:56:50Z
EUU,NE.IMP.GNFS.ZS,Imports of goods and services (% of GDP),2022,53.43,https://api.worldbank.org/v2/country/USA;CHN;IND;EUU;VNM;MEX;JPN;KOR;THA;IDN;MYS;BRA;DEU;CAN/indicator/NE.IMP.GNFS.ZS?format=json&date=2015:2024&per_page=600,2026-09-01T08:56:50Z
EUU,NE.IMP.GNFS.ZS,Imports of goods and services (% of GDP),2023,48.11,https://api.worldbank.org/v2/country/USA;CHN;IND;EUU;VNM;MEX;JPN;KOR;THA;IDN;MYS;BRA;DEU;CAN/indicator/NE.IMP.GNFS.ZS?format=json&date=2015:2024&per_page=600,2026-09-01T08:56:50Z
EUU,NE.IMP.GNFS.ZS,Imports of goods and services (% of GDP),2024,46.11,https://api.worldbank.org/v2/country/USA;CHN;IND;EUU;VNM;MEX;JPN;KOR;THA;IDN;MYS;BRA;DEU;CAN/indicator/NE.IMP.GNFS.ZS?format=json&date=2015:2024&per_page=600,2026-09-01T08:56:50Z
IDN,NE.IMP.GNFS.ZS,Imports of goods and services (% of GDP),2015,20.78,https://api.worldbank.org/v2/country/USA;CHN;IND;EUU;VNM;MEX;JPN;KOR;THA;IDN;MYS;BRA;DEU;CAN/indicator/NE.IMP.GNFS.ZS?format=json&date=2015:2024&per_page=600,2026-09-01T08:56:50Z
IDN,NE.IMP.GNFS.ZS,Imports of goods and services (% of GDP),2016,18.33,https://api.worldbank.org/v2/country/USA;CHN;IND;EUU;VNM;MEX;JPN;KOR;THA;IDN;MYS;BRA;DEU;CAN/indicator/NE.IMP.GNFS.ZS?format=json&date=2015:2024&per_page=600,2026-09-01T08:56:50Z
IDN,NE.IMP.GNFS.ZS,Imports of goods and services (% of GDP),2017,19.18,https://api.worldbank.org/v2/country/USA;CHN;IND;EUU;VNM;MEX;JPN;KOR;THA;IDN;MYS;BRA;DEU;CAN/indicator/NE.IMP.GNFS.ZS?format=json&date=2015:2024&per_page=600,2026-09-01T08:56:50Z
IDN,NE.IMP.GNFS.ZS,Imports of goods and services (% of GDP),2018,22.07,https://api.worldbank.org/v2/country/USA;CHN;IND;EUU;VNM;MEX;JPN;KOR;THA;IDN;MYS;BRA;DEU;CAN/indicator/NE.IMP.GNFS.ZS?format=json&date=2015:2024&per_page=600,2026-09-01T08:56:50Z
IDN,NE.IMP.GNFS.ZS,Imports of goods and services (% of GDP),2019,19.04,https://api.worldbank.org/v2/country/USA;CHN;IND;EUU;VNM;MEX;JPN;KOR;THA;IDN;MYS;BRA;DEU;CAN/indicator/NE.IMP.GNFS.ZS?format=json&date=2015:2024&per_page=600,2026-09-01T08:56:50Z
IDN,NE.IMP.GNFS.ZS,Imports of goods and services (% of GDP),2020,15.64,https://api.worldbank.org/v2/country/USA;CHN;IND;EUU;VNM;MEX;JPN;KOR;THA;IDN;MYS;BRA;DEU;CAN/indicator/NE.IMP.GNFS.ZS?format=json&date=2015:2024&per_page=600,2026-09-01T08:56:50Z
IDN,NE.IMP.GNFS.ZS,Imports of goods and services (% of GDP),2021,18.79,https://api.worldbank.org/v2/country/USA;CHN;IND;EUU;VNM;MEX;JPN;KOR;THA;IDN;MYS;BRA;DEU;CAN/indicator/NE.IMP.GNFS.ZS?format=json&date=2015:2024&per_page=600,2026-09-01T08:56:50Z
IDN,NE.IMP.GNFS.ZS,Imports of goods and services (% of GDP),2022,20.96,https://api.worldbank.org/v2/country/USA;CHN;IND;EUU;VNM;MEX;JPN;KOR;THA;IDN;MYS;BRA;DEU;CAN/indicator/NE.IMP.GNFS.ZS?format=json&date=2015:2024&per_page=600,2026-09-01T08:56:50Z
IDN,NE.IMP.GNFS.ZS,Imports of goods and services (% of GDP),2023,19.65,https://api.worldbank.org/v2/country/USA;CHN;IND;EUU;VNM;MEX;JPN;KOR;THA;IDN;MYS;BRA;DEU;CAN/indicator/NE.IMP.GNFS.ZS?format=json&date=2015:2024&per_page=600,2026-09-01T08:56:50Z
IDN,NE.IMP.GNFS.ZS,Imports of goods and services (% of GDP),2024,20.5,https://api.worldbank.org/v2/country/USA;CHN;IND;EUU;VNM;MEX;JPN;KOR;THA;IDN;MYS;BRA;DEU;CAN/indicator/NE.IMP.GNFS.ZS?format=json&date=2015:2024&per_page=600,2026-09-01T08:56:50Z
IND,NE.IMP.GNFS.ZS,Imports of goods and services (% of GDP),2015,22.11,https://api.worldbank.org/v2/country/USA;CHN;IND;EUU;VNM;MEX;JPN;KOR;THA;IDN;MYS;BRA;DEU;CAN/indicator/NE.IMP.GNFS.ZS?format=json&date=2015:2024&per_page=600,2026-09-01T08:56:50Z
IND,NE.IMP.GNFS.ZS,Imports of goods and services (% of GDP),2016,20.92,https://api.worldbank.org/v2/country/USA;CHN;IND;EUU;VNM;MEX;JPN;KOR;THA;IDN;MYS;BRA;DEU;CAN/indicator/NE.IMP.GNFS.ZS?format=json&date=2015:2024&per_page=600,2026-09-01T08:56:50Z
IND,NE.IMP.GNFS.ZS,Imports of goods and services (% of GDP),2017,21.95,https://api.worldbank.org/v2/country/USA;CHN;IND;EUU;VNM;MEX;JPN;KOR;THA;IDN;MYS;BRA;DEU;CAN/indicator/NE.IMP.GNFS.ZS?format=json&date=2015:2024&per_page=600,2026-09-01T08:56:50Z
IND,NE.IMP.GNFS.ZS,Imports of goods and services (% of GDP),2018,23.69,https://api.worldbank.org/v2/country/USA;CHN;IND;EUU;VNM;MEX;JPN;KOR;THA;IDN;MYS;BRA;DEU;CAN/indicator/NE.IMP.GNFS.ZS?format=json&date=2015:2024&per_page=600,2026-09-01T08:56:50Z
IND,NE.IMP.GNFS.ZS,Imports of goods and services (% of GDP),2019,21.24,https://api.worldbank.org/v2/country/USA;CHN;IND;EUU;VNM;MEX;JPN;KOR;THA;IDN;MYS;BRA;DEU;CAN/indicator/NE.IMP.GNFS.ZS?format=json&date=2015:2024&per_page=600,2026-09-01T08:56:50Z
IND,NE.IMP.GNFS.ZS,Imports of goods and services (% of GDP),2020,19.08,https://api.worldbank.org/v2/country/USA;CHN;IND;EUU;VNM;MEX;JPN;KOR;THA;IDN;MYS;BRA;DEU;CAN/indicator/NE.IMP.GNFS.ZS?format=json&date=2015:2024&per_page=600,2026-09-01T08:56:50Z
IND,NE.IMP.GNFS.ZS,Imports of goods and services (% of GDP),2021,24.02,https://api.worldbank.org/v2/country/USA;CHN;IND;EUU;VNM;MEX;JPN;KOR;THA;IDN;MYS;BRA;DEU;CAN/indicator/NE.IMP.GNFS.ZS?format=json&date=2015:2024&per_page=600,2026-09-01T08:56:50Z
IND,NE.IMP.GNFS.ZS,Imports of goods and services (% of GDP),2022,26.66,https://api.worldbank.org/v2/country/USA;CHN;IND;EUU;VNM;MEX;JPN;KOR;THA;IDN;MYS;BRA;DEU;CAN/indicator/NE.IMP.GNFS.ZS?format=json&date=2015:2024&per_page=600,2026-09-01T08:56:50Z
IND,NE.IMP.GNFS.ZS,Imports of goods and services (% of GDP),2023,23.97,https://api.worldbank.org/v2/country/USA;CHN;IND;EUU;VNM;MEX;JPN;KOR;THA;IDN;MYS;BRA;DEU;CAN/indicator/NE.IMP.GNFS.ZS?format=json&date=2015:2024&per_page=600,2026-09-01T08:56:50Z
IND,NE.IMP.GNFS.ZS,Imports of goods and services (% of GDP),2024,23.85,https://api.worldbank.org/v2/country/USA;CHN;IND;EUU;VNM;MEX;JPN;KOR;THA;IDN;MYS;BRA;DEU;CAN/indicator/NE.IMP.GNFS.ZS?format=json&date=2015:2024&per_page=600,2026-09-01T08:56:50Z
JPN,NE.IMP.GNFS.ZS,Imports of goods and services (% of GDP),2015,17.64,https://api.worldbank.org/v2/country/USA;CHN;IND;EUU;VNM;MEX;JPN;KOR;THA;IDN;MYS;BRA;DEU;CAN/indicator/NE.IMP.GNFS.ZS?format=json&date=2015:2024&per_page=600,2026-09-01T08:56:50Z
JPN,NE.IMP.GNFS.ZS,Imports of goods and services (% of GDP),2016,14.93,https://api.worldbank.org/v2/country/USA;CHN;IND;EUU;VNM;MEX;JPN;KOR;THA;IDN;MYS;BRA;DEU;CAN/indicator/NE.IMP.GNFS.ZS?format=json&date=2015:2024&per_page=600,2026-09-01T08:56:50Z
JPN,NE.IMP.GNFS.ZS,Imports of goods and services (% of GDP),2017,16.47,https://api.worldbank.org/v2/country/USA;CHN;IND;EUU;VNM;MEX;JPN;KOR;THA;IDN;MYS;BRA;DEU;CAN/indicator/NE.IMP.GNFS.ZS?format=json&date=2015:2024&per_page=600,2026-09-01T08:56:50Z
JPN,NE.IMP.GNFS.ZS,Imports of goods and services (% of GDP),2018,17.89,https://api.worldbank.org/v2/country/USA;CHN;IND;EUU;VNM;MEX;JPN;KOR;THA;IDN;MYS;BRA;DEU;CAN/indicator/NE.IMP.GNFS.ZS?format=json&date=2015:2024&per_page=600,2026-09-01T08:56:50Z
JPN,NE.IMP.GNFS.ZS,Imports of goods and services (% of GDP),2019,17.32,https://api.worldbank.org/v2/country/USA;CHN;IND;EUU;VNM;MEX;JPN;KOR;THA;IDN;MYS;BRA;DEU;CAN/indicator/NE.IMP.GNFS.ZS?format=json&date=2015:2024&per_page=600,2026-09-01T08:56:50Z
JPN,NE.IMP.GNFS.ZS,Imports of goods and services (% of GDP),2020,15.39,https://api.worldbank.org/v2/country/USA;CHN;IND;EUU;VNM;MEX;JPN;KOR;THA;IDN;MYS;BRA;DEU;CAN/indicator/NE.IMP.GNFS.ZS?format=json&date=2015:2024&per_page=600,2026-09-01T08:56:50Z
JPN,NE.IMP.GNFS.ZS,Imports of goods and services (% of GDP),2021,17.96,https://api.worldbank.org/v2/country/USA;CHN;IND;EUU;VNM;MEX;JPN;KOR;THA;IDN;MYS;BRA;DEU;CAN/indicator/NE.IMP.GNFS.ZS?format=json&date=2015:2024&per_page=600,2026-09-01T08:56:50Z
JPN,NE.IMP.GNFS.ZS,Imports of goods and services (% of GDP),2022,24.21,https://api.worldbank.org/v2/country/USA;CHN;IND;EUU;VNM;MEX;JPN;KOR;THA;IDN;MYS;BRA;DEU;CAN/indicator/NE.IMP.GNFS.ZS?format=json&date=2015:2024&per_page=600,2026-09-01T08:56:50Z
JPN,NE.IMP.GNFS.ZS,Imports of goods and services (% of GDP),2023,22.54,https://api.worldbank.org/v2/country/USA;CHN;IND;EUU;VNM;MEX;JPN;KOR;THA;IDN;MYS;BRA;DEU;CAN/indicator/NE.IMP.GNFS.ZS?format=json&date=2015:2024&per_page=600,2026-09-01T08:56:50Z
JPN,NE.IMP.GNFS.ZS,Imports of goods and services (% of GDP),2024,22.87,https://api.worldbank.org/v2/country/USA;CHN;IND;EUU;VNM;MEX;JPN;KOR;THA;IDN;MYS;BRA;DEU;CAN/indicator/NE.IMP.GNFS.ZS?format=json&date=2015:2024&per_page=600,2026-09-01T08:56:50Z
KOR,NE.IMP.GNFS.ZS,Imports of goods and services (% of GDP),2015,34.42,https://api.worldbank.org/v2/country/USA;CHN;IND;EUU;VNM;MEX;JPN;KOR;THA;IDN;MYS;BRA;DEU;CAN/indicator/NE.IMP.GNFS.ZS?format=json&date=2015:2024&per_page=600,2026-09-01T08:56:50Z
KOR,NE.IMP.GNFS.ZS,Imports of goods and services (% of GDP),2016,31.79,https://api.worldbank.org/v2/country/USA;CHN;IND;EUU;VNM;MEX;JPN;KOR;THA;IDN;MYS;BRA;DEU;CAN/indicator/NE.IMP.GNFS.ZS?format=json&date=2015:2024&per_page=600,2026-09-01T08:56:50Z
KOR,NE.IMP.GNFS.ZS,Imports of goods and services (% of GDP),2017,34.34,https://api.worldbank.org/v2/country/USA;CHN;IND;EUU;VNM;MEX;JPN;KOR;THA;IDN;MYS;BRA;DEU;CAN/indicator/NE.IMP.GNFS.ZS?format=json&date=2015:2024&per_page=600,2026-09-01T08:56:50Z
KOR,NE.IMP.GNFS.ZS,Imports of goods and services (% of GDP),2018,35.26,https://api.worldbank.org/v2/country/USA;CHN;IND;EUU;VNM;MEX;JPN;KOR;THA;IDN;MYS;BRA;DEU;CAN/indicator/NE.IMP.GNFS.ZS?format=json&date=2015:2024&per_page=600,2026-09-01T08:56:50Z
KOR,NE.IMP.GNFS.ZS,Imports of goods and services (% of GDP),2019,34.41,https://api.worldbank.org/v2/country/USA;CHN;IND;EUU;VNM;MEX;JPN;KOR;THA;IDN;MYS;BRA;DEU;CAN/indicator/NE.IMP.GNFS.ZS?format=json&date=2015:2024&per_page=600,2026-09-01T08:56:50Z
KOR,NE.IMP.GNFS.ZS,Imports of goods and services (% of GDP),2020,30.93,https://api.worldbank.org/v2/country/USA;CHN;IND;EUU;VNM;MEX;JPN;KOR;THA;IDN;MYS;BRA;DEU;CAN/indicator/NE.IMP.GNFS.ZS?format=json&date=2015:2024&per_page=600,2026-09-01T08:56:50Z
KOR,NE.IMP.GNFS.ZS,Imports of goods and services (% of GDP),2021,35.97,https://api.worldbank.org/v2/country/USA;CHN;IND;EUU;VNM;MEX;JPN;KOR;THA;IDN;MYS;BRA;DEU;CAN/indicator/NE.IMP.GNFS.ZS?format=json&date=2015:2024&per_page=600,2026-09-01T08:56:50Z
KOR,NE.IMP.GNFS.ZS,Imports of goods and services (% of GDP),2022,45.29,https://api.worldbank.org/v2/country/USA;CHN;IND;EUU;VNM;MEX;JPN;KOR;THA;IDN;MYS;BRA;DEU;CAN/indicator/NE.IMP.GNFS.ZS?format=json&date=2015:2024&per_page=600,2026-09-01T08:56:50Z
KOR,NE.IMP.GNFS.ZS,Imports of goods and services (% of GDP),2023,40.94,https://api.worldbank.org/v2/country/USA;CHN;IND;EUU;VNM;MEX;JPN;KOR;THA;IDN;MYS;BRA;DEU;CAN/indicator/NE.IMP.GNFS.ZS?format=json&date=2015:2024&per_page=600,2026-09-01T08:56:50Z
KOR,NE.IMP.GNFS.ZS,Imports of goods and services (% of GDP),2024,40.28,https://api.worldbank.org/v2/country/USA;CHN;IND;EUU;VNM;MEX;JPN;KOR;THA;IDN;MYS;BRA;DEU;CAN/indicator/NE.IMP.GNFS.ZS?format=json&date=2015:2024&per_page=600,2026-09-01T08:56:50Z
MEX,NE.IMP.GNFS.ZS,Imports of goods and services (% of GDP),2015,36.25,https://api.worldbank.org/v2/country/USA;CHN;IND;EUU;VNM;MEX;JPN;KOR;THA;IDN;MYS;BRA;DEU;CAN/indicator/NE.IMP.GNFS.ZS?format=json&date=2015:2024&per_page=600,2026-09-01T08:56:50Z
MEX,NE.IMP.GNFS.ZS,Imports of goods and services (% of GDP),2016,38.87,https://api.worldbank.org/v2/country/USA;CHN;IND;EUU;VNM;MEX;JPN;KOR;THA;IDN;MYS;BRA;DEU;CAN/indicator/NE.IMP.GNFS.ZS?format=json&date=2015:2024&per_page=600,2026-09-01T08:56:50Z
MEX,NE.IMP.GNFS.ZS,Imports of goods and services (% of GDP),2017,39.44,https://api.worldbank.org/v2/country/USA;CHN;IND;EUU;VNM;MEX;JPN;KOR;THA;IDN;MYS;BRA;DEU;CAN/indicator/NE.IMP.GNFS.ZS?format=json&date=2015:2024&per_page=600,2026-09-01T08:56:50Z
MEX,NE.IMP.GNFS.ZS,Imports of goods and services (% of GDP),2018,41.17,https://api.worldbank.org/v2/country/USA;CHN;IND;EUU;VNM;MEX;JPN;KOR;THA;IDN;MYS;BRA;DEU;CAN/indicator/NE.IMP.GNFS.ZS?format=json&date=2015:2024&per_page=600,2026-09-01T08:56:50Z
MEX,NE.IMP.GNFS.ZS,Imports of goods and services (% of GDP),2019,38.93,https://api.worldbank.org/v2/country/USA;CHN;IND;EUU;VNM;MEX;JPN;KOR;THA;IDN;MYS;BRA;DEU;CAN/indicator/NE.IMP.GNFS.ZS?format=json&date=2015:2024&per_page=600,2026-09-01T08:56:50Z
MEX,NE.IMP.GNFS.ZS,Imports of goods and services (% of GDP),2020,37.62,https://api.worldbank.org/v2/country/USA;CHN;IND;EUU;VNM;MEX;JPN;KOR;THA;IDN;MYS;BRA;DEU;CAN/indicator/NE.IMP.GNFS.ZS?format=json&date=2015:2024&per_page=600,2026-09-01T08:56:50Z
MEX,NE.IMP.GNFS.ZS,Imports of goods and services (% of GDP),2021,42.5,https://api.worldbank.org/v2/country/USA;CHN;IND;EUU;VNM;MEX;JPN;KOR;THA;IDN;MYS;BRA;DEU;CAN/indicator/NE.IMP.GNFS.ZS?format=json&date=2015:2024&per_page=600,2026-09-01T08:56:50Z
MEX,NE.IMP.GNFS.ZS,Imports of goods and services (% of GDP),2022,45.87,https://api.worldbank.org/v2/country/USA;CHN;IND;EUU;VNM;MEX;JPN;KOR;THA;IDN;MYS;BRA;DEU;CAN/indicator/NE.IMP.GNFS.ZS?format=json&date=2015:2024&per_page=600,2026-09-01T08:56:50Z
MEX,NE.IMP.GNFS.ZS,Imports of goods and services (% of GDP),2023,37.59,https://api.worldbank.org/v2/country/USA;CHN;IND;EUU;VNM;MEX;JPN;KOR;THA;IDN;MYS;BRA;DEU;CAN/indicator/NE.IMP.GNFS.ZS?format=json&date=2015:2024&per_page=600,2026-09-01T08:56:50Z
MEX,NE.IMP.GNFS.ZS,Imports of goods and services (% of GDP),2024,38.14,https://api.worldbank.org/v2/country/USA;CHN;IND;EUU;VNM;MEX;JPN;KOR;THA;IDN;MYS;BRA;DEU;CAN/indicator/NE.IMP.GNFS.ZS?format=json&date=2015:2024&per_page=600,2026-09-01T08:56:50Z
MYS,NE.IMP.GNFS.ZS,Imports of goods and services (% of GDP),2015,61.92,https://api.worldbank.org/v2/country/USA;CHN;IND;EUU;VNM;MEX;JPN;KOR;THA;IDN;MYS;BRA;DEU;CAN/indicator/NE.IMP.GNFS.ZS?format=json&date=2015:2024&per_page=600,2026-09-01T08:56:50Z
MYS,NE.IMP.GNFS.ZS,Imports of goods and services (% of GDP),2016,60.12,https://api.worldbank.org/v2/country/USA;CHN;IND;EUU;VNM;MEX;JPN;KOR;THA;IDN;MYS;BRA;DEU;CAN/indicator/NE.IMP.GNFS.ZS?format=json&date=2015:2024&per_page=600,2026-09-01T08:56:50Z
MYS,NE.IMP.GNFS.ZS,Imports of goods and services (% of GDP),2017,63.14,https://api.worldbank.org/v2/country/USA;CHN;IND;EUU;VNM;MEX;JPN;KOR;THA;IDN;MYS;BRA;DEU;CAN/indicator/NE.IMP.GNFS.ZS?format=json&date=2015:2024&per_page=600,2026-09-01T08:56:50Z
MYS,NE.IMP.GNFS.ZS,Imports of goods and services (% of GDP),2018,61.85,https://api.worldbank.org/v2/country/USA;CHN;IND;EUU;VNM;MEX;JPN;KOR;THA;IDN;MYS;BRA;DEU;CAN/indicator/NE.IMP.GNFS.ZS?format=json&date=2015:2024&per_page=600,2026-09-01T08:56:50Z
MYS,NE.IMP.GNFS.ZS,Imports of goods and services (% of GDP),2019,57.75,https://api.worldbank.org/v2/country/USA;CHN;IND;EUU;VNM;MEX;JPN;KOR;THA;IDN;MYS;BRA;DEU;CAN/indicator/NE.IMP.GNFS.ZS?format=json&date=2015:2024&per_page=600,2026-09-01T08:56:50Z
MYS,NE.IMP.GNFS.ZS,Imports of goods and services (% of GDP),2020,55.21,https://api.worldbank.org/v2/country/USA;CHN;IND;EUU;VNM;MEX;JPN;KOR;THA;IDN;MYS;BRA;DEU;CAN/indicator/NE.IMP.GNFS.ZS?format=json&date=2015:2024&per_page=600,2026-09-01T08:56:50Z
MYS,NE.IMP.GNFS.ZS,Imports of goods and services (% of GDP),2021,63.4,https://api.worldbank.org/v2/country/USA;CHN;IND;EUU;VNM;MEX;JPN;KOR;THA;IDN;MYS;BRA;DEU;CAN/indicator/NE.IMP.GNFS.ZS?format=json&date=2015:2024&per_page=600,2026-09-01T08:56:50Z
MYS,NE.IMP.GNFS.ZS,Imports of goods and services (% of GDP),2022,69.62,https://api.worldbank.org/v2/country/USA;CHN;IND;EUU;VNM;MEX;JPN;KOR;THA;IDN;MYS;BRA;DEU;CAN/indicator/NE.IMP.GNFS.ZS?format=json&date=2015:2024&per_page=600,2026-09-01T08:56:50Z
MYS,NE.IMP.GNFS.ZS,Imports of goods and services (% of GDP),2023,63.91,https://api.worldbank.org/v2/country/USA;CHN;IND;EUU;VNM;MEX;JPN;KOR;THA;IDN;MYS;BRA;DEU;CAN/indicator/NE.IMP.GNFS.ZS?format=json&date=2015:2024&per_page=600,2026-09-01T08:56:50Z
MYS,NE.IMP.GNFS.ZS,Imports of goods and services (% of GDP),2024,66.02,https://api.worldbank.org/v2/country/USA;CHN;IND;EUU;VNM;MEX;JPN;KOR;THA;IDN;MYS;BRA;DEU;CAN/indicator/NE.IMP.GNFS.ZS?format=json&date=2015:2024&per_page=600,2026-09-01T08:56:50Z
THA,NE.IMP.GNFS.ZS,Imports of goods and services (% of GDP),2015,57.2,https://api.worldbank.org/v2/country/USA;CHN;IND;EUU;VNM;MEX;JPN;KOR;THA;IDN;MYS;BRA;DEU;CAN/indicator/NE.IMP.GNFS.ZS?format=json&date=2015:2024&per_page=600,2026-09-01T08:56:50Z
THA,NE.IMP.GNFS.ZS,Imports of goods and services (% of GDP),2016,53.5,https://api.worldbank.org/v2/country/USA;CHN;IND;EUU;VNM;MEX;JPN;KOR;THA;IDN;MYS;BRA;DEU;CAN/indicator/NE.IMP.GNFS.ZS?format=json&date=2015:2024&per_page=600,2026-09-01T08:56:50Z
THA,NE.IMP.GNFS.ZS,Imports of goods and services (% of GDP),2017,54.22,https://api.worldbank.org/v2/country/USA;CHN;IND;EUU;VNM;MEX;JPN;KOR;THA;IDN;MYS;BRA;DEU;CAN/indicator/NE.IMP.GNFS.ZS?format=json&date=2015:2024&per_page=600,2026-09-01T08:56:50Z
THA,NE.IMP.GNFS.ZS,Imports of goods and services (% of GDP),2018,56.0,https://api.worldbank.org/v2/country/USA;CHN;IND;EUU;VNM;MEX;JPN;KOR;THA;IDN;MYS;BRA;DEU;CAN/indicator/NE.IMP.GNFS.ZS?format=json&date=2015:2024&per_page=600,2026-09-01T08:56:50Z
THA,NE.IMP.GNFS.ZS,Imports of goods and services (% of GDP),2019,50.17,https://api.worldbank.org/v2/country/USA;CHN;IND;EUU;VNM;MEX;JPN;KOR;THA;IDN;MYS;BRA;DEU;CAN/indicator/NE.IMP.GNFS.ZS?format=json&date=2015:2024&per_page=600,2026-09-01T08:56:50Z
THA,NE.IMP.GNFS.ZS,Imports of goods and services (% of GDP),2020,46.32,https://api.worldbank.org/v2/country/USA;CHN;IND;EUU;VNM;MEX;JPN;KOR;THA;IDN;MYS;BRA;DEU;CAN/indicator/NE.IMP.GNFS.ZS?format=json&date=2015:2024&per_page=600,2026-09-01T08:56:50Z
THA,NE.IMP.GNFS.ZS,Imports of goods and services (% of GDP),2021,58.71,https://api.worldbank.org/v2/country/USA;CHN;IND;EUU;VNM;MEX;JPN;KOR;THA;IDN;MYS;BRA;DEU;CAN/indicator/NE.IMP.GNFS.ZS?format=json&date=2015:2024&per_page=600,2026-09-01T08:56:50Z
THA,NE.IMP.GNFS.ZS,Imports of goods and services (% of GDP),2022,67.48,https://api.worldbank.org/v2/country/USA;CHN;IND;EUU;VNM;MEX;JPN;KOR;THA;IDN;MYS;BRA;DEU;CAN/indicator/NE.IMP.GNFS.ZS?format=json&date=2015:2024&per_page=600,2026-09-01T08:56:50Z
THA,NE.IMP.GNFS.ZS,Imports of goods and services (% of GDP),2023,63.28,https://api.worldbank.org/v2/country/USA;CHN;IND;EUU;VNM;MEX;JPN;KOR;THA;IDN;MYS;BRA;DEU;CAN/indicator/NE.IMP.GNFS.ZS?format=json&date=2015:2024&per_page=600,2026-09-01T08:56:50Z
THA,NE.IMP.GNFS.ZS,Imports of goods and services (% of GDP),2024,66.05,https://api.worldbank.org/v2/country/USA;CHN;IND;EUU;VNM;MEX;JPN;KOR;THA;IDN;MYS;BRA;DEU;CAN/indicator/NE.IMP.GNFS.ZS?format=json&date=2015:2024&per_page=600,2026-09-01T08:56:50Z
USA,NE.IMP.GNFS.ZS,Imports of goods and services (% of GDP),2015,15.28,https://api.worldbank.org/v2/country/USA;CHN;IND;EUU;VNM;MEX;JPN;KOR;THA;IDN;MYS;BRA;DEU;CAN/indicator/NE.IMP.GNFS.ZS?format=json&date=2015:2024&per_page=600,2026-09-01T08:56:50Z
USA,NE.IMP.GNFS.ZS,Imports of goods and services (% of GDP),2016,14.56,https://api.worldbank.org/v2/country/USA;CHN;IND;EUU;VNM;MEX;JPN;KOR;THA;IDN;MYS;BRA;DEU;CAN/indicator/NE.IMP.GNFS.ZS?format=json&date=2015:2024&per_page=600,2026-09-01T08:56:50Z
USA,NE.IMP.GNFS.ZS,Imports of goods and services (% of GDP),2017,14.95,https://api.worldbank.org/v2/country/USA;CHN;IND;EUU;VNM;MEX;JPN;KOR;THA;IDN;MYS;BRA;DEU;CAN/indicator/NE.IMP.GNFS.ZS?format=json&date=2015:2024&per_page=600,2026-09-01T08:56:50Z
USA,NE.IMP.GNFS.ZS,Imports of goods and services (% of GDP),2018,15.16,https://api.worldbank.org/v2/country/USA;CHN;IND;EUU;VNM;MEX;JPN;KOR;THA;IDN;MYS;BRA;DEU;CAN/indicator/NE.IMP.GNFS.ZS?format=json&date=2015:2024&per_page=600,2026-09-01T08:56:50Z
USA,NE.IMP.GNFS.ZS,Imports of goods and services (% of GDP),2019,14.47,https://api.worldbank.org/v2/country/USA;CHN;IND;EUU;VNM;MEX;JPN;KOR;THA;IDN;MYS;BRA;DEU;CAN/indicator/NE.IMP.GNFS.ZS?format=json&date=2015:2024&per_page=600,2026-09-01T08:56:50Z
USA,NE.IMP.GNFS.ZS,Imports of goods and services (% of GDP),2020,13.02,https://api.worldbank.org/v2/country/USA;CHN;IND;EUU;VNM;MEX;JPN;KOR;THA;IDN;MYS;BRA;DEU;CAN/indicator/NE.IMP.GNFS.ZS?format=json&date=2015:2024&per_page=600,2026-09-01T08:56:50Z
USA,NE.IMP.GNFS.ZS,Imports of goods and services (% of GDP),2021,14.41,https://api.worldbank.org/v2/country/USA;CHN;IND;EUU;VNM;MEX;JPN;KOR;THA;IDN;MYS;BRA;DEU;CAN/indicator/NE.IMP.GNFS.ZS?format=json&date=2015:2024&per_page=600,2026-09-01T08:56:50Z
USA,NE.IMP.GNFS.ZS,Imports of goods and services (% of GDP),2022,15.25,https://api.worldbank.org/v2/country/USA;CHN;IND;EUU;VNM;MEX;JPN;KOR;THA;IDN;MYS;BRA;DEU;CAN/indicator/NE.IMP.GNFS.ZS?format=json&date=2015:2024&per_page=600,2026-09-01T08:56:50Z
USA,NE.IMP.GNFS.ZS,Imports of goods and services (% of GDP),2023,13.88,https://api.worldbank.org/v2/country/USA;CHN;IND;EUU;VNM;MEX;JPN;KOR;THA;IDN;MYS;BRA;DEU;CAN/indicator/NE.IMP.GNFS.ZS?format=json&date=2015:2024&per_page=600,2026-09-01T08:56:50Z
USA,NE.IMP.GNFS.ZS,Imports of goods and services (% of GDP),2024,14.04,https://api.worldbank.org/v2/country/USA;CHN;IND;EUU;VNM;MEX;JPN;KOR;THA;IDN;MYS;BRA;DEU;CAN/indicator/NE.IMP.GNFS.ZS?format=json&date=2015:2024&per_page=600,2026-09-01T08:56:50Z
VNM,NE.IMP.GNFS.ZS,Imports of goods and services (% of GDP),2015,71.99,https://api.worldbank.org/v2/country/USA;CHN;IND;EUU;VNM;MEX;JPN;KOR;THA;IDN;MYS;BRA;DEU;CAN/indicator/NE.IMP.GNFS.ZS?format=json&date=2015:2024&per_page=600,2026-09-01T08:56:50Z
VNM,NE.IMP.GNFS.ZS,Imports of goods and services (% of GDP),2016,71.3,https://api.worldbank.org/v2/country/USA;CHN;IND;EUU;VNM;MEX;JPN;KOR;THA;IDN;MYS;BRA;DEU;CAN/indicator/NE.IMP.GNFS.ZS?format=json&date=2015:2024&per_page=600,2026-09-01T08:56:50Z
VNM,NE.IMP.GNFS.ZS,Imports of goods and services (% of GDP),2017,79.22,https://api.worldbank.org/v2/country/USA;CHN;IND;EUU;VNM;MEX;JPN;KOR;THA;IDN;MYS;BRA;DEU;CAN/indicator/NE.IMP.GNFS.ZS?format=json&date=2015:2024&per_page=600,2026-09-01T08:56:50Z
VNM,NE.IMP.GNFS.ZS,Imports of goods and services (% of GDP),2018,80.24,https://api.worldbank.org/v2/country/USA;CHN;IND;EUU;VNM;MEX;JPN;KOR;THA;IDN;MYS;BRA;DEU;CAN/indicator/NE.IMP.GNFS.ZS?format=json&date=2015:2024&per_page=600,2026-09-01T08:56:50Z
VNM,NE.IMP.GNFS.ZS,Imports of goods and services (% of GDP),2019,79.55,https://api.worldbank.org/v2/country/USA;CHN;IND;EUU;VNM;MEX;JPN;KOR;THA;IDN;MYS;BRA;DEU;CAN/indicator/NE.IMP.GNFS.ZS?format=json&date=2015:2024&per_page=600,2026-09-01T08:56:50Z
VNM,NE.IMP.GNFS.ZS,Imports of goods and services (% of GDP),2020,78.86,https://api.worldbank.org/v2/country/USA;CHN;IND;EUU;VNM;MEX;JPN;KOR;THA;IDN;MYS;BRA;DEU;CAN/indicator/NE.IMP.GNFS.ZS?format=json&date=2015:2024&per_page=600,2026-09-01T08:56:50Z
VNM,NE.IMP.GNFS.ZS,Imports of goods and services (% of GDP),2021,92.83,https://api.worldbank.org/v2/country/USA;CHN;IND;EUU;VNM;MEX;JPN;KOR;THA;IDN;MYS;BRA;DEU;CAN/indicator/NE.IMP.GNFS.ZS?format=json&date=2015:2024&per_page=600,2026-09-01T08:56:50Z
VNM,NE.IMP.GNFS.ZS,Imports of goods and services (% of GDP),2022,89.73,https://api.worldbank.org/v2/country/USA;CHN;IND;EUU;VNM;MEX;JPN;KOR;THA;IDN;MYS;BRA;DEU;CAN/indicator/NE.IMP.GNFS.ZS?format=json&date=2015:2024&per_page=600,2026-09-01T08:56:50Z
VNM,NE.IMP.GNFS.ZS,Imports of goods and services (% of GDP),2023,78.26,https://api.worldbank.org/v2/country/USA;CHN;IND;EUU;VNM;MEX;JPN;KOR;THA;IDN;MYS;BRA;DEU;CAN/indicator/NE.IMP.GNFS.ZS?format=json&date=2015:2024&per_page=600,2026-09-01T08:56:50Z
VNM,NE.IMP.GNFS.ZS,Imports of goods and services (% of GDP),2024,83.72,https://api.worldbank.org/v2/country/USA;CHN;IND;EUU;VNM;MEX;JPN;KOR;THA;IDN;MYS;BRA;DEU;CAN/indicator/NE.IMP.GNFS.ZS?format=json&date=2015:2024&per_page=600,2026-09-01T08:56:50Z
BRA,NV.IND.MANF.ZS,"Manufacturing, value added (% of GDP)",2015,10.52,https://api.worldbank.org/v2/country/USA;CHN;IND;EUU;VNM;MEX;JPN;KOR;THA;IDN;MYS;BRA;DEU;CAN/indicator/NV.IND.MANF.ZS?format=json&date=2015:2024&per_page=600,2026-09-01T08:56:50Z
BRA,NV.IND.MANF.ZS,"Manufacturing, value added (% of GDP)",2016,10.79,https://api.worldbank.org/v2/country/USA;CHN;IND;EUU;VNM;MEX;JPN;KOR;THA;IDN;MYS;BRA;DEU;CAN/indicator/NV.IND.MANF.ZS?format=json&date=2015:2024&per_page=600,2026-09-01T08:56:50Z
BRA,NV.IND.MANF.ZS,"Manufacturing, value added (% of GDP)",2017,10.72,https://api.worldbank.org/v2/country/USA;CHN;IND;EUU;VNM;MEX;JPN;KOR;THA;IDN;MYS;BRA;DEU;CAN/indicator/NV.IND.MANF.ZS?format=json&date=2015:2024&per_page=600,2026-09-01T08:56:50Z
BRA,NV.IND.MANF.ZS,"Manufacturing, value added (% of GDP)",2018,10.53,https://api.worldbank.org/v2/country/USA;CHN;IND;EUU;VNM;MEX;JPN;KOR;THA;IDN;MYS;BRA;DEU;CAN/indicator/NV.IND.MANF.ZS?format=json&date=2015:2024&per_page=600,2026-09-01T08:56:50Z
BRA,NV.IND.MANF.ZS,"Manufacturing, value added (% of GDP)",2019,10.33,https://api.worldbank.org/v2/country/USA;CHN;IND;EUU;VNM;MEX;JPN;KOR;THA;IDN;MYS;BRA;DEU;CAN/indicator/NV.IND.MANF.ZS?format=json&date=2015:2024&per_page=600,2026-09-01T08:56:50Z
BRA,NV.IND.MANF.ZS,"Manufacturing, value added (% of GDP)",2020,10.69,https://api.worldbank.org/v2/country/USA;CHN;IND;EUU;VNM;MEX;JPN;KOR;THA;IDN;MYS;BRA;DEU;CAN/indicator/NV.IND.MANF.ZS?format=json&date=2015:2024&per_page=600,2026-09-01T08:56:50Z
BRA,NV.IND.MANF.ZS,"Manufacturing, value added (% of GDP)",2021,11.9,https://api.worldbank.org/v2/country/USA;CHN;IND;EUU;VNM;MEX;JPN;KOR;THA;IDN;MYS;BRA;DEU;CAN/indicator/NV.IND.MANF.ZS?format=json&date=2015:2024&per_page=600,2026-09-01T08:56:50Z
BRA,NV.IND.MANF.ZS,"Manufacturing, value added (% of GDP)",2022,13.07,https://api.worldbank.org/v2/country/USA;CHN;IND;EUU;VNM;MEX;JPN;KOR;THA;IDN;MYS;BRA;DEU;CAN/indicator/NV.IND.MANF.ZS?format=json&date=2015:2024&per_page=600,2026-09-01T08:56:50Z
BRA,NV.IND.MANF.ZS,"Manufacturing, value added (% of GDP)",2023,13.25,https://api.worldbank.org/v2/country/USA;CHN;IND;EUU;VNM;MEX;JPN;KOR;THA;IDN;MYS;BRA;DEU;CAN/indicator/NV.IND.MANF.ZS?format=json&date=2015:2024&per_page=600,2026-09-01T08:56:50Z
BRA,NV.IND.MANF.ZS,"Manufacturing, value added (% of GDP)",2024,12.11,https://api.worldbank.org/v2/country/USA;CHN;IND;EUU;VNM;MEX;JPN;KOR;THA;IDN;MYS;BRA;DEU;CAN/indicator/NV.IND.MANF.ZS?format=json&date=2015:2024&per_page=600,2026-09-01T08:56:50Z
CAN,NV.IND.MANF.ZS,"Manufacturing, value added (% of GDP)",2015,10.31,https://api.worldbank.org/v2/country/USA;CHN;IND;EUU;VNM;MEX;JPN;KOR;THA;IDN;MYS;BRA;DEU;CAN/indicator/NV.IND.MANF.ZS?format=json&date=2015:2024&per_page=600,2026-09-01T08:56:50Z
CAN,NV.IND.MANF.ZS,"Manufacturing, value added (% of GDP)",2016,10.25,https://api.worldbank.org/v2/country/USA;CHN;IND;EUU;VNM;MEX;JPN;KOR;THA;IDN;MYS;BRA;DEU;CAN/indicator/NV.IND.MANF.ZS?format=json&date=2015:2024&per_page=600,2026-09-01T08:56:50Z
CAN,NV.IND.MANF.ZS,"Manufacturing, value added (% of GDP)",2017,10.0,https://api.worldbank.org/v2/country/USA;CHN;IND;EUU;VNM;MEX;JPN;KOR;THA;IDN;MYS;BRA;DEU;CAN/indicator/NV.IND.MANF.ZS?format=json&date=2015:2024&per_page=600,2026-09-01T08:56:50Z
CAN,NV.IND.MANF.ZS,"Manufacturing, value added (% of GDP)",2018,10.18,https://api.worldbank.org/v2/country/USA;CHN;IND;EUU;VNM;MEX;JPN;KOR;THA;IDN;MYS;BRA;DEU;CAN/indicator/NV.IND.MANF.ZS?format=json&date=2015:2024&per_page=600,2026-09-01T08:56:50Z
CAN,NV.IND.MANF.ZS,"Manufacturing, value added (% of GDP)",2019,9.61,https://api.worldbank.org/v2/country/USA;CHN;IND;EUU;VNM;MEX;JPN;KOR;THA;IDN;MYS;BRA;DEU;CAN/indicator/NV.IND.MANF.ZS?format=json&date=2015:2024&per_page=600,2026-09-01T08:56:50Z
CAN,NV.IND.MANF.ZS,"Manufacturing, value added (% of GDP)",2020,9.3,https://api.worldbank.org/v2/country/USA;CHN;IND;EUU;VNM;MEX;JPN;KOR;THA;IDN;MYS;BRA;DEU;CAN/indicator/NV.IND.MANF.ZS?format=json&date=2015:2024&per_page=600,2026-09-01T08:56:50Z
CAN,NV.IND.MANF.ZS,"Manufacturing, value added (% of GDP)",2021,9.53,https://api.worldbank.org/v2/country/USA;CHN;IND;EUU;VNM;MEX;JPN;KOR;THA;IDN;MYS;BRA;DEU;CAN/indicator/NV.IND.MANF.ZS?format=json&date=2015:2024&per_page=600,2026-09-01T08:56:50Z
CAN,NV.IND.MANF.ZS,"Manufacturing, value added (% of GDP)",2022,9.32,https://api.worldbank.org/v2/country/USA;CHN;IND;EUU;VNM;MEX;JPN;KOR;THA;IDN;MYS;BRA;DEU;CAN/indicator/NV.IND.MANF.ZS?format=json&date=2015:2024&per_page=600,2026-09-01T08:56:50Z
CHN,NV.IND.MANF.ZS,"Manufacturing, value added (% of GDP)",2015,28.39,https://api.worldbank.org/v2/country/USA;CHN;IND;EUU;VNM;MEX;JPN;KOR;THA;IDN;MYS;BRA;DEU;CAN/indicator/NV.IND.MANF.ZS?format=json&date=2015:2024&per_page=600,2026-09-01T08:56:50Z
CHN,NV.IND.MANF.ZS,"Manufacturing, value added (% of GDP)",2016,27.52,https://api.worldbank.org/v2/country/USA;CHN;IND;EUU;VNM;MEX;JPN;KOR;THA;IDN;MYS;BRA;DEU;CAN/indicator/NV.IND.MANF.ZS?format=json&date=2015:2024&per_page=600,2026-09-01T08:56:50Z
CHN,NV.IND.MANF.ZS,"Manufacturing, value added (% of GDP)",2017,27.6,https://api.worldbank.org/v2/country/USA;CHN;IND;EUU;VNM;MEX;JPN;KOR;THA;IDN;MYS;BRA;DEU;CAN/indicator/NV.IND.MANF.ZS?format=json&date=2015:2024&per_page=600,2026-09-01T08:56:50Z
CHN,NV.IND.MANF.ZS,"Manufacturing, value added (% of GDP)",2018,27.34,https://api.worldbank.org/v2/country/USA;CHN;IND;EUU;VNM;MEX;JPN;KOR;THA;IDN;MYS;BRA;DEU;CAN/indicator/NV.IND.MANF.ZS?format=json&date=2015:2024&per_page=600,2026-09-01T08:56:50Z
CHN,NV.IND.MANF.ZS,"Manufacturing, value added (% of GDP)",2019,26.26,https://api.worldbank.org/v2/country/USA;CHN;IND;EUU;VNM;MEX;JPN;KOR;THA;IDN;MYS;BRA;DEU;CAN/indicator/NV.IND.MANF.ZS?format=json&date=2015:2024&per_page=600,2026-09-01T08:56:50Z
CHN,NV.IND.MANF.ZS,"Manufacturing, value added (% of GDP)",2020,25.58,https://api.worldbank.org/v2/country/USA;CHN;IND;EUU;VNM;MEX;JPN;KOR;THA;IDN;MYS;BRA;DEU;CAN/indicator/NV.IND.MANF.ZS?format=json&date=2015:2024&per_page=600,2026-09-01T08:56:50Z
CHN,NV.IND.MANF.ZS,"Manufacturing, value added (% of GDP)",2021,26.62,https://api.worldbank.org/v2/country/USA;CHN;IND;EUU;VNM;MEX;JPN;KOR;THA;IDN;MYS;BRA;DEU;CAN/indicator/NV.IND.MANF.ZS?format=json&date=2015:2024&per_page=600,2026-09-01T08:56:50Z
CHN,NV.IND.MANF.ZS,"Manufacturing, value added (% of GDP)",2022,25.98,https://api.worldbank.org/v2/country/USA;CHN;IND;EUU;VNM;MEX;JPN;KOR;THA;IDN;MYS;BRA;DEU;CAN/indicator/NV.IND.MANF.ZS?format=json&date=2015:2024&per_page=600,2026-09-01T08:56:50Z
CHN,NV.IND.MANF.ZS,"Manufacturing, value added (% of GDP)",2023,25.01,https://api.worldbank.org/v2/country/USA;CHN;IND;EUU;VNM;MEX;JPN;KOR;THA;IDN;MYS;BRA;DEU;CAN/indicator/NV.IND.MANF.ZS?format=json&date=2015:2024&per_page=600,2026-09-01T08:56:50Z
CHN,NV.IND.MANF.ZS,"Manufacturing, value added (% of GDP)",2024,24.84,https://api.worldbank.org/v2/country/USA;CHN;IND;EUU;VNM;MEX;JPN;KOR;THA;IDN;MYS;BRA;DEU;CAN/indicator/NV.IND.MANF.ZS?format=json&date=2015:2024&per_page=600,2026-09-01T08:56:50Z
DEU,NV.IND.MANF.ZS,"Manufacturing, value added (% of GDP)",2015,20.14,https://api.worldbank.org/v2/country/USA;CHN;IND;EUU;VNM;MEX;JPN;KOR;THA;IDN;MYS;BRA;DEU;CAN/indicator/NV.IND.MANF.ZS?format=json&date=2015:2024&per_page=600,2026-09-01T08:56:50Z
DEU,NV.IND.MANF.ZS,"Manufacturing, value added (% of GDP)",2016,20.41,https://api.worldbank.org/v2/country/USA;CHN;IND;EUU;VNM;MEX;JPN;KOR;THA;IDN;MYS;BRA;DEU;CAN/indicator/NV.IND.MANF.ZS?format=json&date=2015:2024&per_page=600,2026-09-01T08:56:50Z
DEU,NV.IND.MANF.ZS,"Manufacturing, value added (% of GDP)",2017,20.09,https://api.worldbank.org/v2/country/USA;CHN;IND;EUU;VNM;MEX;JPN;KOR;THA;IDN;MYS;BRA;DEU;CAN/indicator/NV.IND.MANF.ZS?format=json&date=2015:2024&per_page=600,2026-09-01T08:56:50Z
DEU,NV.IND.MANF.ZS,"Manufacturing, value added (% of GDP)",2018,19.81,https://api.worldbank.org/v2/country/USA;CHN;IND;EUU;VNM;MEX;JPN;KOR;THA;IDN;MYS;BRA;DEU;CAN/indicator/NV.IND.MANF.ZS?format=json&date=2015:2024&per_page=600,2026-09-01T08:56:50Z
DEU,NV.IND.MANF.ZS,"Manufacturing, value added (% of GDP)",2019,19.31,https://api.worldbank.org/v2/country/USA;CHN;IND;EUU;VNM;MEX;JPN;KOR;THA;IDN;MYS;BRA;DEU;CAN/indicator/NV.IND.MANF.ZS?format=json&date=2015:2024&per_page=600,2026-09-01T08:56:50Z
DEU,NV.IND.MANF.ZS,"Manufacturing, value added (% of GDP)",2020,18.53,https://api.worldbank.org/v2/country/USA;CHN;IND;EUU;VNM;MEX;JPN;KOR;THA;IDN;MYS;BRA;DEU;CAN/indicator/NV.IND.MANF.ZS?format=json&date=2015:2024&per_page=600,2026-09-01T08:56:50Z
DEU,NV.IND.MANF.ZS,"Manufacturing, value added (% of GDP)",2021,18.57,https://api.worldbank.org/v2/country/USA;CHN;IND;EUU;VNM;MEX;JPN;KOR;THA;IDN;MYS;BRA;DEU;CAN/indicator/NV.IND.MANF.ZS?format=json&date=2015:2024&per_page=600,2026-09-01T08:56:50Z
DEU,NV.IND.MANF.ZS,"Manufacturing, value added (% of GDP)",2022,18.32,https://api.worldbank.org/v2/country/USA;CHN;IND;EUU;VNM;MEX;JPN;KOR;THA;IDN;MYS;BRA;DEU;CAN/indicator/NV.IND.MANF.ZS?format=json&date=2015:2024&per_page=600,2026-09-01T08:56:50Z
DEU,NV.IND.MANF.ZS,"Manufacturing, value added (% of GDP)",2023,18.94,https://api.worldbank.org/v2/country/USA;CHN;IND;EUU;VNM;MEX;JPN;KOR;THA;IDN;MYS;BRA;DEU;CAN/indicator/NV.IND.MANF.ZS?format=json&date=2015:2024&per_page=600,2026-09-01T08:56:50Z
DEU,NV.IND.MANF.ZS,"Manufacturing, value added (% of GDP)",2024,18.01,https://api.worldbank.org/v2/country/USA;CHN;IND;EUU;VNM;MEX;JPN;KOR;THA;IDN;MYS;BRA;DEU;CAN/indicator/NV.IND.MANF.ZS?format=json&date=2015:2024&per_page=600,2026-09-01T08:56:50Z
EUU,NV.IND.MANF.ZS,"Manufacturing, value added (% of GDP)",2015,15.19,https://api.worldbank.org/v2/country/USA;CHN;IND;EUU;VNM;MEX;JPN;KOR;THA;IDN;MYS;BRA;DEU;CAN/indicator/NV.IND.MANF.ZS?format=json&date=2015:2024&per_page=600,2026-09-01T08:56:50Z
EUU,NV.IND.MANF.ZS,"Manufacturing, value added (% of GDP)",2016,15.26,https://api.worldbank.org/v2/country/USA;CHN;IND;EUU;VNM;MEX;JPN;KOR;THA;IDN;MYS;BRA;DEU;CAN/indicator/NV.IND.MANF.ZS?format=json&date=2015:2024&per_page=600,2026-09-01T08:56:50Z
EUU,NV.IND.MANF.ZS,"Manufacturing, value added (% of GDP)",2017,15.19,https://api.worldbank.org/v2/country/USA;CHN;IND;EUU;VNM;MEX;JPN;KOR;THA;IDN;MYS;BRA;DEU;CAN/indicator/NV.IND.MANF.ZS?format=json&date=2015:2024&per_page=600,2026-09-01T08:56:50Z
EUU,NV.IND.MANF.ZS,"Manufacturing, value added (% of GDP)",2018,15.08,https://api.worldbank.org/v2/country/USA;CHN;IND;EUU;VNM;MEX;JPN;KOR;THA;IDN;MYS;BRA;DEU;CAN/indicator/NV.IND.MANF.ZS?format=json&date=2015:2024&per_page=600,2026-09-01T08:56:50Z
EUU,NV.IND.MANF.ZS,"Manufacturing, value added (% of GDP)",2019,14.87,https://api.worldbank.org/v2/country/USA;CHN;IND;EUU;VNM;MEX;JPN;KOR;THA;IDN;MYS;BRA;DEU;CAN/indicator/NV.IND.MANF.ZS?format=json&date=2015:2024&per_page=600,2026-09-01T08:56:50Z
EUU,NV.IND.MANF.ZS,"Manufacturing, value added (% of GDP)",2020,14.54,https://api.worldbank.org/v2/country/USA;CHN;IND;EUU;VNM;MEX;JPN;KOR;THA;IDN;MYS;BRA;DEU;CAN/indicator/NV.IND.MANF.ZS?format=json&date=2015:2024&per_page=600,2026-09-01T08:56:50Z
EUU,NV.IND.MANF.ZS,"Manufacturing, value added (% of GDP)",2021,14.71,https://api.worldbank.org/v2/country/USA;CHN;IND;EUU;VNM;MEX;JPN;KOR;THA;IDN;MYS;BRA;DEU;CAN/indicator/NV.IND.MANF.ZS?format=json&date=2015:2024&per_page=600,2026-09-01T08:56:50Z
EUU,NV.IND.MANF.ZS,"Manufacturing, value added (% of GDP)",2022,14.87,https://api.worldbank.org/v2/country/USA;CHN;IND;EUU;VNM;MEX;JPN;KOR;THA;IDN;MYS;BRA;DEU;CAN/indicator/NV.IND.MANF.ZS?format=json&date=2015:2024&per_page=600,2026-09-01T08:56:50Z
EUU,NV.IND.MANF.ZS,"Manufacturing, value added (% of GDP)",2023,14.85,https://api.worldbank.org/v2/country/USA;CHN;IND;EUU;VNM;MEX;JPN;KOR;THA;IDN;MYS;BRA;DEU;CAN/indicator/NV.IND.MANF.ZS?format=json&date=2015:2024&per_page=600,2026-09-01T08:56:50Z
EUU,NV.IND.MANF.ZS,"Manufacturing, value added (% of GDP)",2024,14.34,https://api.worldbank.org/v2/country/USA;CHN;IND;EUU;VNM;MEX;JPN;KOR;THA;IDN;MYS;BRA;DEU;CAN/indicator/NV.IND.MANF.ZS?format=json&date=2015:2024&per_page=600,2026-09-01T08:56:50Z
IDN,NV.IND.MANF.ZS,"Manufacturing, value added (% of GDP)",2015,20.99,https://api.worldbank.org/v2/country/USA;CHN;IND;EUU;VNM;MEX;JPN;KOR;THA;IDN;MYS;BRA;DEU;CAN/indicator/NV.IND.MANF.ZS?format=json&date=2015:2024&per_page=600,2026-09-01T08:56:50Z
IDN,NV.IND.MANF.ZS,"Manufacturing, value added (% of GDP)",2016,20.52,https://api.worldbank.org/v2/country/USA;CHN;IND;EUU;VNM;MEX;JPN;KOR;THA;IDN;MYS;BRA;DEU;CAN/indicator/NV.IND.MANF.ZS?format=json&date=2015:2024&per_page=600,2026-09-01T08:56:50Z
IDN,NV.IND.MANF.ZS,"Manufacturing, value added (% of GDP)",2017,20.16,https://api.worldbank.org/v2/country/USA;CHN;IND;EUU;VNM;MEX;JPN;KOR;THA;IDN;MYS;BRA;DEU;CAN/indicator/NV.IND.MANF.ZS?format=json&date=2015:2024&per_page=600,2026-09-01T08:56:50Z
IDN,NV.IND.MANF.ZS,"Manufacturing, value added (% of GDP)",2018,19.86,https://api.worldbank.org/v2/country/USA;CHN;IND;EUU;VNM;MEX;JPN;KOR;THA;IDN;MYS;BRA;DEU;CAN/indicator/NV.IND.MANF.ZS?format=json&date=2015:2024&per_page=600,2026-09-01T08:56:50Z
IDN,NV.IND.MANF.ZS,"Manufacturing, value added (% of GDP)",2019,19.7,https://api.worldbank.org/v2/country/USA;CHN;IND;EUU;VNM;MEX;JPN;KOR;THA;IDN;MYS;BRA;DEU;CAN/indicator/NV.IND.MANF.ZS?format=json&date=2015:2024&per_page=600,2026-09-01T08:56:50Z
IDN,NV.IND.MANF.ZS,"Manufacturing, value added (% of GDP)",2020,19.87,https://api.worldbank.org/v2/country/USA;CHN;IND;EUU;VNM;MEX;JPN;KOR;THA;IDN;MYS;BRA;DEU;CAN/indicator/NV.IND.MANF.ZS?format=json&date=2015:2024&per_page=600,2026-09-01T08:56:50Z
IDN,NV.IND.MANF.ZS,"Manufacturing, value added (% of GDP)",2021,19.24,https://api.worldbank.org/v2/country/USA;CHN;IND;EUU;VNM;MEX;JPN;KOR;THA;IDN;MYS;BRA;DEU;CAN/indicator/NV.IND.MANF.ZS?format=json&date=2015:2024&per_page=600,2026-09-01T08:56:50Z
IDN,NV.IND.MANF.ZS,"Manufacturing, value added (% of GDP)",2022,18.34,https://api.worldbank.org/v2/country/USA;CHN;IND;EUU;VNM;MEX;JPN;KOR;THA;IDN;MYS;BRA;DEU;CAN/indicator/NV.IND.MANF.ZS?format=json&date=2015:2024&per_page=600,2026-09-01T08:56:50Z
IDN,NV.IND.MANF.ZS,"Manufacturing, value added (% of GDP)",2023,18.67,https://api.worldbank.org/v2/country/USA;CHN;IND;EUU;VNM;MEX;JPN;KOR;THA;IDN;MYS;BRA;DEU;CAN/indicator/NV.IND.MANF.ZS?format=json&date=2015:2024&per_page=600,2026-09-01T08:56:50Z
IDN,NV.IND.MANF.ZS,"Manufacturing, value added (% of GDP)",2024,18.98,https://api.worldbank.org/v2/country/USA;CHN;IND;EUU;VNM;MEX;JPN;KOR;THA;IDN;MYS;BRA;DEU;CAN/indicator/NV.IND.MANF.ZS?format=json&date=2015:2024&per_page=600,2026-09-01T08:56:50Z
IND,NV.IND.MANF.ZS,"Manufacturing, value added (% of GDP)",2015,15.58,https://api.worldbank.org/v2/country/USA;CHN;IND;EUU;VNM;MEX;JPN;KOR;THA;IDN;MYS;BRA;DEU;CAN/indicator/NV.IND.MANF.ZS?format=json&date=2015:2024&per_page=600,2026-09-01T08:56:50Z
IND,NV.IND.MANF.ZS,"Manufacturing, value added (% of GDP)",2016,15.16,https://api.worldbank.org/v2/country/USA;CHN;IND;EUU;VNM;MEX;JPN;KOR;THA;IDN;MYS;BRA;DEU;CAN/indicator/NV.IND.MANF.ZS?format=json&date=2015:2024&per_page=600,2026-09-01T08:56:50Z
IND,NV.IND.MANF.ZS,"Manufacturing, value added (% of GDP)",2017,15.02,https://api.worldbank.org/v2/country/USA;CHN;IND;EUU;VNM;MEX;JPN;KOR;THA;IDN;MYS;BRA;DEU;CAN/indicator/NV.IND.MANF.ZS?format=json&date=2015:2024&per_page=600,2026-09-01T08:56:50Z
IND,NV.IND.MANF.ZS,"Manufacturing, value added (% of GDP)",2018,14.88,https://api.worldbank.org/v2/country/USA;CHN;IND;EUU;VNM;MEX;JPN;KOR;THA;IDN;MYS;BRA;DEU;CAN/indicator/NV.IND.MANF.ZS?format=json&date=2015:2024&per_page=600,2026-09-01T08:56:50Z
IND,NV.IND.MANF.ZS,"Manufacturing, value added (% of GDP)",2019,13.46,https://api.worldbank.org/v2/country/USA;CHN;IND;EUU;VNM;MEX;JPN;KOR;THA;IDN;MYS;BRA;DEU;CAN/indicator/NV.IND.MANF.ZS?format=json&date=2015:2024&per_page=600,2026-09-01T08:56:50Z
IND,NV.IND.MANF.ZS,"Manufacturing, value added (% of GDP)",2020,14.12,https://api.worldbank.org/v2/country/USA;CHN;IND;EUU;VNM;MEX;JPN;KOR;THA;IDN;MYS;BRA;DEU;CAN/indicator/NV.IND.MANF.ZS?format=json&date=2015:2024&per_page=600,2026-09-01T08:56:50Z
IND,NV.IND.MANF.ZS,"Manufacturing, value added (% of GDP)",2021,14.38,https://api.worldbank.org/v2/country/USA;CHN;IND;EUU;VNM;MEX;JPN;KOR;THA;IDN;MYS;BRA;DEU;CAN/indicator/NV.IND.MANF.ZS?format=json&date=2015:2024&per_page=600,2026-09-01T08:56:50Z
IND,NV.IND.MANF.ZS,"Manufacturing, value added (% of GDP)",2022,13.33,https://api.worldbank.org/v2/country/USA;CHN;IND;EUU;VNM;MEX;JPN;KOR;THA;IDN;MYS;BRA;DEU;CAN/indicator/NV.IND.MANF.ZS?format=json&date=2015:2024&per_page=600,2026-09-01T08:56:50Z
IND,NV.IND.MANF.ZS,"Manufacturing, value added (% of GDP)",2023,13.31,https://api.worldbank.org/v2/country/USA;CHN;IND;EUU;VNM;MEX;JPN;KOR;THA;IDN;MYS;BRA;DEU;CAN/indicator/NV.IND.MANF.ZS?format=json&date=2015:2024&per_page=600,2026-09-01T08:56:50Z
IND,NV.IND.MANF.ZS,"Manufacturing, value added (% of GDP)",2024,13.14,https://api.worldbank.org/v2/country/USA;CHN;IND;EUU;VNM;MEX;JPN;KOR;THA;IDN;MYS;BRA;DEU;CAN/indicator/NV.IND.MANF.ZS?format=json&date=2015:2024&per_page=600,2026-09-01T08:56:50Z
JPN,NV.IND.MANF.ZS,"Manufacturing, value added (% of GDP)",2015,20.07,https://api.worldbank.org/v2/country/USA;CHN;IND;EUU;VNM;MEX;JPN;KOR;THA;IDN;MYS;BRA;DEU;CAN/indicator/NV.IND.MANF.ZS?format=json&date=2015:2024&per_page=600,2026-09-01T08:56:50Z
JPN,NV.IND.MANF.ZS,"Manufacturing, value added (% of GDP)",2016,20.03,https://api.worldbank.org/v2/country/USA;CHN;IND;EUU;VNM;MEX;JPN;KOR;THA;IDN;MYS;BRA;DEU;CAN/indicator/NV.IND.MANF.ZS?format=json&date=2015:2024&per_page=600,2026-09-01T08:56:50Z
JPN,NV.IND.MANF.ZS,"Manufacturing, value added (% of GDP)",2017,20.14,https://api.worldbank.org/v2/country/USA;CHN;IND;EUU;VNM;MEX;JPN;KOR;THA;IDN;MYS;BRA;DEU;CAN/indicator/NV.IND.MANF.ZS?format=json&date=2015:2024&per_page=600,2026-09-01T08:56:50Z
JPN,NV.IND.MANF.ZS,"Manufacturing, value added (% of GDP)",2018,20.33,https://api.worldbank.org/v2/country/USA;CHN;IND;EUU;VNM;MEX;JPN;KOR;THA;IDN;MYS;BRA;DEU;CAN/indicator/NV.IND.MANF.ZS?format=json&date=2015:2024&per_page=600,2026-09-01T08:56:50Z
JPN,NV.IND.MANF.ZS,"Manufacturing, value added (% of GDP)",2019,20.05,https://api.worldbank.org/v2/country/USA;CHN;IND;EUU;VNM;MEX;JPN;KOR;THA;IDN;MYS;BRA;DEU;CAN/indicator/NV.IND.MANF.ZS?format=json&date=2015:2024&per_page=600,2026-09-01T08:56:50Z
JPN,NV.IND.MANF.ZS,"Manufacturing, value added (% of GDP)",2020,19.78,https://api.worldbank.org/v2/country/USA;CHN;IND;EUU;VNM;MEX;JPN;KOR;THA;IDN;MYS;BRA;DEU;CAN/indicator/NV.IND.MANF.ZS?format=json&date=2015:2024&per_page=600,2026-09-01T08:56:50Z
JPN,NV.IND.MANF.ZS,"Manufacturing, value added (% of GDP)",2021,19.68,https://api.worldbank.org/v2/country/USA;CHN;IND;EUU;VNM;MEX;JPN;KOR;THA;IDN;MYS;BRA;DEU;CAN/indicator/NV.IND.MANF.ZS?format=json&date=2015:2024&per_page=600,2026-09-01T08:56:50Z
JPN,NV.IND.MANF.ZS,"Manufacturing, value added (% of GDP)",2022,18.82,https://api.worldbank.org/v2/country/USA;CHN;IND;EUU;VNM;MEX;JPN;KOR;THA;IDN;MYS;BRA;DEU;CAN/indicator/NV.IND.MANF.ZS?format=json&date=2015:2024&per_page=600,2026-09-01T08:56:50Z
JPN,NV.IND.MANF.ZS,"Manufacturing, value added (% of GDP)",2023,19.49,https://api.worldbank.org/v2/country/USA;CHN;IND;EUU;VNM;MEX;JPN;KOR;THA;IDN;MYS;BRA;DEU;CAN/indicator/NV.IND.MANF.ZS?format=json&date=2015:2024&per_page=600,2026-09-01T08:56:50Z
JPN,NV.IND.MANF.ZS,"Manufacturing, value added (% of GDP)",2024,18.82,https://api.worldbank.org/v2/country/USA;CHN;IND;EUU;VNM;MEX;JPN;KOR;THA;IDN;MYS;BRA;DEU;CAN/indicator/NV.IND.MANF.ZS?format=json&date=2015:2024&per_page=600,2026-09-01T08:56:50Z
KOR,NV.IND.MANF.ZS,"Manufacturing, value added (% of GDP)",2015,27.82,https://api.worldbank.org/v2/country/USA;CHN;IND;EUU;VNM;MEX;JPN;KOR;THA;IDN;MYS;BRA;DEU;CAN/indicator/NV.IND.MANF.ZS?format=json&date=2015:2024&per_page=600,2026-09-01T08:56:50Z
KOR,NV.IND.MANF.ZS,"Manufacturing, value added (% of GDP)",2016,27.51,https://api.worldbank.org/v2/country/USA;CHN;IND;EUU;VNM;MEX;JPN;KOR;THA;IDN;MYS;BRA;DEU;CAN/indicator/NV.IND.MANF.ZS?format=json&date=2015:2024&per_page=600,2026-09-01T08:56:50Z
KOR,NV.IND.MANF.ZS,"Manufacturing, value added (% of GDP)",2017,28.03,https://api.worldbank.org/v2/country/USA;CHN;IND;EUU;VNM;MEX;JPN;KOR;THA;IDN;MYS;BRA;DEU;CAN/indicator/NV.IND.MANF.ZS?format=json&date=2015:2024&per_page=600,2026-09-01T08:56:50Z
KOR,NV.IND.MANF.ZS,"Manufacturing, value added (% of GDP)",2018,27.77,https://api.worldbank.org/v2/country/USA;CHN;IND;EUU;VNM;MEX;JPN;KOR;THA;IDN;MYS;BRA;DEU;CAN/indicator/NV.IND.MANF.ZS?format=json&date=2015:2024&per_page=600,2026-09-01T08:56:50Z
KOR,NV.IND.MANF.ZS,"Manufacturing, value added (% of GDP)",2019,26.37,https://api.worldbank.org/v2/country/USA;CHN;IND;EUU;VNM;MEX;JPN;KOR;THA;IDN;MYS;BRA;DEU;CAN/indicator/NV.IND.MANF.ZS?format=json&date=2015:2024&per_page=600,2026-09-01T08:56:50Z
KOR,NV.IND.MANF.ZS,"Manufacturing, value added (% of GDP)",2020,25.7,https://api.worldbank.org/v2/country/USA;CHN;IND;EUU;VNM;MEX;JPN;KOR;THA;IDN;MYS;BRA;DEU;CAN/indicator/NV.IND.MANF.ZS?format=json&date=2015:2024&per_page=600,2026-09-01T08:56:50Z
KOR,NV.IND.MANF.ZS,"Manufacturing, value added (% of GDP)",2021,26.25,https://api.worldbank.org/v2/country/USA;CHN;IND;EUU;VNM;MEX;JPN;KOR;THA;IDN;MYS;BRA;DEU;CAN/indicator/NV.IND.MANF.ZS?format=json&date=2015:2024&per_page=600,2026-09-01T08:56:50Z
KOR,NV.IND.MANF.ZS,"Manufacturing, value added (% of GDP)",2022,26.5,https://api.worldbank.org/v2/country/USA;CHN;IND;EUU;VNM;MEX;JPN;KOR;THA;IDN;MYS;BRA;DEU;CAN/indicator/NV.IND.MANF.ZS?format=json&date=2015:2024&per_page=600,2026-09-01T08:56:50Z
KOR,NV.IND.MANF.ZS,"Manufacturing, value added (% of GDP)",2023,25.46,https://api.worldbank.org/v2/country/USA;CHN;IND;EUU;VNM;MEX;JPN;KOR;THA;IDN;MYS;BRA;DEU;CAN/indicator/NV.IND.MANF.ZS?format=json&date=2015:2024&per_page=600,2026-09-01T08:56:50Z
KOR,NV.IND.MANF.ZS,"Manufacturing, value added (% of GDP)",2024,26.62,https://api.worldbank.org/v2/country/USA;CHN;IND;EUU;VNM;MEX;JPN;KOR;THA;IDN;MYS;BRA;DEU;CAN/indicator/NV.IND.MANF.ZS?format=json&date=2015:2024&per_page=600,2026-09-01T08:56:50Z
MEX,NV.IND.MANF.ZS,"Manufacturing, value added (% of GDP)",2015,19.82,https://api.worldbank.org/v2/country/USA;CHN;IND;EUU;VNM;MEX;JPN;KOR;THA;IDN;MYS;BRA;DEU;CAN/indicator/NV.IND.MANF.ZS?format=json&date=2015:2024&per_page=600,2026-09-01T08:56:50Z
MEX,NV.IND.MANF.ZS,"Manufacturing, value added (% of GDP)",2016,19.87,https://api.worldbank.org/v2/country/USA;CHN;IND;EUU;VNM;MEX;JPN;KOR;THA;IDN;MYS;BRA;DEU;CAN/indicator/NV.IND.MANF.ZS?format=json&date=2015:2024&per_page=600,2026-09-01T08:56:50Z
MEX,NV.IND.MANF.ZS,"Manufacturing, value added (% of GDP)",2017,20.16,https://api.worldbank.org/v2/country/USA;CHN;IND;EUU;VNM;MEX;JPN;KOR;THA;IDN;MYS;BRA;DEU;CAN/indicator/NV.IND.MANF.ZS?format=json&date=2015:2024&per_page=600,2026-09-01T08:56:50Z
MEX,NV.IND.MANF.ZS,"Manufacturing, value added (% of GDP)",2018,20.19,https://api.worldbank.org/v2/country/USA;CHN;IND;EUU;VNM;MEX;JPN;KOR;THA;IDN;MYS;BRA;DEU;CAN/indicator/NV.IND.MANF.ZS?format=json&date=2015:2024&per_page=600,2026-09-01T08:56:50Z
MEX,NV.IND.MANF.ZS,"Manufacturing, value added (% of GDP)",2019,19.89,https://api.worldbank.org/v2/country/USA;CHN;IND;EUU;VNM;MEX;JPN;KOR;THA;IDN;MYS;BRA;DEU;CAN/indicator/NV.IND.MANF.ZS?format=json&date=2015:2024&per_page=600,2026-09-01T08:56:50Z
MEX,NV.IND.MANF.ZS,"Manufacturing, value added (% of GDP)",2020,20.18,https://api.worldbank.org/v2/country/USA;CHN;IND;EUU;VNM;MEX;JPN;KOR;THA;IDN;MYS;BRA;DEU;CAN/indicator/NV.IND.MANF.ZS?format=json&date=2015:2024&per_page=600,2026-09-01T08:56:50Z
MEX,NV.IND.MANF.ZS,"Manufacturing, value added (% of GDP)",2021,20.84,https://api.worldbank.org/v2/country/USA;CHN;IND;EUU;VNM;MEX;JPN;KOR;THA;IDN;MYS;BRA;DEU;CAN/indicator/NV.IND.MANF.ZS?format=json&date=2015:2024&per_page=600,2026-09-01T08:56:50Z
MEX,NV.IND.MANF.ZS,"Manufacturing, value added (% of GDP)",2022,21.49,https://api.worldbank.org/v2/country/USA;CHN;IND;EUU;VNM;MEX;JPN;KOR;THA;IDN;MYS;BRA;DEU;CAN/indicator/NV.IND.MANF.ZS?format=json&date=2015:2024&per_page=600,2026-09-01T08:56:50Z
MEX,NV.IND.MANF.ZS,"Manufacturing, value added (% of GDP)",2023,20.47,https://api.worldbank.org/v2/country/USA;CHN;IND;EUU;VNM;MEX;JPN;KOR;THA;IDN;MYS;BRA;DEU;CAN/indicator/NV.IND.MANF.ZS?format=json&date=2015:2024&per_page=600,2026-09-01T08:56:50Z
MEX,NV.IND.MANF.ZS,"Manufacturing, value added (% of GDP)",2024,20.13,https://api.worldbank.org/v2/country/USA;CHN;IND;EUU;VNM;MEX;JPN;KOR;THA;IDN;MYS;BRA;DEU;CAN/indicator/NV.IND.MANF.ZS?format=json&date=2015:2024&per_page=600,2026-09-01T08:56:50Z
MYS,NV.IND.MANF.ZS,"Manufacturing, value added (% of GDP)",2015,22.29,https://api.worldbank.org/v2/country/USA;CHN;IND;EUU;VNM;MEX;JPN;KOR;THA;IDN;MYS;BRA;DEU;CAN/indicator/NV.IND.MANF.ZS?format=json&date=2015:2024&per_page=600,2026-09-01T08:56:50Z
MYS,NV.IND.MANF.ZS,"Manufacturing, value added (% of GDP)",2016,21.8,https://api.worldbank.org/v2/country/USA;CHN;IND;EUU;VNM;MEX;JPN;KOR;THA;IDN;MYS;BRA;DEU;CAN/indicator/NV.IND.MANF.ZS?format=json&date=2015:2024&per_page=600,2026-09-01T08:56:50Z
MYS,NV.IND.MANF.ZS,"Manufacturing, value added (% of GDP)",2017,21.85,https://api.worldbank.org/v2/country/USA;CHN;IND;EUU;VNM;MEX;JPN;KOR;THA;IDN;MYS;BRA;DEU;CAN/indicator/NV.IND.MANF.ZS?format=json&date=2015:2024&per_page=600,2026-09-01T08:56:50Z
MYS,NV.IND.MANF.ZS,"Manufacturing, value added (% of GDP)",2018,21.53,https://api.worldbank.org/v2/country/USA;CHN;IND;EUU;VNM;MEX;JPN;KOR;THA;IDN;MYS;BRA;DEU;CAN/indicator/NV.IND.MANF.ZS?format=json&date=2015:2024&per_page=600,2026-09-01T08:56:50Z
MYS,NV.IND.MANF.ZS,"Manufacturing, value added (% of GDP)",2019,21.41,https://api.worldbank.org/v2/country/USA;CHN;IND;EUU;VNM;MEX;JPN;KOR;THA;IDN;MYS;BRA;DEU;CAN/indicator/NV.IND.MANF.ZS?format=json&date=2015:2024&per_page=600,2026-09-01T08:56:50Z
MYS,NV.IND.MANF.ZS,"Manufacturing, value added (% of GDP)",2020,22.23,https://api.worldbank.org/v2/country/USA;CHN;IND;EUU;VNM;MEX;JPN;KOR;THA;IDN;MYS;BRA;DEU;CAN/indicator/NV.IND.MANF.ZS?format=json&date=2015:2024&per_page=600,2026-09-01T08:56:50Z
MYS,NV.IND.MANF.ZS,"Manufacturing, value added (% of GDP)",2021,23.36,https://api.worldbank.org/v2/country/USA;CHN;IND;EUU;VNM;MEX;JPN;KOR;THA;IDN;MYS;BRA;DEU;CAN/indicator/NV.IND.MANF.ZS?format=json&date=2015:2024&per_page=600,2026-09-01T08:56:50Z
MYS,NV.IND.MANF.ZS,"Manufacturing, value added (% of GDP)",2022,23.34,https://api.worldbank.org/v2/country/USA;CHN;IND;EUU;VNM;MEX;JPN;KOR;THA;IDN;MYS;BRA;DEU;CAN/indicator/NV.IND.MANF.ZS?format=json&date=2015:2024&per_page=600,2026-09-01T08:56:50Z
MYS,NV.IND.MANF.ZS,"Manufacturing, value added (% of GDP)",2023,23.02,https://api.worldbank.org/v2/country/USA;CHN;IND;EUU;VNM;MEX;JPN;KOR;THA;IDN;MYS;BRA;DEU;CAN/indicator/NV.IND.MANF.ZS?format=json&date=2015:2024&per_page=600,2026-09-01T08:56:50Z
MYS,NV.IND.MANF.ZS,"Manufacturing, value added (% of GDP)",2024,22.5,https://api.worldbank.org/v2/country/USA;CHN;IND;EUU;VNM;MEX;JPN;KOR;THA;IDN;MYS;BRA;DEU;CAN/indicator/NV.IND.MANF.ZS?format=json&date=2015:2024&per_page=600,2026-09-01T08:56:50Z
THA,NV.IND.MANF.ZS,"Manufacturing, value added (% of GDP)",2015,27.37,https://api.worldbank.org/v2/country/USA;CHN;IND;EUU;VNM;MEX;JPN;KOR;THA;IDN;MYS;BRA;DEU;CAN/indicator/NV.IND.MANF.ZS?format=json&date=2015:2024&per_page=600,2026-09-01T08:56:50Z
THA,NV.IND.MANF.ZS,"Manufacturing, value added (% of GDP)",2016,27.14,https://api.worldbank.org/v2/country/USA;CHN;IND;EUU;VNM;MEX;JPN;KOR;THA;IDN;MYS;BRA;DEU;CAN/indicator/NV.IND.MANF.ZS?format=json&date=2015:2024&per_page=600,2026-09-01T08:56:50Z
THA,NV.IND.MANF.ZS,"Manufacturing, value added (% of GDP)",2017,27.01,https://api.worldbank.org/v2/country/USA;CHN;IND;EUU;VNM;MEX;JPN;KOR;THA;IDN;MYS;BRA;DEU;CAN/indicator/NV.IND.MANF.ZS?format=json&date=2015:2024&per_page=600,2026-09-01T08:56:50Z
THA,NV.IND.MANF.ZS,"Manufacturing, value added (% of GDP)",2018,26.71,https://api.worldbank.org/v2/country/USA;CHN;IND;EUU;VNM;MEX;JPN;KOR;THA;IDN;MYS;BRA;DEU;CAN/indicator/NV.IND.MANF.ZS?format=json&date=2015:2024&per_page=600,2026-09-01T08:56:50Z
THA,NV.IND.MANF.ZS,"Manufacturing, value added (% of GDP)",2019,25.62,https://api.worldbank.org/v2/country/USA;CHN;IND;EUU;VNM;MEX;JPN;KOR;THA;IDN;MYS;BRA;DEU;CAN/indicator/NV.IND.MANF.ZS?format=json&date=2015:2024&per_page=600,2026-09-01T08:56:50Z
THA,NV.IND.MANF.ZS,"Manufacturing, value added (% of GDP)",2020,25.56,https://api.worldbank.org/v2/country/USA;CHN;IND;EUU;VNM;MEX;JPN;KOR;THA;IDN;MYS;BRA;DEU;CAN/indicator/NV.IND.MANF.ZS?format=json&date=2015:2024&per_page=600,2026-09-01T08:56:50Z
THA,NV.IND.MANF.ZS,"Manufacturing, value added (% of GDP)",2021,27.16,https://api.worldbank.org/v2/country/USA;CHN;IND;EUU;VNM;MEX;JPN;KOR;THA;IDN;MYS;BRA;DEU;CAN/indicator/NV.IND.MANF.ZS?format=json&date=2015:2024&per_page=600,2026-09-01T08:56:50Z
THA,NV.IND.MANF.ZS,"Manufacturing, value added (% of GDP)",2022,27.03,https://api.worldbank.org/v2/country/USA;CHN;IND;EUU;VNM;MEX;JPN;KOR;THA;IDN;MYS;BRA;DEU;CAN/indicator/NV.IND.MANF.ZS?format=json&date=2015:2024&per_page=600,2026-09-01T08:56:50Z
THA,NV.IND.MANF.ZS,"Manufacturing, value added (% of GDP)",2023,24.98,https://api.worldbank.org/v2/country/USA;CHN;IND;EUU;VNM;MEX;JPN;KOR;THA;IDN;MYS;BRA;DEU;CAN/indicator/NV.IND.MANF.ZS?format=json&date=2015:2024&per_page=600,2026-09-01T08:56:50Z
THA,NV.IND.MANF.ZS,"Manufacturing, value added (% of GDP)",2024,24.24,https://api.worldbank.org/v2/country/USA;CHN;IND;EUU;VNM;MEX;JPN;KOR;THA;IDN;MYS;BRA;DEU;CAN/indicator/NV.IND.MANF.ZS?format=json&date=2015:2024&per_page=600,2026-09-01T08:56:50Z
USA,NV.IND.MANF.ZS,"Manufacturing, value added (% of GDP)",2015,11.61,https://api.worldbank.org/v2/country/USA;CHN;IND;EUU;VNM;MEX;JPN;KOR;THA;IDN;MYS;BRA;DEU;CAN/indicator/NV.IND.MANF.ZS?format=json&date=2015:2024&per_page=600,2026-09-01T08:56:50Z
USA,NV.IND.MANF.ZS,"Manufacturing, value added (% of GDP)",2016,11.16,https://api.worldbank.org/v2/country/USA;CHN;IND;EUU;VNM;MEX;JPN;KOR;THA;IDN;MYS;BRA;DEU;CAN/indicator/NV.IND.MANF.ZS?format=json&date=2015:2024&per_page=600,2026-09-01T08:56:50Z
USA,NV.IND.MANF.ZS,"Manufacturing, value added (% of GDP)",2017,11.18,https://api.worldbank.org/v2/country/USA;CHN;IND;EUU;VNM;MEX;JPN;KOR;THA;IDN;MYS;BRA;DEU;CAN/indicator/NV.IND.MANF.ZS?format=json&date=2015:2024&per_page=600,2026-09-01T08:56:50Z
USA,NV.IND.MANF.ZS,"Manufacturing, value added (% of GDP)",2018,11.28,https://api.worldbank.org/v2/country/USA;CHN;IND;EUU;VNM;MEX;JPN;KOR;THA;IDN;MYS;BRA;DEU;CAN/indicator/NV.IND.MANF.ZS?format=json&date=2015:2024&per_page=600,2026-09-01T08:56:50Z
USA,NV.IND.MANF.ZS,"Manufacturing, value added (% of GDP)",2019,10.98,https://api.worldbank.org/v2/country/USA;CHN;IND;EUU;VNM;MEX;JPN;KOR;THA;IDN;MYS;BRA;DEU;CAN/indicator/NV.IND.MANF.ZS?format=json&date=2015:2024&per_page=600,2026-09-01T08:56:50Z
USA,NV.IND.MANF.ZS,"Manufacturing, value added (% of GDP)",2020,10.47,https://api.worldbank.org/v2/country/USA;CHN;IND;EUU;VNM;MEX;JPN;KOR;THA;IDN;MYS;BRA;DEU;CAN/indicator/NV.IND.MANF.ZS?format=json&date=2015:2024&per_page=600,2026-09-01T08:56:50Z
USA,NV.IND.MANF.ZS,"Manufacturing, value added (% of GDP)",2021,10.53,https://api.worldbank.org/v2/country/USA;CHN;IND;EUU;VNM;MEX;JPN;KOR;THA;IDN;MYS;BRA;DEU;CAN/indicator/NV.IND.MANF.ZS?format=json&date=2015:2024&per_page=600,2026-09-01T08:56:50Z
VNM,NV.IND.MANF.ZS,"Manufacturing, value added (% of GDP)",2015,20.96,https://api.worldbank.org/v2/country/USA;CHN;IND;EUU;VNM;MEX;JPN;KOR;THA;IDN;MYS;BRA;DEU;CAN/indicator/NV.IND.MANF.ZS?format=json&date=2015:2024&per_page=600,2026-09-01T08:56:50Z
VNM,NV.IND.MANF.ZS,"Manufacturing, value added (% of GDP)",2016,21.49,https://api.worldbank.org/v2/country/USA;CHN;IND;EUU;VNM;MEX;JPN;KOR;THA;IDN;MYS;BRA;DEU;CAN/indicator/NV.IND.MANF.ZS?format=json&date=2015:2024&per_page=600,2026-09-01T08:56:50Z
VNM,NV.IND.MANF.ZS,"Manufacturing, value added (% of GDP)",2017,22.63,https://api.worldbank.org/v2/country/USA;CHN;IND;EUU;VNM;MEX;JPN;KOR;THA;IDN;MYS;BRA;DEU;CAN/indicator/NV.IND.MANF.ZS?format=json&date=2015:2024&per_page=600,2026-09-01T08:56:50Z
VNM,NV.IND.MANF.ZS,"Manufacturing, value added (% of GDP)",2018,23.37,https://api.worldbank.org/v2/country/USA;CHN;IND;EUU;VNM;MEX;JPN;KOR;THA;IDN;MYS;BRA;DEU;CAN/indicator/NV.IND.MANF.ZS?format=json&date=2015:2024&per_page=600,2026-09-01T08:56:50Z
VNM,NV.IND.MANF.ZS,"Manufacturing, value added (% of GDP)",2019,23.79,https://api.worldbank.org/v2/country/USA;CHN;IND;EUU;VNM;MEX;JPN;KOR;THA;IDN;MYS;BRA;DEU;CAN/indicator/NV.IND.MANF.ZS?format=json&date=2015:2024&per_page=600,2026-09-01T08:56:50Z
VNM,NV.IND.MANF.ZS,"Manufacturing, value added (% of GDP)",2020,23.95,https://api.worldbank.org/v2/country/USA;CHN;IND;EUU;VNM;MEX;JPN;KOR;THA;IDN;MYS;BRA;DEU;CAN/indicator/NV.IND.MANF.ZS?format=json&date=2015:2024&per_page=600,2026-09-01T08:56:50Z
VNM,NV.IND.MANF.ZS,"Manufacturing, value added (% of GDP)",2021,24.46,https://api.worldbank.org/v2/country/USA;CHN;IND;EUU;VNM;MEX;JPN;KOR;THA;IDN;MYS;BRA;DEU;CAN/indicator/NV.IND.MANF.ZS?format=json&date=2015:2024&per_page=600,2026-09-01T08:56:50Z
VNM,NV.IND.MANF.ZS,"Manufacturing, value added (% of GDP)",2022,24.66,https://api.worldbank.org/v2/country/USA;CHN;IND;EUU;VNM;MEX;JPN;KOR;THA;IDN;MYS;BRA;DEU;CAN/indicator/NV.IND.MANF.ZS?format=json&date=2015:2024&per_page=600,2026-09-01T08:56:50Z
VNM,NV.IND.MANF.ZS,"Manufacturing, value added (% of GDP)",2023,24.11,https://api.worldbank.org/v2/country/USA;CHN;IND;EUU;VNM;MEX;JPN;KOR;THA;IDN;MYS;BRA;DEU;CAN/indicator/NV.IND.MANF.ZS?format=json&date=2015:2024&per_page=600,2026-09-01T08:56:50Z
VNM,NV.IND.MANF.ZS,"Manufacturing, value added (% of GDP)",2024,24.33,https://api.worldbank.org/v2/country/USA;CHN;IND;EUU;VNM;MEX;JPN;KOR;THA;IDN;MYS;BRA;DEU;CAN/indicator/NV.IND.MANF.ZS?format=json&date=2015:2024&per_page=600,2026-09-01T08:56:50Z
BRA,NY.GDP.MKTP.CD,GDP (current US$),2015,1802212206814.5,https://api.worldbank.org/v2/country/USA;CHN;IND;EUU;VNM;MEX;JPN;KOR;THA;IDN;MYS;BRA;DEU;CAN/indicator/NY.GDP.MKTP.CD?format=json&date=2015:2024&per_page=600,2026-09-01T08:56:50Z
BRA,NY.GDP.MKTP.CD,GDP (current US$),2016,1795693482853.01,https://api.worldbank.org/v2/country/USA;CHN;IND;EUU;VNM;MEX;JPN;KOR;THA;IDN;MYS;BRA;DEU;CAN/indicator/NY.GDP.MKTP.CD?format=json&date=2015:2024&per_page=600,2026-09-01T08:56:50Z
BRA,NY.GDP.MKTP.CD,GDP (current US$),2017,2063514977365.65,https://api.worldbank.org/v2/country/USA;CHN;IND;EUU;VNM;MEX;JPN;KOR;THA;IDN;MYS;BRA;DEU;CAN/indicator/NY.GDP.MKTP.CD?format=json&date=2015:2024&per_page=600,2026-09-01T08:56:50Z
BRA,NY.GDP.MKTP.CD,GDP (current US$),2018,1916933898010.99,https://api.worldbank.org/v2/country/USA;CHN;IND;EUU;VNM;MEX;JPN;KOR;THA;IDN;MYS;BRA;DEU;CAN/indicator/NY.GDP.MKTP.CD?format=json&date=2015:2024&per_page=600,2026-09-01T08:56:50Z
BRA,NY.GDP.MKTP.CD,GDP (current US$),2019,1873288205059.69,https://api.worldbank.org/v2/country/USA;CHN;IND;EUU;VNM;MEX;JPN;KOR;THA;IDN;MYS;BRA;DEU;CAN/indicator/NY.GDP.MKTP.CD?format=json&date=2015:2024&per_page=600,2026-09-01T08:56:50Z
BRA,NY.GDP.MKTP.CD,GDP (current US$),2020,1476107231310.49,https://api.worldbank.org/v2/country/USA;CHN;IND;EUU;VNM;MEX;JPN;KOR;THA;IDN;MYS;BRA;DEU;CAN/indicator/NY.GDP.MKTP.CD?format=json&date=2015:2024&per_page=600,2026-09-01T08:56:50Z
BRA,NY.GDP.MKTP.CD,GDP (current US$),2021,1670647398904.9,https://api.worldbank.org/v2/country/USA;CHN;IND;EUU;VNM;MEX;JPN;KOR;THA;IDN;MYS;BRA;DEU;CAN/indicator/NY.GDP.MKTP.CD?format=json&date=2015:2024&per_page=600,2026-09-01T08:56:50Z
BRA,NY.GDP.MKTP.CD,GDP (current US$),2022,1951923942083.32,https://api.worldbank.org/v2/country/USA;CHN;IND;EUU;VNM;MEX;JPN;KOR;THA;IDN;MYS;BRA;DEU;CAN/indicator/NY.GDP.MKTP.CD?format=json&date=2015:2024&per_page=600,2026-09-01T08:56:50Z
BRA,NY.GDP.MKTP.CD,GDP (current US$),2023,2191131765684.63,https://api.worldbank.org/v2/country/USA;CHN;IND;EUU;VNM;MEX;JPN;KOR;THA;IDN;MYS;BRA;DEU;CAN/indicator/NY.GDP.MKTP.CD?format=json&date=2015:2024&per_page=600,2026-09-01T08:56:50Z
BRA,NY.GDP.MKTP.CD,GDP (current US$),2024,2185821610689.31,https://api.worldbank.org/v2/country/USA;CHN;IND;EUU;VNM;MEX;JPN;KOR;THA;IDN;MYS;BRA;DEU;CAN/indicator/NY.GDP.MKTP.CD?format=json&date=2015:2024&per_page=600,2026-09-01T08:56:50Z
CAN,NY.GDP.MKTP.CD,GDP (current US$),2015,1556510380200.23,https://api.worldbank.org/v2/country/USA;CHN;IND;EUU;VNM;MEX;JPN;KOR;THA;IDN;MYS;BRA;DEU;CAN/indicator/NY.GDP.MKTP.CD?format=json&date=2015:2024&per_page=600,2026-09-01T08:56:50Z
CAN,NY.GDP.MKTP.CD,GDP (current US$),2016,1527996250640.92,https://api.worldbank.org/v2/country/USA;CHN;IND;EUU;VNM;MEX;JPN;KOR;THA;IDN;MYS;BRA;DEU;CAN/indicator/NY.GDP.MKTP.CD?format=json&date=2015:2024&per_page=600,2026-09-01T08:56:50Z
CAN,NY.GDP.MKTP.CD,GDP (current US$),2017,1649269496514.62,https://api.worldbank.org/v2/country/USA;CHN;IND;EUU;VNM;MEX;JPN;KOR;THA;IDN;MYS;BRA;DEU;CAN/indicator/NY.GDP.MKTP.CD?format=json&date=2015:2024&per_page=600,2026-09-01T08:56:50Z
CAN,NY.GDP.MKTP.CD,GDP (current US$),2018,1725330736237.69,https://api.worldbank.org/v2/country/USA;CHN;IND;EUU;VNM;MEX;JPN;KOR;THA;IDN;MYS;BRA;DEU;CAN/indicator/NY.GDP.MKTP.CD?format=json&date=2015:2024&per_page=600,2026-09-01T08:56:50Z
CAN,NY.GDP.MKTP.CD,GDP (current US$),2019,1743728952156.85,https://api.worldbank.org/v2/country/USA;CHN;IND;EUU;VNM;MEX;JPN;KOR;THA;IDN;MYS;BRA;DEU;CAN/indicator/NY.GDP.MKTP.CD?format=json&date=2015:2024&per_page=600,2026-09-01T08:56:50Z
CAN,NY.GDP.MKTP.CD,GDP (current US$),2020,1655686966881.99,https://api.worldbank.org/v2/country/USA;CHN;IND;EUU;VNM;MEX;JPN;KOR;THA;IDN;MYS;BRA;DEU;CAN/indicator/NY.GDP.MKTP.CD?format=json&date=2015:2024&per_page=600,2026-09-01T08:56:50Z
CAN,NY.GDP.MKTP.CD,GDP (current US$),2021,2022377950896.78,https://api.worldbank.org/v2/country/USA;CHN;IND;EUU;VNM;MEX;JPN;KOR;THA;IDN;MYS;BRA;DEU;CAN/indicator/NY.GDP.MKTP.CD?format=json&date=2015:2024&per_page=600,2026-09-01T08:56:50Z
CAN,NY.GDP.MKTP.CD,GDP (current US$),2022,2200562785046.32,https://api.worldbank.org/v2/country/USA;CHN;IND;EUU;VNM;MEX;JPN;KOR;THA;IDN;MYS;BRA;DEU;CAN/indicator/NY.GDP.MKTP.CD?format=json&date=2015:2024&per_page=600,2026-09-01T08:56:50Z
CAN,NY.GDP.MKTP.CD,GDP (current US$),2023,2196593836347.42,https://api.worldbank.org/v2/country/USA;CHN;IND;EUU;VNM;MEX;JPN;KOR;THA;IDN;MYS;BRA;DEU;CAN/indicator/NY.GDP.MKTP.CD?format=json&date=2015:2024&per_page=600,2026-09-01T08:56:50Z
CAN,NY.GDP.MKTP.CD,GDP (current US$),2024,2270076189683.46,https://api.worldbank.org/v2/country/USA;CHN;IND;EUU;VNM;MEX;JPN;KOR;THA;IDN;MYS;BRA;DEU;CAN/indicator/NY.GDP.MKTP.CD?format=json&date=2015:2024&per_page=600,2026-09-01T08:56:50Z
CHN,NY.GDP.MKTP.CD,GDP (current US$),2015,11280814787468.9,https://api.worldbank.org/v2/country/USA;CHN;IND;EUU;VNM;MEX;JPN;KOR;THA;IDN;MYS;BRA;DEU;CAN/indicator/NY.GDP.MKTP.CD?format=json&date=2015:2024&per_page=600,2026-09-01T08:56:50Z
CHN,NY.GDP.MKTP.CD,GDP (current US$),2016,11456024084962.0,https://api.worldbank.org/v2/country/USA;CHN;IND;EUU;VNM;MEX;JPN;KOR;THA;IDN;MYS;BRA;DEU;CAN/indicator/NY.GDP.MKTP.CD?format=json&date=2015:2024&per_page=600,2026-09-01T08:56:50Z
CHN,NY.GDP.MKTP.CD,GDP (current US$),2017,12537559062282.9,https://api.worldbank.org/v2/country/USA;CHN;IND;EUU;VNM;MEX;JPN;KOR;THA;IDN;MYS;BRA;DEU;CAN/indicator/NY.GDP.MKTP.CD?format=json&date=2015:2024&per_page=600,2026-09-01T08:56:50Z
CHN,NY.GDP.MKTP.CD,GDP (current US$),2018,14147765772963.8,https://api.worldbank.org/v2/country/USA;CHN;IND;EUU;VNM;MEX;JPN;KOR;THA;IDN;MYS;BRA;DEU;CAN/indicator/NY.GDP.MKTP.CD?format=json&date=2015:2024&per_page=600,2026-09-01T08:56:50Z
CHN,NY.GDP.MKTP.CD,GDP (current US$),2019,14560167101283.4,https://api.worldbank.org/v2/country/USA;CHN;IND;EUU;VNM;MEX;JPN;KOR;THA;IDN;MYS;BRA;DEU;CAN/indicator/NY.GDP.MKTP.CD?format=json&date=2015:2024&per_page=600,2026-09-01T08:56:50Z
CHN,NY.GDP.MKTP.CD,GDP (current US$),2020,14996414166715.1,https://api.worldbank.org/v2/country/USA;CHN;IND;EUU;VNM;MEX;JPN;KOR;THA;IDN;MYS;BRA;DEU;CAN/indicator/NY.GDP.MKTP.CD?format=json&date=2015:2024&per_page=600,2026-09-01T08:56:50Z
CHN,NY.GDP.MKTP.CD,GDP (current US$),2021,18201698719564.0,https://api.worldbank.org/v2/country/USA;CHN;IND;EUU;VNM;MEX;JPN;KOR;THA;IDN;MYS;BRA;DEU;CAN/indicator/NY.GDP.MKTP.CD?format=json&date=2015:2024&per_page=600,2026-09-01T08:56:50Z
CHN,NY.GDP.MKTP.CD,GDP (current US$),2022,18316765021690.2,https://api.worldbank.org/v2/country/USA;CHN;IND;EUU;VNM;MEX;JPN;KOR;THA;IDN;MYS;BRA;DEU;CAN/indicator/NY.GDP.MKTP.CD?format=json&date=2015:2024&per_page=600,2026-09-01T08:56:50Z
CHN,NY.GDP.MKTP.CD,GDP (current US$),2023,18270356654533.2,https://api.worldbank.org/v2/country/USA;CHN;IND;EUU;VNM;MEX;JPN;KOR;THA;IDN;MYS;BRA;DEU;CAN/indicator/NY.GDP.MKTP.CD?format=json&date=2015:2024&per_page=600,2026-09-01T08:56:50Z
CHN,NY.GDP.MKTP.CD,GDP (current US$),2024,18729668435848.0,https://api.worldbank.org/v2/country/USA;CHN;IND;EUU;VNM;MEX;JPN;KOR;THA;IDN;MYS;BRA;DEU;CAN/indicator/NY.GDP.MKTP.CD?format=json&date=2015:2024&per_page=600,2026-09-01T08:56:50Z
DEU,NY.GDP.MKTP.CD,GDP (current US$),2015,3425099578746.09,https://api.worldbank.org/v2/country/USA;CHN;IND;EUU;VNM;MEX;JPN;KOR;THA;IDN;MYS;BRA;DEU;CAN/indicator/NY.GDP.MKTP.CD?format=json&date=2015:2024&per_page=600,2026-09-01T08:56:50Z
DEU,NY.GDP.MKTP.CD,GDP (current US$),2016,3536787895179.0,https://api.worldbank.org/v2/country/USA;CHN;IND;EUU;VNM;MEX;JPN;KOR;THA;IDN;MYS;BRA;DEU;CAN/indicator/NY.GDP.MKTP.CD?format=json&date=2015:2024&per_page=600,2026-09-01T08:56:50Z
DEU,NY.GDP.MKTP.CD,GDP (current US$),2017,3765351626105.89,https://api.worldbank.org/v2/country/USA;CHN;IND;EUU;VNM;MEX;JPN;KOR;THA;IDN;MYS;BRA;DEU;CAN/indicator/NY.GDP.MKTP.CD?format=json&date=2015:2024&per_page=600,2026-09-01T08:56:50Z
DEU,NY.GDP.MKTP.CD,GDP (current US$),2018,4055433215301.96,https://api.worldbank.org/v2/country/USA;CHN;IND;EUU;VNM;MEX;JPN;KOR;THA;IDN;MYS;BRA;DEU;CAN/indicator/NY.GDP.MKTP.CD?format=json&date=2015:2024&per_page=600,2026-09-01T08:56:50Z
DEU,NY.GDP.MKTP.CD,GDP (current US$),2019,3959894794039.21,https://api.worldbank.org/v2/country/USA;CHN;IND;EUU;VNM;MEX;JPN;KOR;THA;IDN;MYS;BRA;DEU;CAN/indicator/NY.GDP.MKTP.CD?format=json&date=2015:2024&per_page=600,2026-09-01T08:56:50Z
DEU,NY.GDP.MKTP.CD,GDP (current US$),2020,3941398957073.94,https://api.worldbank.org/v2/country/USA;CHN;IND;EUU;VNM;MEX;JPN;KOR;THA;IDN;MYS;BRA;DEU;CAN/indicator/NY.GDP.MKTP.CD?format=json&date=2015:2024&per_page=600,2026-09-01T08:56:50Z
DEU,NY.GDP.MKTP.CD,GDP (current US$),2021,4355251953410.78,https://api.worldbank.org/v2/country/USA;CHN;IND;EUU;VNM;MEX;JPN;KOR;THA;IDN;MYS;BRA;DEU;CAN/indicator/NY.GDP.MKTP.CD?format=json&date=2015:2024&per_page=600,2026-09-01T08:56:50Z
DEU,NY.GDP.MKTP.CD,GDP (current US$),2022,4201021706478.62,https://api.worldbank.org/v2/country/USA;CHN;IND;EUU;VNM;MEX;JPN;KOR;THA;IDN;MYS;BRA;DEU;CAN/indicator/NY.GDP.MKTP.CD?format=json&date=2015:2024&per_page=600,2026-09-01T08:56:50Z
DEU,NY.GDP.MKTP.CD,GDP (current US$),2023,4562207532490.28,https://api.worldbank.org/v2/country/USA;CHN;IND;EUU;VNM;MEX;JPN;KOR;THA;IDN;MYS;BRA;DEU;CAN/indicator/NY.GDP.MKTP.CD?format=json&date=2015:2024&per_page=600,2026-09-01T08:56:50Z
DEU,NY.GDP.MKTP.CD,GDP (current US$),2024,4685592577804.69,https://api.worldbank.org/v2/country/USA;CHN;IND;EUU;VNM;MEX;JPN;KOR;THA;IDN;MYS;BRA;DEU;CAN/indicator/NY.GDP.MKTP.CD?format=json&date=2015:2024&per_page=600,2026-09-01T08:56:50Z
EUU,NY.GDP.MKTP.CD,GDP (current US$),2015,13656255577702.6,https://api.worldbank.org/v2/country/USA;CHN;IND;EUU;VNM;MEX;JPN;KOR;THA;IDN;MYS;BRA;DEU;CAN/indicator/NY.GDP.MKTP.CD?format=json&date=2015:2024&per_page=600,2026-09-01T08:56:50Z
EUU,NY.GDP.MKTP.CD,GDP (current US$),2016,13988150566298.6,https://api.worldbank.org/v2/country/USA;CHN;IND;EUU;VNM;MEX;JPN;KOR;THA;IDN;MYS;BRA;DEU;CAN/indicator/NY.GDP.MKTP.CD?format=json&date=2015:2024&per_page=600,2026-09-01T08:56:50Z
EUU,NY.GDP.MKTP.CD,GDP (current US$),2017,14871316217995.7,https://api.worldbank.org/v2/country/USA;CHN;IND;EUU;VNM;MEX;JPN;KOR;THA;IDN;MYS;BRA;DEU;CAN/indicator/NY.GDP.MKTP.CD?format=json&date=2015:2024&per_page=600,2026-09-01T08:56:50Z
EUU,NY.GDP.MKTP.CD,GDP (current US$),2018,16092407006604.4,https://api.worldbank.org/v2/country/USA;CHN;IND;EUU;VNM;MEX;JPN;KOR;THA;IDN;MYS;BRA;DEU;CAN/indicator/NY.GDP.MKTP.CD?format=json&date=2015:2024&per_page=600,2026-09-01T08:56:50Z
EUU,NY.GDP.MKTP.CD,GDP (current US$),2019,15809077129406.2,https://api.worldbank.org/v2/country/USA;CHN;IND;EUU;VNM;MEX;JPN;KOR;THA;IDN;MYS;BRA;DEU;CAN/indicator/NY.GDP.MKTP.CD?format=json&date=2015:2024&per_page=600,2026-09-01T08:56:50Z
EUU,NY.GDP.MKTP.CD,GDP (current US$),2020,15504058553907.7,https://api.worldbank.org/v2/country/USA;CHN;IND;EUU;VNM;MEX;JPN;KOR;THA;IDN;MYS;BRA;DEU;CAN/indicator/NY.GDP.MKTP.CD?format=json&date=2015:2024&per_page=600,2026-09-01T08:56:50Z
EUU,NY.GDP.MKTP.CD,GDP (current US$),2021,17495257191725.6,https://api.worldbank.org/v2/country/USA;CHN;IND;EUU;VNM;MEX;JPN;KOR;THA;IDN;MYS;BRA;DEU;CAN/indicator/NY.GDP.MKTP.CD?format=json&date=2015:2024&per_page=600,2026-09-01T08:56:50Z
EUU,NY.GDP.MKTP.CD,GDP (current US$),2022,17023620598906.4,https://api.worldbank.org/v2/country/USA;CHN;IND;EUU;VNM;MEX;JPN;KOR;THA;IDN;MYS;BRA;DEU;CAN/indicator/NY.GDP.MKTP.CD?format=json&date=2015:2024&per_page=600,2026-09-01T08:56:50Z
EUU,NY.GDP.MKTP.CD,GDP (current US$),2023,18659279022583.3,https://api.worldbank.org/v2/country/USA;CHN;IND;EUU;VNM;MEX;JPN;KOR;THA;IDN;MYS;BRA;DEU;CAN/indicator/NY.GDP.MKTP.CD?format=json&date=2015:2024&per_page=600,2026-09-01T08:56:50Z
EUU,NY.GDP.MKTP.CD,GDP (current US$),2024,19501078750999.4,https://api.worldbank.org/v2/country/USA;CHN;IND;EUU;VNM;MEX;JPN;KOR;THA;IDN;MYS;BRA;DEU;CAN/indicator/NY.GDP.MKTP.CD?format=json&date=2015:2024&per_page=600,2026-09-01T08:56:50Z
IDN,NY.GDP.MKTP.CD,GDP (current US$),2015,860854232686.21,https://api.worldbank.org/v2/country/USA;CHN;IND;EUU;VNM;MEX;JPN;KOR;THA;IDN;MYS;BRA;DEU;CAN/indicator/NY.GDP.MKTP.CD?format=json&date=2015:2024&per_page=600,2026-09-01T08:56:50Z
IDN,NY.GDP.MKTP.CD,GDP (current US$),2016,931877364037.7,https://api.worldbank.org/v2/country/USA;CHN;IND;EUU;VNM;MEX;JPN;KOR;THA;IDN;MYS;BRA;DEU;CAN/indicator/NY.GDP.MKTP.CD?format=json&date=2015:2024&per_page=600,2026-09-01T08:56:50Z
IDN,NY.GDP.MKTP.CD,GDP (current US$),2017,1015618744159.73,https://api.worldbank.org/v2/country/USA;CHN;IND;EUU;VNM;MEX;JPN;KOR;THA;IDN;MYS;BRA;DEU;CAN/indicator/NY.GDP.MKTP.CD?format=json&date=2015:2024&per_page=600,2026-09-01T08:56:50Z
IDN,NY.GDP.MKTP.CD,GDP (current US$),2018,1042271532988.63,https://api.worldbank.org/v2/country/USA;CHN;IND;EUU;VNM;MEX;JPN;KOR;THA;IDN;MYS;BRA;DEU;CAN/indicator/NY.GDP.MKTP.CD?format=json&date=2015:2024&per_page=600,2026-09-01T08:56:50Z
IDN,NY.GDP.MKTP.CD,GDP (current US$),2019,1119099871350.2,https://api.worldbank.org/v2/country/USA;CHN;IND;EUU;VNM;MEX;JPN;KOR;THA;IDN;MYS;BRA;DEU;CAN/indicator/NY.GDP.MKTP.CD?format=json&date=2015:2024&per_page=600,2026-09-01T08:56:50Z
IDN,NY.GDP.MKTP.CD,GDP (current US$),2020,1059054842698.48,https://api.worldbank.org/v2/country/USA;CHN;IND;EUU;VNM;MEX;JPN;KOR;THA;IDN;MYS;BRA;DEU;CAN/indicator/NY.GDP.MKTP.CD?format=json&date=2015:2024&per_page=600,2026-09-01T08:56:50Z
IDN,NY.GDP.MKTP.CD,GDP (current US$),2021,1186509691086.73,https://api.worldbank.org/v2/country/USA;CHN;IND;EUU;VNM;MEX;JPN;KOR;THA;IDN;MYS;BRA;DEU;CAN/indicator/NY.GDP.MKTP.CD?format=json&date=2015:2024&per_page=600,2026-09-01T08:56:50Z
IDN,NY.GDP.MKTP.CD,GDP (current US$),2022,1319101183380.15,https://api.worldbank.org/v2/country/USA;CHN;IND;EUU;VNM;MEX;JPN;KOR;THA;IDN;MYS;BRA;DEU;CAN/indicator/NY.GDP.MKTP.CD?format=json&date=2015:2024&per_page=600,2026-09-01T08:56:50Z
IDN,NY.GDP.MKTP.CD,GDP (current US$),2023,1371166925749.88,https://api.worldbank.org/v2/country/USA;CHN;IND;EUU;VNM;MEX;JPN;KOR;THA;IDN;MYS;BRA;DEU;CAN/indicator/NY.GDP.MKTP.CD?format=json&date=2015:2024&per_page=600,2026-09-01T08:56:50Z
IDN,NY.GDP.MKTP.CD,GDP (current US$),2024,1396301788461.69,https://api.worldbank.org/v2/country/USA;CHN;IND;EUU;VNM;MEX;JPN;KOR;THA;IDN;MYS;BRA;DEU;CAN/indicator/NY.GDP.MKTP.CD?format=json&date=2015:2024&per_page=600,2026-09-01T08:56:50Z
IND,NY.GDP.MKTP.CD,GDP (current US$),2015,2103588360044.94,https://api.worldbank.org/v2/country/USA;CHN;IND;EUU;VNM;MEX;JPN;KOR;THA;IDN;MYS;BRA;DEU;CAN/indicator/NY.GDP.MKTP.CD?format=json&date=2015:2024&per_page=600,2026-09-01T08:56:50Z
IND,NY.GDP.MKTP.CD,GDP (current US$),2016,2294796885663.16,https://api.worldbank.org/v2/country/USA;CHN;IND;EUU;VNM;MEX;JPN;KOR;THA;IDN;MYS;BRA;DEU;CAN/indicator/NY.GDP.MKTP.CD?format=json&date=2015:2024&per_page=600,2026-09-01T08:56:50Z
IND,NY.GDP.MKTP.CD,GDP (current US$),2017,2651474262755.45,https://api.worldbank.org/v2/country/USA;CHN;IND;EUU;VNM;MEX;JPN;KOR;THA;IDN;MYS;BRA;DEU;CAN/indicator/NY.GDP.MKTP.CD?format=json&date=2015:2024&per_page=600,2026-09-01T08:56:50Z
IND,NY.GDP.MKTP.CD,GDP (current US$),2018,2702929641648.74,https://api.worldbank.org/v2/country/USA;CHN;IND;EUU;VNM;MEX;JPN;KOR;THA;IDN;MYS;BRA;DEU;CAN/indicator/NY.GDP.MKTP.CD?format=json&date=2015:2024&per_page=600,2026-09-01T08:56:50Z
IND,NY.GDP.MKTP.CD,GDP (current US$),2019,2835606256558.19,https://api.worldbank.org/v2/country/USA;CHN;IND;EUU;VNM;MEX;JPN;KOR;THA;IDN;MYS;BRA;DEU;CAN/indicator/NY.GDP.MKTP.CD?format=json&date=2015:2024&per_page=600,2026-09-01T08:56:50Z
IND,NY.GDP.MKTP.CD,GDP (current US$),2020,2674851578587.27,https://api.worldbank.org/v2/country/USA;CHN;IND;EUU;VNM;MEX;JPN;KOR;THA;IDN;MYS;BRA;DEU;CAN/indicator/NY.GDP.MKTP.CD?format=json&date=2015:2024&per_page=600,2026-09-01T08:56:50Z
IND,NY.GDP.MKTP.CD,GDP (current US$),2021,3167270623260.47,https://api.worldbank.org/v2/country/USA;CHN;IND;EUU;VNM;MEX;JPN;KOR;THA;IDN;MYS;BRA;DEU;CAN/indicator/NY.GDP.MKTP.CD?format=json&date=2015:2024&per_page=600,2026-09-01T08:56:50Z
IND,NY.GDP.MKTP.CD,GDP (current US$),2022,3249938492013.47,https://api.worldbank.org/v2/country/USA;CHN;IND;EUU;VNM;MEX;JPN;KOR;THA;IDN;MYS;BRA;DEU;CAN/indicator/NY.GDP.MKTP.CD?format=json&date=2015:2024&per_page=600,2026-09-01T08:56:50Z
IND,NY.GDP.MKTP.CD,GDP (current US$),2023,3500906030644.76,https://api.worldbank.org/v2/country/USA;CHN;IND;EUU;VNM;MEX;JPN;KOR;THA;IDN;MYS;BRA;DEU;CAN/indicator/NY.GDP.MKTP.CD?format=json&date=2015:2024&per_page=600,2026-09-01T08:56:50Z
IND,NY.GDP.MKTP.CD,GDP (current US$),2024,3760813470500.86,https://api.worldbank.org/v2/country/USA;CHN;IND;EUU;VNM;MEX;JPN;KOR;THA;IDN;MYS;BRA;DEU;CAN/indicator/NY.GDP.MKTP.CD?format=json&date=2015:2024&per_page=600,2026-09-01T08:56:50Z
JPN,NY.GDP.MKTP.CD,GDP (current US$),2015,4534438580494.94,https://api.worldbank.org/v2/country/USA;CHN;IND;EUU;VNM;MEX;JPN;KOR;THA;IDN;MYS;BRA;DEU;CAN/indicator/NY.GDP.MKTP.CD?format=json&date=2015:2024&per_page=600,2026-09-01T08:56:50Z
JPN,NY.GDP.MKTP.CD,GDP (current US$),2016,5110357383254.44,https://api.worldbank.org/v2/country/USA;CHN;IND;EUU;VNM;MEX;JPN;KOR;THA;IDN;MYS;BRA;DEU;CAN/indicator/NY.GDP.MKTP.CD?format=json&date=2015:2024&per_page=600,2026-09-01T08:56:50Z
JPN,NY.GDP.MKTP.CD,GDP (current US$),2017,5038231631660.71,https://api.worldbank.org/v2/country/USA;CHN;IND;EUU;VNM;MEX;JPN;KOR;THA;IDN;MYS;BRA;DEU;CAN/indicator/NY.GDP.MKTP.CD?format=json&date=2015:2024&per_page=600,2026-09-01T08:56:50Z
JPN,NY.GDP.MKTP.CD,GDP (current US$),2018,5154293721629.56,https://api.worldbank.org/v2/country/USA;CHN;IND;EUU;VNM;MEX;JPN;KOR;THA;IDN;MYS;BRA;DEU;CAN/indicator/NY.GDP.MKTP.CD?format=json&date=2015:2024&per_page=600,2026-09-01T08:56:50Z
JPN,NY.GDP.MKTP.CD,GDP (current US$),2019,5245755000479.03,https://api.worldbank.org/v2/country/USA;CHN;IND;EUU;VNM;MEX;JPN;KOR;THA;IDN;MYS;BRA;DEU;CAN/indicator/NY.GDP.MKTP.CD?format=json&date=2015:2024&per_page=600,2026-09-01T08:56:50Z
JPN,NY.GDP.MKTP.CD,GDP (current US$),2020,5189197543645.38,https://api.worldbank.org/v2/country/USA;CHN;IND;EUU;VNM;MEX;JPN;KOR;THA;IDN;MYS;BRA;DEU;CAN/indicator/NY.GDP.MKTP.CD?format=json&date=2015:2024&per_page=600,2026-09-01T08:56:50Z
JPN,NY.GDP.MKTP.CD,GDP (current US$),2021,5225933520753.1,https://api.worldbank.org/v2/country/USA;CHN;IND;EUU;VNM;MEX;JPN;KOR;THA;IDN;MYS;BRA;DEU;CAN/indicator/NY.GDP.MKTP.CD?format=json&date=2015:2024&per_page=600,2026-09-01T08:56:50Z
JPN,NY.GDP.MKTP.CD,GDP (current US$),2022,4447976207314.78,https://api.worldbank.org/v2/country/USA;CHN;IND;EUU;VNM;MEX;JPN;KOR;THA;IDN;MYS;BRA;DEU;CAN/indicator/NY.GDP.MKTP.CD?format=json&date=2015:2024&per_page=600,2026-09-01T08:56:50Z
JPN,NY.GDP.MKTP.CD,GDP (current US$),2023,4384854269961.93,https://api.worldbank.org/v2/country/USA;CHN;IND;EUU;VNM;MEX;JPN;KOR;THA;IDN;MYS;BRA;DEU;CAN/indicator/NY.GDP.MKTP.CD?format=json&date=2015:2024&per_page=600,2026-09-01T08:56:50Z
JPN,NY.GDP.MKTP.CD,GDP (current US$),2024,4190008188358.57,https://api.worldbank.org/v2/country/USA;CHN;IND;EUU;VNM;MEX;JPN;KOR;THA;IDN;MYS;BRA;DEU;CAN/indicator/NY.GDP.MKTP.CD?format=json&date=2015:2024&per_page=600,2026-09-01T08:56:50Z
KOR,NY.GDP.MKTP.CD,GDP (current US$),2015,1539212301135.55,https://api.worldbank.org/v2/country/USA;CHN;IND;EUU;VNM;MEX;JPN;KOR;THA;IDN;MYS;BRA;DEU;CAN/indicator/NY.GDP.MKTP.CD?format=json&date=2015:2024&per_page=600,2026-09-01T08:56:50Z
KOR,NY.GDP.MKTP.CD,GDP (current US$),2016,1579150518945.44,https://api.worldbank.org/v2/country/USA;CHN;IND;EUU;VNM;MEX;JPN;KOR;THA;IDN;MYS;BRA;DEU;CAN/indicator/NY.GDP.MKTP.CD?format=json&date=2015:2024&per_page=600,2026-09-01T08:56:50Z
KOR,NY.GDP.MKTP.CD,GDP (current US$),2017,1710196756713.17,https://api.worldbank.org/v2/country/USA;CHN;IND;EUU;VNM;MEX;JPN;KOR;THA;IDN;MYS;BRA;DEU;CAN/indicator/NY.GDP.MKTP.CD?format=json&date=2015:2024&per_page=600,2026-09-01T08:56:50Z
KOR,NY.GDP.MKTP.CD,GDP (current US$),2018,1824251454306.83,https://api.worldbank.org/v2/country/USA;CHN;IND;EUU;VNM;MEX;JPN;KOR;THA;IDN;MYS;BRA;DEU;CAN/indicator/NY.GDP.MKTP.CD?format=json&date=2015:2024&per_page=600,2026-09-01T08:56:50Z
KOR,NY.GDP.MKTP.CD,GDP (current US$),2019,1751045752054.63,https://api.worldbank.org/v2/country/USA;CHN;IND;EUU;VNM;MEX;JPN;KOR;THA;IDN;MYS;BRA;DEU;CAN/indicator/NY.GDP.MKTP.CD?format=json&date=2015:2024&per_page=600,2026-09-01T08:56:50Z
KOR,NY.GDP.MKTP.CD,GDP (current US$),2020,1744070276373.34,https://api.worldbank.org/v2/country/USA;CHN;IND;EUU;VNM;MEX;JPN;KOR;THA;IDN;MYS;BRA;DEU;CAN/indicator/NY.GDP.MKTP.CD?format=json&date=2015:2024&per_page=600,2026-09-01T08:56:50Z
KOR,NY.GDP.MKTP.CD,GDP (current US$),2021,1942313560965.9,https://api.worldbank.org/v2/country/USA;CHN;IND;EUU;VNM;MEX;JPN;KOR;THA;IDN;MYS;BRA;DEU;CAN/indicator/NY.GDP.MKTP.CD?format=json&date=2015:2024&per_page=600,2026-09-01T08:56:50Z
KOR,NY.GDP.MKTP.CD,GDP (current US$),2022,1799363116866.52,https://api.worldbank.org/v2/country/USA;CHN;IND;EUU;VNM;MEX;JPN;KOR;THA;IDN;MYS;BRA;DEU;CAN/indicator/NY.GDP.MKTP.CD?format=json&date=2015:2024&per_page=600,2026-09-01T08:56:50Z
KOR,NY.GDP.MKTP.CD,GDP (current US$),2023,1844800934391.54,https://api.worldbank.org/v2/country/USA;CHN;IND;EUU;VNM;MEX;JPN;KOR;THA;IDN;MYS;BRA;DEU;CAN/indicator/NY.GDP.MKTP.CD?format=json&date=2015:2024&per_page=600,2026-09-01T08:56:50Z
KOR,NY.GDP.MKTP.CD,GDP (current US$),2024,1875388209406.8,https://api.worldbank.org/v2/country/USA;CHN;IND;EUU;VNM;MEX;JPN;KOR;THA;IDN;MYS;BRA;DEU;CAN/indicator/NY.GDP.MKTP.CD?format=json&date=2015:2024&per_page=600,2026-09-01T08:56:50Z
MEX,NY.GDP.MKTP.CD,GDP (current US$),2015,1213294467653.78,https://api.worldbank.org/v2/country/USA;CHN;IND;EUU;VNM;MEX;JPN;KOR;THA;IDN;MYS;BRA;DEU;CAN/indicator/NY.GDP.MKTP.CD?format=json&date=2015:2024&per_page=600,2026-09-01T08:56:50Z
MEX,NY.GDP.MKTP.CD,GDP (current US$),2016,1112233497452.7,https://api.worldbank.org/v2/country/USA;CHN;IND;EUU;VNM;MEX;JPN;KOR;THA;IDN;MYS;BRA;DEU;CAN/indicator/NY.GDP.MKTP.CD?format=json&date=2015:2024&per_page=600,2026-09-01T08:56:50Z
MEX,NY.GDP.MKTP.CD,GDP (current US$),2017,1190721475853.16,https://api.worldbank.org/v2/country/USA;CHN;IND;EUU;VNM;MEX;JPN;KOR;THA;IDN;MYS;BRA;DEU;CAN/indicator/NY.GDP.MKTP.CD?format=json&date=2015:2024&per_page=600,2026-09-01T08:56:50Z
MEX,NY.GDP.MKTP.CD,GDP (current US$),2018,1256300182983.65,https://api.worldbank.org/v2/country/USA;CHN;IND;EUU;VNM;MEX;JPN;KOR;THA;IDN;MYS;BRA;DEU;CAN/indicator/NY.GDP.MKTP.CD?format=json&date=2015:2024&per_page=600,2026-09-01T08:56:50Z
MEX,NY.GDP.MKTP.CD,GDP (current US$),2019,1304106204006.27,https://api.worldbank.org/v2/country/USA;CHN;IND;EUU;VNM;MEX;JPN;KOR;THA;IDN;MYS;BRA;DEU;CAN/indicator/NY.GDP.MKTP.CD?format=json&date=2015:2024&per_page=600,2026-09-01T08:56:50Z
MEX,NY.GDP.MKTP.CD,GDP (current US$),2020,1121064767168.8,https://api.worldbank.org/v2/country/USA;CHN;IND;EUU;VNM;MEX;JPN;KOR;THA;IDN;MYS;BRA;DEU;CAN/indicator/NY.GDP.MKTP.CD?format=json&date=2015:2024&per_page=600,2026-09-01T08:56:50Z
MEX,NY.GDP.MKTP.CD,GDP (current US$),2021,1316569466833.94,https://api.worldbank.org/v2/country/USA;CHN;IND;EUU;VNM;MEX;JPN;KOR;THA;IDN;MYS;BRA;DEU;CAN/indicator/NY.GDP.MKTP.CD?format=json&date=2015:2024&per_page=600,2026-09-01T08:56:50Z
MEX,NY.GDP.MKTP.CD,GDP (current US$),2022,1466934724243.38,https://api.worldbank.org/v2/country/USA;CHN;IND;EUU;VNM;MEX;JPN;KOR;THA;IDN;MYS;BRA;DEU;CAN/indicator/NY.GDP.MKTP.CD?format=json&date=2015:2024&per_page=600,2026-09-01T08:56:50Z
MEX,NY.GDP.MKTP.CD,GDP (current US$),2023,1794410347718.25,https://api.worldbank.org/v2/country/USA;CHN;IND;EUU;VNM;MEX;JPN;KOR;THA;IDN;MYS;BRA;DEU;CAN/indicator/NY.GDP.MKTP.CD?format=json&date=2015:2024&per_page=600,2026-09-01T08:56:50Z
MEX,NY.GDP.MKTP.CD,GDP (current US$),2024,1830489311088.89,https://api.worldbank.org/v2/country/USA;CHN;IND;EUU;VNM;MEX;JPN;KOR;THA;IDN;MYS;BRA;DEU;CAN/indicator/NY.GDP.MKTP.CD?format=json&date=2015:2024&per_page=600,2026-09-01T08:56:50Z
MYS,NY.GDP.MKTP.CD,GDP (current US$),2015,301355266964.95,https://api.worldbank.org/v2/country/USA;CHN;IND;EUU;VNM;MEX;JPN;KOR;THA;IDN;MYS;BRA;DEU;CAN/indicator/NY.GDP.MKTP.CD?format=json&date=2015:2024&per_page=600,2026-09-01T08:56:50Z
MYS,NY.GDP.MKTP.CD,GDP (current US$),2016,301256033870.33,https://api.worldbank.org/v2/country/USA;CHN;IND;EUU;VNM;MEX;JPN;KOR;THA;IDN;MYS;BRA;DEU;CAN/indicator/NY.GDP.MKTP.CD?format=json&date=2015:2024&per_page=600,2026-09-01T08:56:50Z
MYS,NY.GDP.MKTP.CD,GDP (current US$),2017,319109094160.34,https://api.worldbank.org/v2/country/USA;CHN;IND;EUU;VNM;MEX;JPN;KOR;THA;IDN;MYS;BRA;DEU;CAN/indicator/NY.GDP.MKTP.CD?format=json&date=2015:2024&per_page=600,2026-09-01T08:56:50Z
MYS,NY.GDP.MKTP.CD,GDP (current US$),2018,358788845712.53,https://api.worldbank.org/v2/country/USA;CHN;IND;EUU;VNM;MEX;JPN;KOR;THA;IDN;MYS;BRA;DEU;CAN/indicator/NY.GDP.MKTP.CD?format=json&date=2015:2024&per_page=600,2026-09-01T08:56:50Z
MYS,NY.GDP.MKTP.CD,GDP (current US$),2019,365177721021.52,https://api.worldbank.org/v2/country/USA;CHN;IND;EUU;VNM;MEX;JPN;KOR;THA;IDN;MYS;BRA;DEU;CAN/indicator/NY.GDP.MKTP.CD?format=json&date=2015:2024&per_page=600,2026-09-01T08:56:50Z
MYS,NY.GDP.MKTP.CD,GDP (current US$),2020,337456163961.21,https://api.worldbank.org/v2/country/USA;CHN;IND;EUU;VNM;MEX;JPN;KOR;THA;IDN;MYS;BRA;DEU;CAN/indicator/NY.GDP.MKTP.CD?format=json&date=2015:2024&per_page=600,2026-09-01T08:56:50Z
MYS,NY.GDP.MKTP.CD,GDP (current US$),2021,373784553029.98,https://api.worldbank.org/v2/country/USA;CHN;IND;EUU;VNM;MEX;JPN;KOR;THA;IDN;MYS;BRA;DEU;CAN/indicator/NY.GDP.MKTP.CD?format=json&date=2015:2024&per_page=600,2026-09-01T08:56:50Z
MYS,NY.GDP.MKTP.CD,GDP (current US$),2022,407830525989.55,https://api.worldbank.org/v2/country/USA;CHN;IND;EUU;VNM;MEX;JPN;KOR;THA;IDN;MYS;BRA;DEU;CAN/indicator/NY.GDP.MKTP.CD?format=json&date=2015:2024&per_page=600,2026-09-01T08:56:50Z
MYS,NY.GDP.MKTP.CD,GDP (current US$),2023,399949418752.66,https://api.worldbank.org/v2/country/USA;CHN;IND;EUU;VNM;MEX;JPN;KOR;THA;IDN;MYS;BRA;DEU;CAN/indicator/NY.GDP.MKTP.CD?format=json&date=2015:2024&per_page=600,2026-09-01T08:56:50Z
MYS,NY.GDP.MKTP.CD,GDP (current US$),2024,422227005428.69,https://api.worldbank.org/v2/country/USA;CHN;IND;EUU;VNM;MEX;JPN;KOR;THA;IDN;MYS;BRA;DEU;CAN/indicator/NY.GDP.MKTP.CD?format=json&date=2015:2024&per_page=600,2026-09-01T08:56:50Z
THA,NY.GDP.MKTP.CD,GDP (current US$),2015,401296238228.08,https://api.worldbank.org/v2/country/USA;CHN;IND;EUU;VNM;MEX;JPN;KOR;THA;IDN;MYS;BRA;DEU;CAN/indicator/NY.GDP.MKTP.CD?format=json&date=2015:2024&per_page=600,2026-09-01T08:56:50Z
THA,NY.GDP.MKTP.CD,GDP (current US$),2016,413366349747.51,https://api.worldbank.org/v2/country/USA;CHN;IND;EUU;VNM;MEX;JPN;KOR;THA;IDN;MYS;BRA;DEU;CAN/indicator/NY.GDP.MKTP.CD?format=json&date=2015:2024&per_page=600,2026-09-01T08:56:50Z
THA,NY.GDP.MKTP.CD,GDP (current US$),2017,456356813536.76,https://api.worldbank.org/v2/country/USA;CHN;IND;EUU;VNM;MEX;JPN;KOR;THA;IDN;MYS;BRA;DEU;CAN/indicator/NY.GDP.MKTP.CD?format=json&date=2015:2024&per_page=600,2026-09-01T08:56:50Z
THA,NY.GDP.MKTP.CD,GDP (current US$),2018,506754208404.49,https://api.worldbank.org/v2/country/USA;CHN;IND;EUU;VNM;MEX;JPN;KOR;THA;IDN;MYS;BRA;DEU;CAN/indicator/NY.GDP.MKTP.CD?format=json&date=2015:2024&per_page=600,2026-09-01T08:56:50Z
THA,NY.GDP.MKTP.CD,GDP (current US$),2019,543976691793.89,https://api.worldbank.org/v2/country/USA;CHN;IND;EUU;VNM;MEX;JPN;KOR;THA;IDN;MYS;BRA;DEU;CAN/indicator/NY.GDP.MKTP.CD?format=json&date=2015:2024&per_page=600,2026-09-01T08:56:50Z
THA,NY.GDP.MKTP.CD,GDP (current US$),2020,500274927778.53,https://api.worldbank.org/v2/country/USA;CHN;IND;EUU;VNM;MEX;JPN;KOR;THA;IDN;MYS;BRA;DEU;CAN/indicator/NY.GDP.MKTP.CD?format=json&date=2015:2024&per_page=600,2026-09-01T08:56:50Z
THA,NY.GDP.MKTP.CD,GDP (current US$),2021,506049783824.94,https://api.worldbank.org/v2/country/USA;CHN;IND;EUU;VNM;MEX;JPN;KOR;THA;IDN;MYS;BRA;DEU;CAN/indicator/NY.GDP.MKTP.CD?format=json&date=2015:2024&per_page=600,2026-09-01T08:56:50Z
THA,NY.GDP.MKTP.CD,GDP (current US$),2022,495691837308.03,https://api.worldbank.org/v2/country/USA;CHN;IND;EUU;VNM;MEX;JPN;KOR;THA;IDN;MYS;BRA;DEU;CAN/indicator/NY.GDP.MKTP.CD?format=json&date=2015:2024&per_page=600,2026-09-01T08:56:50Z
THA,NY.GDP.MKTP.CD,GDP (current US$),2023,517013369475.12,https://api.worldbank.org/v2/country/USA;CHN;IND;EUU;VNM;MEX;JPN;KOR;THA;IDN;MYS;BRA;DEU;CAN/indicator/NY.GDP.MKTP.CD?format=json&date=2015:2024&per_page=600,2026-09-01T08:56:50Z
THA,NY.GDP.MKTP.CD,GDP (current US$),2024,529385520941.54,https://api.worldbank.org/v2/country/USA;CHN;IND;EUU;VNM;MEX;JPN;KOR;THA;IDN;MYS;BRA;DEU;CAN/indicator/NY.GDP.MKTP.CD?format=json&date=2015:2024&per_page=600,2026-09-01T08:56:50Z
USA,NY.GDP.MKTP.CD,GDP (current US$),2015,18295019000000.0,https://api.worldbank.org/v2/country/USA;CHN;IND;EUU;VNM;MEX;JPN;KOR;THA;IDN;MYS;BRA;DEU;CAN/indicator/NY.GDP.MKTP.CD?format=json&date=2015:2024&per_page=600,2026-09-01T08:56:50Z
USA,NY.GDP.MKTP.CD,GDP (current US$),2016,18804913000000.0,https://api.worldbank.org/v2/country/USA;CHN;IND;EUU;VNM;MEX;JPN;KOR;THA;IDN;MYS;BRA;DEU;CAN/indicator/NY.GDP.MKTP.CD?format=json&date=2015:2024&per_page=600,2026-09-01T08:56:50Z
USA,NY.GDP.MKTP.CD,GDP (current US$),2017,19612102000000.0,https://api.worldbank.org/v2/country/USA;CHN;IND;EUU;VNM;MEX;JPN;KOR;THA;IDN;MYS;BRA;DEU;CAN/indicator/NY.GDP.MKTP.CD?format=json&date=2015:2024&per_page=600,2026-09-01T08:56:50Z
USA,NY.GDP.MKTP.CD,GDP (current US$),2018,20656516000000.0,https://api.worldbank.org/v2/country/USA;CHN;IND;EUU;VNM;MEX;JPN;KOR;THA;IDN;MYS;BRA;DEU;CAN/indicator/NY.GDP.MKTP.CD?format=json&date=2015:2024&per_page=600,2026-09-01T08:56:50Z
USA,NY.GDP.MKTP.CD,GDP (current US$),2019,21539982000000.0,https://api.worldbank.org/v2/country/USA;CHN;IND;EUU;VNM;MEX;JPN;KOR;THA;IDN;MYS;BRA;DEU;CAN/indicator/NY.GDP.MKTP.CD?format=json&date=2015:2024&per_page=600,2026-09-01T08:56:50Z
USA,NY.GDP.MKTP.CD,GDP (current US$),2020,21375281000000.0,https://api.worldbank.org/v2/country/USA;CHN;IND;EUU;VNM;MEX;JPN;KOR;THA;IDN;MYS;BRA;DEU;CAN/indicator/NY.GDP.MKTP.CD?format=json&date=2015:2024&per_page=600,2026-09-01T08:56:50Z
USA,NY.GDP.MKTP.CD,GDP (current US$),2021,23725645000000.0,https://api.worldbank.org/v2/country/USA;CHN;IND;EUU;VNM;MEX;JPN;KOR;THA;IDN;MYS;BRA;DEU;CAN/indicator/NY.GDP.MKTP.CD?format=json&date=2015:2024&per_page=600,2026-09-01T08:56:50Z
USA,NY.GDP.MKTP.CD,GDP (current US$),2022,26054614000000.0,https://api.worldbank.org/v2/country/USA;CHN;IND;EUU;VNM;MEX;JPN;KOR;THA;IDN;MYS;BRA;DEU;CAN/indicator/NY.GDP.MKTP.CD?format=json&date=2015:2024&per_page=600,2026-09-01T08:56:50Z
USA,NY.GDP.MKTP.CD,GDP (current US$),2023,27811517000000.0,https://api.worldbank.org/v2/country/USA;CHN;IND;EUU;VNM;MEX;JPN;KOR;THA;IDN;MYS;BRA;DEU;CAN/indicator/NY.GDP.MKTP.CD?format=json&date=2015:2024&per_page=600,2026-09-01T08:56:50Z
USA,NY.GDP.MKTP.CD,GDP (current US$),2024,29298013000000.0,https://api.worldbank.org/v2/country/USA;CHN;IND;EUU;VNM;MEX;JPN;KOR;THA;IDN;MYS;BRA;DEU;CAN/indicator/NY.GDP.MKTP.CD?format=json&date=2015:2024&per_page=600,2026-09-01T08:56:50Z
VNM,NY.GDP.MKTP.CD,GDP (current US$),2015,239258328381.74,https://api.worldbank.org/v2/country/USA;CHN;IND;EUU;VNM;MEX;JPN;KOR;THA;IDN;MYS;BRA;DEU;CAN/indicator/NY.GDP.MKTP.CD?format=json&date=2015:2024&per_page=600,2026-09-01T08:56:50Z
VNM,NY.GDP.MKTP.CD,GDP (current US$),2016,257096001177.98,https://api.worldbank.org/v2/country/USA;CHN;IND;EUU;VNM;MEX;JPN;KOR;THA;IDN;MYS;BRA;DEU;CAN/indicator/NY.GDP.MKTP.CD?format=json&date=2015:2024&per_page=600,2026-09-01T08:56:50Z
VNM,NY.GDP.MKTP.CD,GDP (current US$),2017,281353605986.9,https://api.worldbank.org/v2/country/USA;CHN;IND;EUU;VNM;MEX;JPN;KOR;THA;IDN;MYS;BRA;DEU;CAN/indicator/NY.GDP.MKTP.CD?format=json&date=2015:2024&per_page=600,2026-09-01T08:56:50Z
VNM,NY.GDP.MKTP.CD,GDP (current US$),2018,310106478394.66,https://api.worldbank.org/v2/country/USA;CHN;IND;EUU;VNM;MEX;JPN;KOR;THA;IDN;MYS;BRA;DEU;CAN/indicator/NY.GDP.MKTP.CD?format=json&date=2015:2024&per_page=600,2026-09-01T08:56:50Z
VNM,NY.GDP.MKTP.CD,GDP (current US$),2019,334365270496.67,https://api.worldbank.org/v2/country/USA;CHN;IND;EUU;VNM;MEX;JPN;KOR;THA;IDN;MYS;BRA;DEU;CAN/indicator/NY.GDP.MKTP.CD?format=json&date=2015:2024&per_page=600,2026-09-01T08:56:50Z
VNM,NY.GDP.MKTP.CD,GDP (current US$),2020,346615738537.8,https://api.worldbank.org/v2/country/USA;CHN;IND;EUU;VNM;MEX;JPN;KOR;THA;IDN;MYS;BRA;DEU;CAN/indicator/NY.GDP.MKTP.CD?format=json&date=2015:2024&per_page=600,2026-09-01T08:56:50Z
VNM,NY.GDP.MKTP.CD,GDP (current US$),2021,366474752771.01,https://api.worldbank.org/v2/country/USA;CHN;IND;EUU;VNM;MEX;JPN;KOR;THA;IDN;MYS;BRA;DEU;CAN/indicator/NY.GDP.MKTP.CD?format=json&date=2015:2024&per_page=600,2026-09-01T08:56:50Z
VNM,NY.GDP.MKTP.CD,GDP (current US$),2022,413445230668.58,https://api.worldbank.org/v2/country/USA;CHN;IND;EUU;VNM;MEX;JPN;KOR;THA;IDN;MYS;BRA;DEU;CAN/indicator/NY.GDP.MKTP.CD?format=json&date=2015:2024&per_page=600,2026-09-01T08:56:50Z
VNM,NY.GDP.MKTP.CD,GDP (current US$),2023,433805036898.47,https://api.worldbank.org/v2/country/USA;CHN;IND;EUU;VNM;MEX;JPN;KOR;THA;IDN;MYS;BRA;DEU;CAN/indicator/NY.GDP.MKTP.CD?format=json&date=2015:2024&per_page=600,2026-09-01T08:56:50Z
VNM,NY.GDP.MKTP.CD,GDP (current US$),2024,476324572783.81,https://api.worldbank.org/v2/country/USA;CHN;IND;EUU;VNM;MEX;JPN;KOR;THA;IDN;MYS;BRA;DEU;CAN/indicator/NY.GDP.MKTP.CD?format=json&date=2015:2024&per_page=600,2026-09-01T08:56:50Z
BRA,TM.TAX.MANF.SM.AR.ZS,"Tariff rate, applied, simple mean, manufactured products (%)",2015,14.21,https://api.worldbank.org/v2/country/USA;CHN;IND;EUU;VNM;MEX;JPN;KOR;THA;IDN;MYS;BRA;DEU;CAN/indicator/TM.TAX.MANF.SM.AR.ZS?format=json&date=2015:2024&per_page=600,2026-09-01T08:56:50Z
BRA,TM.TAX.MANF.SM.AR.ZS,"Tariff rate, applied, simple mean, manufactured products (%)",2016,14.13,https://api.worldbank.org/v2/country/USA;CHN;IND;EUU;VNM;MEX;JPN;KOR;THA;IDN;MYS;BRA;DEU;CAN/indicator/TM.TAX.MANF.SM.AR.ZS?format=json&date=2015:2024&per_page=600,2026-09-01T08:56:50Z
BRA,TM.TAX.MANF.SM.AR.ZS,"Tariff rate, applied, simple mean, manufactured products (%)",2017,13.96,https://api.worldbank.org/v2/country/USA;CHN;IND;EUU;VNM;MEX;JPN;KOR;THA;IDN;MYS;BRA;DEU;CAN/indicator/TM.TAX.MANF.SM.AR.ZS?format=json&date=2015:2024&per_page=600,2026-09-01T08:56:50Z
BRA,TM.TAX.MANF.SM.AR.ZS,"Tariff rate, applied, simple mean, manufactured products (%)",2018,14.01,https://api.worldbank.org/v2/country/USA;CHN;IND;EUU;VNM;MEX;JPN;KOR;THA;IDN;MYS;BRA;DEU;CAN/indicator/TM.TAX.MANF.SM.AR.ZS?format=json&date=2015:2024&per_page=600,2026-09-01T08:56:50Z
BRA,TM.TAX.MANF.SM.AR.ZS,"Tariff rate, applied, simple mean, manufactured products (%)",2019,13.99,https://api.worldbank.org/v2/country/USA;CHN;IND;EUU;VNM;MEX;JPN;KOR;THA;IDN;MYS;BRA;DEU;CAN/indicator/TM.TAX.MANF.SM.AR.ZS?format=json&date=2015:2024&per_page=600,2026-09-01T08:56:50Z
BRA,TM.TAX.MANF.SM.AR.ZS,"Tariff rate, applied, simple mean, manufactured products (%)",2020,14.11,https://api.worldbank.org/v2/country/USA;CHN;IND;EUU;VNM;MEX;JPN;KOR;THA;IDN;MYS;BRA;DEU;CAN/indicator/TM.TAX.MANF.SM.AR.ZS?format=json&date=2015:2024&per_page=600,2026-09-01T08:56:50Z
BRA,TM.TAX.MANF.SM.AR.ZS,"Tariff rate, applied, simple mean, manufactured products (%)",2021,13.73,https://api.worldbank.org/v2/country/USA;CHN;IND;EUU;VNM;MEX;JPN;KOR;THA;IDN;MYS;BRA;DEU;CAN/indicator/TM.TAX.MANF.SM.AR.ZS?format=json&date=2015:2024&per_page=600,2026-09-01T08:56:50Z
BRA,TM.TAX.MANF.SM.AR.ZS,"Tariff rate, applied, simple mean, manufactured products (%)",2022,13.82,https://api.worldbank.org/v2/country/USA;CHN;IND;EUU;VNM;MEX;JPN;KOR;THA;IDN;MYS;BRA;DEU;CAN/indicator/TM.TAX.MANF.SM.AR.ZS?format=json&date=2015:2024&per_page=600,2026-09-01T08:56:50Z
CAN,TM.TAX.MANF.SM.AR.ZS,"Tariff rate, applied, simple mean, manufactured products (%)",2015,2.86,https://api.worldbank.org/v2/country/USA;CHN;IND;EUU;VNM;MEX;JPN;KOR;THA;IDN;MYS;BRA;DEU;CAN/indicator/TM.TAX.MANF.SM.AR.ZS?format=json&date=2015:2024&per_page=600,2026-09-01T08:56:50Z
CAN,TM.TAX.MANF.SM.AR.ZS,"Tariff rate, applied, simple mean, manufactured products (%)",2016,2.65,https://api.worldbank.org/v2/country/USA;CHN;IND;EUU;VNM;MEX;JPN;KOR;THA;IDN;MYS;BRA;DEU;CAN/indicator/TM.TAX.MANF.SM.AR.ZS?format=json&date=2015:2024&per_page=600,2026-09-01T08:56:50Z
CAN,TM.TAX.MANF.SM.AR.ZS,"Tariff rate, applied, simple mean, manufactured products (%)",2017,1.64,https://api.worldbank.org/v2/country/USA;CHN;IND;EUU;VNM;MEX;JPN;KOR;THA;IDN;MYS;BRA;DEU;CAN/indicator/TM.TAX.MANF.SM.AR.ZS?format=json&date=2015:2024&per_page=600,2026-09-01T08:56:50Z
CAN,TM.TAX.MANF.SM.AR.ZS,"Tariff rate, applied, simple mean, manufactured products (%)",2018,1.65,https://api.worldbank.org/v2/country/USA;CHN;IND;EUU;VNM;MEX;JPN;KOR;THA;IDN;MYS;BRA;DEU;CAN/indicator/TM.TAX.MANF.SM.AR.ZS?format=json&date=2015:2024&per_page=600,2026-09-01T08:56:50Z
CAN,TM.TAX.MANF.SM.AR.ZS,"Tariff rate, applied, simple mean, manufactured products (%)",2019,1.49,https://api.worldbank.org/v2/country/USA;CHN;IND;EUU;VNM;MEX;JPN;KOR;THA;IDN;MYS;BRA;DEU;CAN/indicator/TM.TAX.MANF.SM.AR.ZS?format=json&date=2015:2024&per_page=600,2026-09-01T08:56:50Z
CAN,TM.TAX.MANF.SM.AR.ZS,"Tariff rate, applied, simple mean, manufactured products (%)",2020,1.47,https://api.worldbank.org/v2/country/USA;CHN;IND;EUU;VNM;MEX;JPN;KOR;THA;IDN;MYS;BRA;DEU;CAN/indicator/TM.TAX.MANF.SM.AR.ZS?format=json&date=2015:2024&per_page=600,2026-09-01T08:56:50Z
CAN,TM.TAX.MANF.SM.AR.ZS,"Tariff rate, applied, simple mean, manufactured products (%)",2021,1.65,https://api.worldbank.org/v2/country/USA;CHN;IND;EUU;VNM;MEX;JPN;KOR;THA;IDN;MYS;BRA;DEU;CAN/indicator/TM.TAX.MANF.SM.AR.ZS?format=json&date=2015:2024&per_page=600,2026-09-01T08:56:50Z
CAN,TM.TAX.MANF.SM.AR.ZS,"Tariff rate, applied, simple mean, manufactured products (%)",2022,1.46,https://api.worldbank.org/v2/country/USA;CHN;IND;EUU;VNM;MEX;JPN;KOR;THA;IDN;MYS;BRA;DEU;CAN/indicator/TM.TAX.MANF.SM.AR.ZS?format=json&date=2015:2024&per_page=600,2026-09-01T08:56:50Z
CHN,TM.TAX.MANF.SM.AR.ZS,"Tariff rate, applied, simple mean, manufactured products (%)",2015,7.83,https://api.worldbank.org/v2/country/USA;CHN;IND;EUU;VNM;MEX;JPN;KOR;THA;IDN;MYS;BRA;DEU;CAN/indicator/TM.TAX.MANF.SM.AR.ZS?format=json&date=2015:2024&per_page=600,2026-09-01T08:56:50Z
CHN,TM.TAX.MANF.SM.AR.ZS,"Tariff rate, applied, simple mean, manufactured products (%)",2016,7.84,https://api.worldbank.org/v2/country/USA;CHN;IND;EUU;VNM;MEX;JPN;KOR;THA;IDN;MYS;BRA;DEU;CAN/indicator/TM.TAX.MANF.SM.AR.ZS?format=json&date=2015:2024&per_page=600,2026-09-01T08:56:50Z
CHN,TM.TAX.MANF.SM.AR.ZS,"Tariff rate, applied, simple mean, manufactured products (%)",2017,8.35,https://api.worldbank.org/v2/country/USA;CHN;IND;EUU;VNM;MEX;JPN;KOR;THA;IDN;MYS;BRA;DEU;CAN/indicator/TM.TAX.MANF.SM.AR.ZS?format=json&date=2015:2024&per_page=600,2026-09-01T08:56:50Z
CHN,TM.TAX.MANF.SM.AR.ZS,"Tariff rate, applied, simple mean, manufactured products (%)",2018,7.5,https://api.worldbank.org/v2/country/USA;CHN;IND;EUU;VNM;MEX;JPN;KOR;THA;IDN;MYS;BRA;DEU;CAN/indicator/TM.TAX.MANF.SM.AR.ZS?format=json&date=2015:2024&per_page=600,2026-09-01T08:56:50Z
CHN,TM.TAX.MANF.SM.AR.ZS,"Tariff rate, applied, simple mean, manufactured products (%)",2019,5.21,https://api.worldbank.org/v2/country/USA;CHN;IND;EUU;VNM;MEX;JPN;KOR;THA;IDN;MYS;BRA;DEU;CAN/indicator/TM.TAX.MANF.SM.AR.ZS?format=json&date=2015:2024&per_page=600,2026-09-01T08:56:50Z
CHN,TM.TAX.MANF.SM.AR.ZS,"Tariff rate, applied, simple mean, manufactured products (%)",2020,5.13,https://api.worldbank.org/v2/country/USA;CHN;IND;EUU;VNM;MEX;JPN;KOR;THA;IDN;MYS;BRA;DEU;CAN/indicator/TM.TAX.MANF.SM.AR.ZS?format=json&date=2015:2024&per_page=600,2026-09-01T08:56:50Z
CHN,TM.TAX.MANF.SM.AR.ZS,"Tariff rate, applied, simple mean, manufactured products (%)",2021,5.13,https://api.worldbank.org/v2/country/USA;CHN;IND;EUU;VNM;MEX;JPN;KOR;THA;IDN;MYS;BRA;DEU;CAN/indicator/TM.TAX.MANF.SM.AR.ZS?format=json&date=2015:2024&per_page=600,2026-09-01T08:56:50Z
CHN,TM.TAX.MANF.SM.AR.ZS,"Tariff rate, applied, simple mean, manufactured products (%)",2022,5.21,https://api.worldbank.org/v2/country/USA;CHN;IND;EUU;VNM;MEX;JPN;KOR;THA;IDN;MYS;BRA;DEU;CAN/indicator/TM.TAX.MANF.SM.AR.ZS?format=json&date=2015:2024&per_page=600,2026-09-01T08:56:50Z
DEU,TM.TAX.MANF.SM.AR.ZS,"Tariff rate, applied, simple mean, manufactured products (%)",2015,2.03,https://api.worldbank.org/v2/country/USA;CHN;IND;EUU;VNM;MEX;JPN;KOR;THA;IDN;MYS;BRA;DEU;CAN/indicator/TM.TAX.MANF.SM.AR.ZS?format=json&date=2015:2024&per_page=600,2026-09-01T08:56:50Z
DEU,TM.TAX.MANF.SM.AR.ZS,"Tariff rate, applied, simple mean, manufactured products (%)",2016,1.75,https://api.worldbank.org/v2/country/USA;CHN;IND;EUU;VNM;MEX;JPN;KOR;THA;IDN;MYS;BRA;DEU;CAN/indicator/TM.TAX.MANF.SM.AR.ZS?format=json&date=2015:2024&per_page=600,2026-09-01T08:56:50Z
DEU,TM.TAX.MANF.SM.AR.ZS,"Tariff rate, applied, simple mean, manufactured products (%)",2017,1.87,https://api.worldbank.org/v2/country/USA;CHN;IND;EUU;VNM;MEX;JPN;KOR;THA;IDN;MYS;BRA;DEU;CAN/indicator/TM.TAX.MANF.SM.AR.ZS?format=json&date=2015:2024&per_page=600,2026-09-01T08:56:50Z
DEU,TM.TAX.MANF.SM.AR.ZS,"Tariff rate, applied, simple mean, manufactured products (%)",2018,1.81,https://api.worldbank.org/v2/country/USA;CHN;IND;EUU;VNM;MEX;JPN;KOR;THA;IDN;MYS;BRA;DEU;CAN/indicator/TM.TAX.MANF.SM.AR.ZS?format=json&date=2015:2024&per_page=600,2026-09-01T08:56:50Z
DEU,TM.TAX.MANF.SM.AR.ZS,"Tariff rate, applied, simple mean, manufactured products (%)",2019,1.79,https://api.worldbank.org/v2/country/USA;CHN;IND;EUU;VNM;MEX;JPN;KOR;THA;IDN;MYS;BRA;DEU;CAN/indicator/TM.TAX.MANF.SM.AR.ZS?format=json&date=2015:2024&per_page=600,2026-09-01T08:56:50Z
DEU,TM.TAX.MANF.SM.AR.ZS,"Tariff rate, applied, simple mean, manufactured products (%)",2020,1.6,https://api.worldbank.org/v2/country/USA;CHN;IND;EUU;VNM;MEX;JPN;KOR;THA;IDN;MYS;BRA;DEU;CAN/indicator/TM.TAX.MANF.SM.AR.ZS?format=json&date=2015:2024&per_page=600,2026-09-01T08:56:50Z
DEU,TM.TAX.MANF.SM.AR.ZS,"Tariff rate, applied, simple mean, manufactured products (%)",2021,1.67,https://api.worldbank.org/v2/country/USA;CHN;IND;EUU;VNM;MEX;JPN;KOR;THA;IDN;MYS;BRA;DEU;CAN/indicator/TM.TAX.MANF.SM.AR.ZS?format=json&date=2015:2024&per_page=600,2026-09-01T08:56:50Z
DEU,TM.TAX.MANF.SM.AR.ZS,"Tariff rate, applied, simple mean, manufactured products (%)",2022,1.44,https://api.worldbank.org/v2/country/USA;CHN;IND;EUU;VNM;MEX;JPN;KOR;THA;IDN;MYS;BRA;DEU;CAN/indicator/TM.TAX.MANF.SM.AR.ZS?format=json&date=2015:2024&per_page=600,2026-09-01T08:56:50Z
EUU,TM.TAX.MANF.SM.AR.ZS,"Tariff rate, applied, simple mean, manufactured products (%)",2015,2.03,https://api.worldbank.org/v2/country/USA;CHN;IND;EUU;VNM;MEX;JPN;KOR;THA;IDN;MYS;BRA;DEU;CAN/indicator/TM.TAX.MANF.SM.AR.ZS?format=json&date=2015:2024&per_page=600,2026-09-01T08:56:50Z
EUU,TM.TAX.MANF.SM.AR.ZS,"Tariff rate, applied, simple mean, manufactured products (%)",2016,1.75,https://api.worldbank.org/v2/country/USA;CHN;IND;EUU;VNM;MEX;JPN;KOR;THA;IDN;MYS;BRA;DEU;CAN/indicator/TM.TAX.MANF.SM.AR.ZS?format=json&date=2015:2024&per_page=600,2026-09-01T08:56:50Z
EUU,TM.TAX.MANF.SM.AR.ZS,"Tariff rate, applied, simple mean, manufactured products (%)",2017,1.87,https://api.worldbank.org/v2/country/USA;CHN;IND;EUU;VNM;MEX;JPN;KOR;THA;IDN;MYS;BRA;DEU;CAN/indicator/TM.TAX.MANF.SM.AR.ZS?format=json&date=2015:2024&per_page=600,2026-09-01T08:56:50Z
EUU,TM.TAX.MANF.SM.AR.ZS,"Tariff rate, applied, simple mean, manufactured products (%)",2018,1.81,https://api.worldbank.org/v2/country/USA;CHN;IND;EUU;VNM;MEX;JPN;KOR;THA;IDN;MYS;BRA;DEU;CAN/indicator/TM.TAX.MANF.SM.AR.ZS?format=json&date=2015:2024&per_page=600,2026-09-01T08:56:50Z
EUU,TM.TAX.MANF.SM.AR.ZS,"Tariff rate, applied, simple mean, manufactured products (%)",2019,1.79,https://api.worldbank.org/v2/country/USA;CHN;IND;EUU;VNM;MEX;JPN;KOR;THA;IDN;MYS;BRA;DEU;CAN/indicator/TM.TAX.MANF.SM.AR.ZS?format=json&date=2015:2024&per_page=600,2026-09-01T08:56:50Z
EUU,TM.TAX.MANF.SM.AR.ZS,"Tariff rate, applied, simple mean, manufactured products (%)",2020,1.6,https://api.worldbank.org/v2/country/USA;CHN;IND;EUU;VNM;MEX;JPN;KOR;THA;IDN;MYS;BRA;DEU;CAN/indicator/TM.TAX.MANF.SM.AR.ZS?format=json&date=2015:2024&per_page=600,2026-09-01T08:56:50Z
EUU,TM.TAX.MANF.SM.AR.ZS,"Tariff rate, applied, simple mean, manufactured products (%)",2021,1.67,https://api.worldbank.org/v2/country/USA;CHN;IND;EUU;VNM;MEX;JPN;KOR;THA;IDN;MYS;BRA;DEU;CAN/indicator/TM.TAX.MANF.SM.AR.ZS?format=json&date=2015:2024&per_page=600,2026-09-01T08:56:50Z
EUU,TM.TAX.MANF.SM.AR.ZS,"Tariff rate, applied, simple mean, manufactured products (%)",2022,1.44,https://api.worldbank.org/v2/country/USA;CHN;IND;EUU;VNM;MEX;JPN;KOR;THA;IDN;MYS;BRA;DEU;CAN/indicator/TM.TAX.MANF.SM.AR.ZS?format=json&date=2015:2024&per_page=600,2026-09-01T08:56:50Z
IDN,TM.TAX.MANF.SM.AR.ZS,"Tariff rate, applied, simple mean, manufactured products (%)",2016,6.21,https://api.worldbank.org/v2/country/USA;CHN;IND;EUU;VNM;MEX;JPN;KOR;THA;IDN;MYS;BRA;DEU;CAN/indicator/TM.TAX.MANF.SM.AR.ZS?format=json&date=2015:2024&per_page=600,2026-09-01T08:56:50Z
IDN,TM.TAX.MANF.SM.AR.ZS,"Tariff rate, applied, simple mean, manufactured products (%)",2017,5.75,https://api.worldbank.org/v2/country/USA;CHN;IND;EUU;VNM;MEX;JPN;KOR;THA;IDN;MYS;BRA;DEU;CAN/indicator/TM.TAX.MANF.SM.AR.ZS?format=json&date=2015:2024&per_page=600,2026-09-01T08:56:50Z
IDN,TM.TAX.MANF.SM.AR.ZS,"Tariff rate, applied, simple mean, manufactured products (%)",2018,6.11,https://api.worldbank.org/v2/country/USA;CHN;IND;EUU;VNM;MEX;JPN;KOR;THA;IDN;MYS;BRA;DEU;CAN/indicator/TM.TAX.MANF.SM.AR.ZS?format=json&date=2015:2024&per_page=600,2026-09-01T08:56:50Z
IDN,TM.TAX.MANF.SM.AR.ZS,"Tariff rate, applied, simple mean, manufactured products (%)",2019,6.19,https://api.worldbank.org/v2/country/USA;CHN;IND;EUU;VNM;MEX;JPN;KOR;THA;IDN;MYS;BRA;DEU;CAN/indicator/TM.TAX.MANF.SM.AR.ZS?format=json&date=2015:2024&per_page=600,2026-09-01T08:56:50Z
IDN,TM.TAX.MANF.SM.AR.ZS,"Tariff rate, applied, simple mean, manufactured products (%)",2020,6.32,https://api.worldbank.org/v2/country/USA;CHN;IND;EUU;VNM;MEX;JPN;KOR;THA;IDN;MYS;BRA;DEU;CAN/indicator/TM.TAX.MANF.SM.AR.ZS?format=json&date=2015:2024&per_page=600,2026-09-01T08:56:50Z
IDN,TM.TAX.MANF.SM.AR.ZS,"Tariff rate, applied, simple mean, manufactured products (%)",2021,6.05,https://api.worldbank.org/v2/country/USA;CHN;IND;EUU;VNM;MEX;JPN;KOR;THA;IDN;MYS;BRA;DEU;CAN/indicator/TM.TAX.MANF.SM.AR.ZS?format=json&date=2015:2024&per_page=600,2026-09-01T08:56:50Z
IDN,TM.TAX.MANF.SM.AR.ZS,"Tariff rate, applied, simple mean, manufactured products (%)",2022,5.78,https://api.worldbank.org/v2/country/USA;CHN;IND;EUU;VNM;MEX;JPN;KOR;THA;IDN;MYS;BRA;DEU;CAN/indicator/TM.TAX.MANF.SM.AR.ZS?format=json&date=2015:2024&per_page=600,2026-09-01T08:56:50Z
IND,TM.TAX.MANF.SM.AR.ZS,"Tariff rate, applied, simple mean, manufactured products (%)",2015,8.51,https://api.worldbank.org/v2/country/USA;CHN;IND;EUU;VNM;MEX;JPN;KOR;THA;IDN;MYS;BRA;DEU;CAN/indicator/TM.TAX.MANF.SM.AR.ZS?format=json&date=2015:2024&per_page=600,2026-09-01T08:56:50Z
IND,TM.TAX.MANF.SM.AR.ZS,"Tariff rate, applied, simple mean, manufactured products (%)",2016,7.84,https://api.worldbank.org/v2/country/USA;CHN;IND;EUU;VNM;MEX;JPN;KOR;THA;IDN;MYS;BRA;DEU;CAN/indicator/TM.TAX.MANF.SM.AR.ZS?format=json&date=2015:2024&per_page=600,2026-09-01T08:56:50Z
IND,TM.TAX.MANF.SM.AR.ZS,"Tariff rate, applied, simple mean, manufactured products (%)",2017,7.8,https://api.worldbank.org/v2/country/USA;CHN;IND;EUU;VNM;MEX;JPN;KOR;THA;IDN;MYS;BRA;DEU;CAN/indicator/TM.TAX.MANF.SM.AR.ZS?format=json&date=2015:2024&per_page=600,2026-09-01T08:56:50Z
IND,TM.TAX.MANF.SM.AR.ZS,"Tariff rate, applied, simple mean, manufactured products (%)",2018,7.93,https://api.worldbank.org/v2/country/USA;CHN;IND;EUU;VNM;MEX;JPN;KOR;THA;IDN;MYS;BRA;DEU;CAN/indicator/TM.TAX.MANF.SM.AR.ZS?format=json&date=2015:2024&per_page=600,2026-09-01T08:56:50Z
IND,TM.TAX.MANF.SM.AR.ZS,"Tariff rate, applied, simple mean, manufactured products (%)",2019,8.86,https://api.worldbank.org/v2/country/USA;CHN;IND;EUU;VNM;MEX;JPN;KOR;THA;IDN;MYS;BRA;DEU;CAN/indicator/TM.TAX.MANF.SM.AR.ZS?format=json&date=2015:2024&per_page=600,2026-09-01T08:56:50Z
IND,TM.TAX.MANF.SM.AR.ZS,"Tariff rate, applied, simple mean, manufactured products (%)",2020,8.18,https://api.worldbank.org/v2/country/USA;CHN;IND;EUU;VNM;MEX;JPN;KOR;THA;IDN;MYS;BRA;DEU;CAN/indicator/TM.TAX.MANF.SM.AR.ZS?format=json&date=2015:2024&per_page=600,2026-09-01T08:56:50Z
IND,TM.TAX.MANF.SM.AR.ZS,"Tariff rate, applied, simple mean, manufactured products (%)",2021,8.8,https://api.worldbank.org/v2/country/USA;CHN;IND;EUU;VNM;MEX;JPN;KOR;THA;IDN;MYS;BRA;DEU;CAN/indicator/TM.TAX.MANF.SM.AR.ZS?format=json&date=2015:2024&per_page=600,2026-09-01T08:56:50Z
IND,TM.TAX.MANF.SM.AR.ZS,"Tariff rate, applied, simple mean, manufactured products (%)",2022,9.0,https://api.worldbank.org/v2/country/USA;CHN;IND;EUU;VNM;MEX;JPN;KOR;THA;IDN;MYS;BRA;DEU;CAN/indicator/TM.TAX.MANF.SM.AR.ZS?format=json&date=2015:2024&per_page=600,2026-09-01T08:56:50Z
JPN,TM.TAX.MANF.SM.AR.ZS,"Tariff rate, applied, simple mean, manufactured products (%)",2015,2.15,https://api.worldbank.org/v2/country/USA;CHN;IND;EUU;VNM;MEX;JPN;KOR;THA;IDN;MYS;BRA;DEU;CAN/indicator/TM.TAX.MANF.SM.AR.ZS?format=json&date=2015:2024&per_page=600,2026-09-01T08:56:50Z
JPN,TM.TAX.MANF.SM.AR.ZS,"Tariff rate, applied, simple mean, manufactured products (%)",2016,2.09,https://api.worldbank.org/v2/country/USA;CHN;IND;EUU;VNM;MEX;JPN;KOR;THA;IDN;MYS;BRA;DEU;CAN/indicator/TM.TAX.MANF.SM.AR.ZS?format=json&date=2015:2024&per_page=600,2026-09-01T08:56:50Z
JPN,TM.TAX.MANF.SM.AR.ZS,"Tariff rate, applied, simple mean, manufactured products (%)",2017,2.08,https://api.worldbank.org/v2/country/USA;CHN;IND;EUU;VNM;MEX;JPN;KOR;THA;IDN;MYS;BRA;DEU;CAN/indicator/TM.TAX.MANF.SM.AR.ZS?format=json&date=2015:2024&per_page=600,2026-09-01T08:56:50Z
JPN,TM.TAX.MANF.SM.AR.ZS,"Tariff rate, applied, simple mean, manufactured products (%)",2018,2.08,https://api.worldbank.org/v2/country/USA;CHN;IND;EUU;VNM;MEX;JPN;KOR;THA;IDN;MYS;BRA;DEU;CAN/indicator/TM.TAX.MANF.SM.AR.ZS?format=json&date=2015:2024&per_page=600,2026-09-01T08:56:50Z
JPN,TM.TAX.MANF.SM.AR.ZS,"Tariff rate, applied, simple mean, manufactured products (%)",2019,1.28,https://api.worldbank.org/v2/country/USA;CHN;IND;EUU;VNM;MEX;JPN;KOR;THA;IDN;MYS;BRA;DEU;CAN/indicator/TM.TAX.MANF.SM.AR.ZS?format=json&date=2015:2024&per_page=600,2026-09-01T08:56:50Z
JPN,TM.TAX.MANF.SM.AR.ZS,"Tariff rate, applied, simple mean, manufactured products (%)",2020,1.13,https://api.worldbank.org/v2/country/USA;CHN;IND;EUU;VNM;MEX;JPN;KOR;THA;IDN;MYS;BRA;DEU;CAN/indicator/TM.TAX.MANF.SM.AR.ZS?format=json&date=2015:2024&per_page=600,2026-09-01T08:56:50Z
JPN,TM.TAX.MANF.SM.AR.ZS,"Tariff rate, applied, simple mean, manufactured products (%)",2021,1.09,https://api.worldbank.org/v2/country/USA;CHN;IND;EUU;VNM;MEX;JPN;KOR;THA;IDN;MYS;BRA;DEU;CAN/indicator/TM.TAX.MANF.SM.AR.ZS?format=json&date=2015:2024&per_page=600,2026-09-01T08:56:50Z
JPN,TM.TAX.MANF.SM.AR.ZS,"Tariff rate, applied, simple mean, manufactured products (%)",2022,0.97,https://api.worldbank.org/v2/country/USA;CHN;IND;EUU;VNM;MEX;JPN;KOR;THA;IDN;MYS;BRA;DEU;CAN/indicator/TM.TAX.MANF.SM.AR.ZS?format=json&date=2015:2024&per_page=600,2026-09-01T08:56:50Z
KOR,TM.TAX.MANF.SM.AR.ZS,"Tariff rate, applied, simple mean, manufactured products (%)",2015,2.67,https://api.worldbank.org/v2/country/USA;CHN;IND;EUU;VNM;MEX;JPN;KOR;THA;IDN;MYS;BRA;DEU;CAN/indicator/TM.TAX.MANF.SM.AR.ZS?format=json&date=2015:2024&per_page=600,2026-09-01T08:56:50Z
KOR,TM.TAX.MANF.SM.AR.ZS,"Tariff rate, applied, simple mean, manufactured products (%)",2016,7.29,https://api.worldbank.org/v2/country/USA;CHN;IND;EUU;VNM;MEX;JPN;KOR;THA;IDN;MYS;BRA;DEU;CAN/indicator/TM.TAX.MANF.SM.AR.ZS?format=json&date=2015:2024&per_page=600,2026-09-01T08:56:50Z
KOR,TM.TAX.MANF.SM.AR.ZS,"Tariff rate, applied, simple mean, manufactured products (%)",2017,2.42,https://api.worldbank.org/v2/country/USA;CHN;IND;EUU;VNM;MEX;JPN;KOR;THA;IDN;MYS;BRA;DEU;CAN/indicator/TM.TAX.MANF.SM.AR.ZS?format=json&date=2015:2024&per_page=600,2026-09-01T08:56:50Z
KOR,TM.TAX.MANF.SM.AR.ZS,"Tariff rate, applied, simple mean, manufactured products (%)",2018,2.38,https://api.worldbank.org/v2/country/USA;CHN;IND;EUU;VNM;MEX;JPN;KOR;THA;IDN;MYS;BRA;DEU;CAN/indicator/TM.TAX.MANF.SM.AR.ZS?format=json&date=2015:2024&per_page=600,2026-09-01T08:56:50Z
KOR,TM.TAX.MANF.SM.AR.ZS,"Tariff rate, applied, simple mean, manufactured products (%)",2020,2.39,https://api.worldbank.org/v2/country/USA;CHN;IND;EUU;VNM;MEX;JPN;KOR;THA;IDN;MYS;BRA;DEU;CAN/indicator/TM.TAX.MANF.SM.AR.ZS?format=json&date=2015:2024&per_page=600,2026-09-01T08:56:50Z
KOR,TM.TAX.MANF.SM.AR.ZS,"Tariff rate, applied, simple mean, manufactured products (%)",2021,2.14,https://api.worldbank.org/v2/country/USA;CHN;IND;EUU;VNM;MEX;JPN;KOR;THA;IDN;MYS;BRA;DEU;CAN/indicator/TM.TAX.MANF.SM.AR.ZS?format=json&date=2015:2024&per_page=600,2026-09-01T08:56:50Z
KOR,TM.TAX.MANF.SM.AR.ZS,"Tariff rate, applied, simple mean, manufactured products (%)",2022,2.4,https://api.worldbank.org/v2/country/USA;CHN;IND;EUU;VNM;MEX;JPN;KOR;THA;IDN;MYS;BRA;DEU;CAN/indicator/TM.TAX.MANF.SM.AR.ZS?format=json&date=2015:2024&per_page=600,2026-09-01T08:56:50Z
MEX,TM.TAX.MANF.SM.AR.ZS,"Tariff rate, applied, simple mean, manufactured products (%)",2015,5.72,https://api.worldbank.org/v2/country/USA;CHN;IND;EUU;VNM;MEX;JPN;KOR;THA;IDN;MYS;BRA;DEU;CAN/indicator/TM.TAX.MANF.SM.AR.ZS?format=json&date=2015:2024&per_page=600,2026-09-01T08:56:50Z
MEX,TM.TAX.MANF.SM.AR.ZS,"Tariff rate, applied, simple mean, manufactured products (%)",2016,5.8,https://api.worldbank.org/v2/country/USA;CHN;IND;EUU;VNM;MEX;JPN;KOR;THA;IDN;MYS;BRA;DEU;CAN/indicator/TM.TAX.MANF.SM.AR.ZS?format=json&date=2015:2024&per_page=600,2026-09-01T08:56:50Z
MEX,TM.TAX.MANF.SM.AR.ZS,"Tariff rate, applied, simple mean, manufactured products (%)",2017,2.8,https://api.worldbank.org/v2/country/USA;CHN;IND;EUU;VNM;MEX;JPN;KOR;THA;IDN;MYS;BRA;DEU;CAN/indicator/TM.TAX.MANF.SM.AR.ZS?format=json&date=2015:2024&per_page=600,2026-09-01T08:56:50Z
MEX,TM.TAX.MANF.SM.AR.ZS,"Tariff rate, applied, simple mean, manufactured products (%)",2018,3.14,https://api.worldbank.org/v2/country/USA;CHN;IND;EUU;VNM;MEX;JPN;KOR;THA;IDN;MYS;BRA;DEU;CAN/indicator/TM.TAX.MANF.SM.AR.ZS?format=json&date=2015:2024&per_page=600,2026-09-01T08:56:50Z
MEX,TM.TAX.MANF.SM.AR.ZS,"Tariff rate, applied, simple mean, manufactured products (%)",2022,2.62,https://api.worldbank.org/v2/country/USA;CHN;IND;EUU;VNM;MEX;JPN;KOR;THA;IDN;MYS;BRA;DEU;CAN/indicator/TM.TAX.MANF.SM.AR.ZS?format=json&date=2015:2024&per_page=600,2026-09-01T08:56:50Z
MYS,TM.TAX.MANF.SM.AR.ZS,"Tariff rate, applied, simple mean, manufactured products (%)",2016,5.83,https://api.worldbank.org/v2/country/USA;CHN;IND;EUU;VNM;MEX;JPN;KOR;THA;IDN;MYS;BRA;DEU;CAN/indicator/TM.TAX.MANF.SM.AR.ZS?format=json&date=2015:2024&per_page=600,2026-09-01T08:56:50Z
MYS,TM.TAX.MANF.SM.AR.ZS,"Tariff rate, applied, simple mean, manufactured products (%)",2020,5.71,https://api.worldbank.org/v2/country/USA;CHN;IND;EUU;VNM;MEX;JPN;KOR;THA;IDN;MYS;BRA;DEU;CAN/indicator/TM.TAX.MANF.SM.AR.ZS?format=json&date=2015:2024&per_page=600,2026-09-01T08:56:50Z
MYS,TM.TAX.MANF.SM.AR.ZS,"Tariff rate, applied, simple mean, manufactured products (%)",2021,5.62,https://api.worldbank.org/v2/country/USA;CHN;IND;EUU;VNM;MEX;JPN;KOR;THA;IDN;MYS;BRA;DEU;CAN/indicator/TM.TAX.MANF.SM.AR.ZS?format=json&date=2015:2024&per_page=600,2026-09-01T08:56:50Z
MYS,TM.TAX.MANF.SM.AR.ZS,"Tariff rate, applied, simple mean, manufactured products (%)",2022,5.54,https://api.worldbank.org/v2/country/USA;CHN;IND;EUU;VNM;MEX;JPN;KOR;THA;IDN;MYS;BRA;DEU;CAN/indicator/TM.TAX.MANF.SM.AR.ZS?format=json&date=2015:2024&per_page=600,2026-09-01T08:56:50Z
THA,TM.TAX.MANF.SM.AR.ZS,"Tariff rate, applied, simple mean, manufactured products (%)",2015,7.28,https://api.worldbank.org/v2/country/USA;CHN;IND;EUU;VNM;MEX;JPN;KOR;THA;IDN;MYS;BRA;DEU;CAN/indicator/TM.TAX.MANF.SM.AR.ZS?format=json&date=2015:2024&per_page=600,2026-09-01T08:56:50Z
THA,TM.TAX.MANF.SM.AR.ZS,"Tariff rate, applied, simple mean, manufactured products (%)",2021,7.75,https://api.worldbank.org/v2/country/USA;CHN;IND;EUU;VNM;MEX;JPN;KOR;THA;IDN;MYS;BRA;DEU;CAN/indicator/TM.TAX.MANF.SM.AR.ZS?format=json&date=2015:2024&per_page=600,2026-09-01T08:56:50Z
THA,TM.TAX.MANF.SM.AR.ZS,"Tariff rate, applied, simple mean, manufactured products (%)",2022,7.61,https://api.worldbank.org/v2/country/USA;CHN;IND;EUU;VNM;MEX;JPN;KOR;THA;IDN;MYS;BRA;DEU;CAN/indicator/TM.TAX.MANF.SM.AR.ZS?format=json&date=2015:2024&per_page=600,2026-09-01T08:56:50Z
USA,TM.TAX.MANF.SM.AR.ZS,"Tariff rate, applied, simple mean, manufactured products (%)",2015,2.88,https://api.worldbank.org/v2/country/USA;CHN;IND;EUU;VNM;MEX;JPN;KOR;THA;IDN;MYS;BRA;DEU;CAN/indicator/TM.TAX.MANF.SM.AR.ZS?format=json&date=2015:2024&per_page=600,2026-09-01T08:56:50Z
USA,TM.TAX.MANF.SM.AR.ZS,"Tariff rate, applied, simple mean, manufactured products (%)",2016,2.83,https://api.worldbank.org/v2/country/USA;CHN;IND;EUU;VNM;MEX;JPN;KOR;THA;IDN;MYS;BRA;DEU;CAN/indicator/TM.TAX.MANF.SM.AR.ZS?format=json&date=2015:2024&per_page=600,2026-09-01T08:56:50Z
USA,TM.TAX.MANF.SM.AR.ZS,"Tariff rate, applied, simple mean, manufactured products (%)",2017,2.77,https://api.worldbank.org/v2/country/USA;CHN;IND;EUU;VNM;MEX;JPN;KOR;THA;IDN;MYS;BRA;DEU;CAN/indicator/TM.TAX.MANF.SM.AR.ZS?format=json&date=2015:2024&per_page=600,2026-09-01T08:56:50Z
USA,TM.TAX.MANF.SM.AR.ZS,"Tariff rate, applied, simple mean, manufactured products (%)",2018,2.77,https://api.worldbank.org/v2/country/USA;CHN;IND;EUU;VNM;MEX;JPN;KOR;THA;IDN;MYS;BRA;DEU;CAN/indicator/TM.TAX.MANF.SM.AR.ZS?format=json&date=2015:2024&per_page=600,2026-09-01T08:56:50Z
USA,TM.TAX.MANF.SM.AR.ZS,"Tariff rate, applied, simple mean, manufactured products (%)",2019,3.11,https://api.worldbank.org/v2/country/USA;CHN;IND;EUU;VNM;MEX;JPN;KOR;THA;IDN;MYS;BRA;DEU;CAN/indicator/TM.TAX.MANF.SM.AR.ZS?format=json&date=2015:2024&per_page=600,2026-09-01T08:56:50Z
USA,TM.TAX.MANF.SM.AR.ZS,"Tariff rate, applied, simple mean, manufactured products (%)",2020,2.92,https://api.worldbank.org/v2/country/USA;CHN;IND;EUU;VNM;MEX;JPN;KOR;THA;IDN;MYS;BRA;DEU;CAN/indicator/TM.TAX.MANF.SM.AR.ZS?format=json&date=2015:2024&per_page=600,2026-09-01T08:56:50Z
USA,TM.TAX.MANF.SM.AR.ZS,"Tariff rate, applied, simple mean, manufactured products (%)",2021,2.84,https://api.worldbank.org/v2/country/USA;CHN;IND;EUU;VNM;MEX;JPN;KOR;THA;IDN;MYS;BRA;DEU;CAN/indicator/TM.TAX.MANF.SM.AR.ZS?format=json&date=2015:2024&per_page=600,2026-09-01T08:56:50Z
USA,TM.TAX.MANF.SM.AR.ZS,"Tariff rate, applied, simple mean, manufactured products (%)",2022,2.78,https://api.worldbank.org/v2/country/USA;CHN;IND;EUU;VNM;MEX;JPN;KOR;THA;IDN;MYS;BRA;DEU;CAN/indicator/TM.TAX.MANF.SM.AR.ZS?format=json&date=2015:2024&per_page=600,2026-09-01T08:56:50Z
VNM,TM.TAX.MANF.SM.AR.ZS,"Tariff rate, applied, simple mean, manufactured products (%)",2015,6.03,https://api.worldbank.org/v2/country/USA;CHN;IND;EUU;VNM;MEX;JPN;KOR;THA;IDN;MYS;BRA;DEU;CAN/indicator/TM.TAX.MANF.SM.AR.ZS?format=json&date=2015:2024&per_page=600,2026-09-01T08:56:50Z
VNM,TM.TAX.MANF.SM.AR.ZS,"Tariff rate, applied, simple mean, manufactured products (%)",2016,6.14,https://api.worldbank.org/v2/country/USA;CHN;IND;EUU;VNM;MEX;JPN;KOR;THA;IDN;MYS;BRA;DEU;CAN/indicator/TM.TAX.MANF.SM.AR.ZS?format=json&date=2015:2024&per_page=600,2026-09-01T08:56:50Z
VNM,TM.TAX.MANF.SM.AR.ZS,"Tariff rate, applied, simple mean, manufactured products (%)",2017,6.24,https://api.worldbank.org/v2/country/USA;CHN;IND;EUU;VNM;MEX;JPN;KOR;THA;IDN;MYS;BRA;DEU;CAN/indicator/TM.TAX.MANF.SM.AR.ZS?format=json&date=2015:2024&per_page=600,2026-09-01T08:56:50Z
VNM,TM.TAX.MANF.SM.AR.ZS,"Tariff rate, applied, simple mean, manufactured products (%)",2018,6.02,https://api.worldbank.org/v2/country/USA;CHN;IND;EUU;VNM;MEX;JPN;KOR;THA;IDN;MYS;BRA;DEU;CAN/indicator/TM.TAX.MANF.SM.AR.ZS?format=json&date=2015:2024&per_page=600,2026-09-01T08:56:50Z
VNM,TM.TAX.MANF.SM.AR.ZS,"Tariff rate, applied, simple mean, manufactured products (%)",2019,5.41,https://api.worldbank.org/v2/country/USA;CHN;IND;EUU;VNM;MEX;JPN;KOR;THA;IDN;MYS;BRA;DEU;CAN/indicator/TM.TAX.MANF.SM.AR.ZS?format=json&date=2015:2024&per_page=600,2026-09-01T08:56:50Z
VNM,TM.TAX.MANF.SM.AR.ZS,"Tariff rate, applied, simple mean, manufactured products (%)",2020,5.31,https://api.worldbank.org/v2/country/USA;CHN;IND;EUU;VNM;MEX;JPN;KOR;THA;IDN;MYS;BRA;DEU;CAN/indicator/TM.TAX.MANF.SM.AR.ZS?format=json&date=2015:2024&per_page=600,2026-09-01T08:56:50Z
VNM,TM.TAX.MANF.SM.AR.ZS,"Tariff rate, applied, simple mean, manufactured products (%)",2021,3.96,https://api.worldbank.org/v2/country/USA;CHN;IND;EUU;VNM;MEX;JPN;KOR;THA;IDN;MYS;BRA;DEU;CAN/indicator/TM.TAX.MANF.SM.AR.ZS?format=json&date=2015:2024&per_page=600,2026-09-01T08:56:50Z
VNM,TM.TAX.MANF.SM.AR.ZS,"Tariff rate, applied, simple mean, manufactured products (%)",2022,3.44,https://api.worldbank.org/v2/country/USA;CHN;IND;EUU;VNM;MEX;JPN;KOR;THA;IDN;MYS;BRA;DEU;CAN/indicator/TM.TAX.MANF.SM.AR.ZS?format=json&date=2015:2024&per_page=600,2026-09-01T08:56:50Z
BRA,TM.TAX.MRCH.SM.AR.ZS,"Tariff rate, applied, simple mean, all products (%)",2015,13.66,https://api.worldbank.org/v2/country/USA;CHN;IND;EUU;VNM;MEX;JPN;KOR;THA;IDN;MYS;BRA;DEU;CAN/indicator/TM.TAX.MRCH.SM.AR.ZS?format=json&date=2015:2024&per_page=600,2026-09-01T08:56:50Z
BRA,TM.TAX.MRCH.SM.AR.ZS,"Tariff rate, applied, simple mean, all products (%)",2016,13.56,https://api.worldbank.org/v2/country/USA;CHN;IND;EUU;VNM;MEX;JPN;KOR;THA;IDN;MYS;BRA;DEU;CAN/indicator/TM.TAX.MRCH.SM.AR.ZS?format=json&date=2015:2024&per_page=600,2026-09-01T08:56:50Z
BRA,TM.TAX.MRCH.SM.AR.ZS,"Tariff rate, applied, simple mean, all products (%)",2017,13.41,https://api.worldbank.org/v2/country/USA;CHN;IND;EUU;VNM;MEX;JPN;KOR;THA;IDN;MYS;BRA;DEU;CAN/indicator/TM.TAX.MRCH.SM.AR.ZS?format=json&date=2015:2024&per_page=600,2026-09-01T08:56:50Z
BRA,TM.TAX.MRCH.SM.AR.ZS,"Tariff rate, applied, simple mean, all products (%)",2018,13.46,https://api.worldbank.org/v2/country/USA;CHN;IND;EUU;VNM;MEX;JPN;KOR;THA;IDN;MYS;BRA;DEU;CAN/indicator/TM.TAX.MRCH.SM.AR.ZS?format=json&date=2015:2024&per_page=600,2026-09-01T08:56:50Z
BRA,TM.TAX.MRCH.SM.AR.ZS,"Tariff rate, applied, simple mean, all products (%)",2019,13.43,https://api.worldbank.org/v2/country/USA;CHN;IND;EUU;VNM;MEX;JPN;KOR;THA;IDN;MYS;BRA;DEU;CAN/indicator/TM.TAX.MRCH.SM.AR.ZS?format=json&date=2015:2024&per_page=600,2026-09-01T08:56:50Z
BRA,TM.TAX.MRCH.SM.AR.ZS,"Tariff rate, applied, simple mean, all products (%)",2020,13.55,https://api.worldbank.org/v2/country/USA;CHN;IND;EUU;VNM;MEX;JPN;KOR;THA;IDN;MYS;BRA;DEU;CAN/indicator/TM.TAX.MRCH.SM.AR.ZS?format=json&date=2015:2024&per_page=600,2026-09-01T08:56:50Z
BRA,TM.TAX.MRCH.SM.AR.ZS,"Tariff rate, applied, simple mean, all products (%)",2021,13.2,https://api.worldbank.org/v2/country/USA;CHN;IND;EUU;VNM;MEX;JPN;KOR;THA;IDN;MYS;BRA;DEU;CAN/indicator/TM.TAX.MRCH.SM.AR.ZS?format=json&date=2015:2024&per_page=600,2026-09-01T08:56:50Z
BRA,TM.TAX.MRCH.SM.AR.ZS,"Tariff rate, applied, simple mean, all products (%)",2022,13.29,https://api.worldbank.org/v2/country/USA;CHN;IND;EUU;VNM;MEX;JPN;KOR;THA;IDN;MYS;BRA;DEU;CAN/indicator/TM.TAX.MRCH.SM.AR.ZS?format=json&date=2015:2024&per_page=600,2026-09-01T08:56:50Z
CAN,TM.TAX.MRCH.SM.AR.ZS,"Tariff rate, applied, simple mean, all products (%)",2015,3.14,https://api.worldbank.org/v2/country/USA;CHN;IND;EUU;VNM;MEX;JPN;KOR;THA;IDN;MYS;BRA;DEU;CAN/indicator/TM.TAX.MRCH.SM.AR.ZS?format=json&date=2015:2024&per_page=600,2026-09-01T08:56:50Z
CAN,TM.TAX.MRCH.SM.AR.ZS,"Tariff rate, applied, simple mean, all products (%)",2016,2.95,https://api.worldbank.org/v2/country/USA;CHN;IND;EUU;VNM;MEX;JPN;KOR;THA;IDN;MYS;BRA;DEU;CAN/indicator/TM.TAX.MRCH.SM.AR.ZS?format=json&date=2015:2024&per_page=600,2026-09-01T08:56:50Z
CAN,TM.TAX.MRCH.SM.AR.ZS,"Tariff rate, applied, simple mean, all products (%)",2017,1.99,https://api.worldbank.org/v2/country/USA;CHN;IND;EUU;VNM;MEX;JPN;KOR;THA;IDN;MYS;BRA;DEU;CAN/indicator/TM.TAX.MRCH.SM.AR.ZS?format=json&date=2015:2024&per_page=600,2026-09-01T08:56:50Z
CAN,TM.TAX.MRCH.SM.AR.ZS,"Tariff rate, applied, simple mean, all products (%)",2018,1.99,https://api.worldbank.org/v2/country/USA;CHN;IND;EUU;VNM;MEX;JPN;KOR;THA;IDN;MYS;BRA;DEU;CAN/indicator/TM.TAX.MRCH.SM.AR.ZS?format=json&date=2015:2024&per_page=600,2026-09-01T08:56:50Z
CAN,TM.TAX.MRCH.SM.AR.ZS,"Tariff rate, applied, simple mean, all products (%)",2019,2.1,https://api.worldbank.org/v2/country/USA;CHN;IND;EUU;VNM;MEX;JPN;KOR;THA;IDN;MYS;BRA;DEU;CAN/indicator/TM.TAX.MRCH.SM.AR.ZS?format=json&date=2015:2024&per_page=600,2026-09-01T08:56:50Z
CAN,TM.TAX.MRCH.SM.AR.ZS,"Tariff rate, applied, simple mean, all products (%)",2020,1.87,https://api.worldbank.org/v2/country/USA;CHN;IND;EUU;VNM;MEX;JPN;KOR;THA;IDN;MYS;BRA;DEU;CAN/indicator/TM.TAX.MRCH.SM.AR.ZS?format=json&date=2015:2024&per_page=600,2026-09-01T08:56:50Z
CAN,TM.TAX.MRCH.SM.AR.ZS,"Tariff rate, applied, simple mean, all products (%)",2021,2.06,https://api.worldbank.org/v2/country/USA;CHN;IND;EUU;VNM;MEX;JPN;KOR;THA;IDN;MYS;BRA;DEU;CAN/indicator/TM.TAX.MRCH.SM.AR.ZS?format=json&date=2015:2024&per_page=600,2026-09-01T08:56:50Z
CAN,TM.TAX.MRCH.SM.AR.ZS,"Tariff rate, applied, simple mean, all products (%)",2022,1.83,https://api.worldbank.org/v2/country/USA;CHN;IND;EUU;VNM;MEX;JPN;KOR;THA;IDN;MYS;BRA;DEU;CAN/indicator/TM.TAX.MRCH.SM.AR.ZS?format=json&date=2015:2024&per_page=600,2026-09-01T08:56:50Z
CHN,TM.TAX.MRCH.SM.AR.ZS,"Tariff rate, applied, simple mean, all products (%)",2015,7.82,https://api.worldbank.org/v2/country/USA;CHN;IND;EUU;VNM;MEX;JPN;KOR;THA;IDN;MYS;BRA;DEU;CAN/indicator/TM.TAX.MRCH.SM.AR.ZS?format=json&date=2015:2024&per_page=600,2026-09-01T08:56:50Z
CHN,TM.TAX.MRCH.SM.AR.ZS,"Tariff rate, applied, simple mean, all products (%)",2016,7.88,https://api.worldbank.org/v2/country/USA;CHN;IND;EUU;VNM;MEX;JPN;KOR;THA;IDN;MYS;BRA;DEU;CAN/indicator/TM.TAX.MRCH.SM.AR.ZS?format=json&date=2015:2024&per_page=600,2026-09-01T08:56:50Z
CHN,TM.TAX.MRCH.SM.AR.ZS,"Tariff rate, applied, simple mean, all products (%)",2017,8.46,https://api.worldbank.org/v2/country/USA;CHN;IND;EUU;VNM;MEX;JPN;KOR;THA;IDN;MYS;BRA;DEU;CAN/indicator/TM.TAX.MRCH.SM.AR.ZS?format=json&date=2015:2024&per_page=600,2026-09-01T08:56:50Z
CHN,TM.TAX.MRCH.SM.AR.ZS,"Tariff rate, applied, simple mean, all products (%)",2018,7.56,https://api.worldbank.org/v2/country/USA;CHN;IND;EUU;VNM;MEX;JPN;KOR;THA;IDN;MYS;BRA;DEU;CAN/indicator/TM.TAX.MRCH.SM.AR.ZS?format=json&date=2015:2024&per_page=600,2026-09-01T08:56:50Z
CHN,TM.TAX.MRCH.SM.AR.ZS,"Tariff rate, applied, simple mean, all products (%)",2019,5.39,https://api.worldbank.org/v2/country/USA;CHN;IND;EUU;VNM;MEX;JPN;KOR;THA;IDN;MYS;BRA;DEU;CAN/indicator/TM.TAX.MRCH.SM.AR.ZS?format=json&date=2015:2024&per_page=600,2026-09-01T08:56:50Z
CHN,TM.TAX.MRCH.SM.AR.ZS,"Tariff rate, applied, simple mean, all products (%)",2020,5.32,https://api.worldbank.org/v2/country/USA;CHN;IND;EUU;VNM;MEX;JPN;KOR;THA;IDN;MYS;BRA;DEU;CAN/indicator/TM.TAX.MRCH.SM.AR.ZS?format=json&date=2015:2024&per_page=600,2026-09-01T08:56:50Z
CHN,TM.TAX.MRCH.SM.AR.ZS,"Tariff rate, applied, simple mean, all products (%)",2021,5.31,https://api.worldbank.org/v2/country/USA;CHN;IND;EUU;VNM;MEX;JPN;KOR;THA;IDN;MYS;BRA;DEU;CAN/indicator/TM.TAX.MRCH.SM.AR.ZS?format=json&date=2015:2024&per_page=600,2026-09-01T08:56:50Z
CHN,TM.TAX.MRCH.SM.AR.ZS,"Tariff rate, applied, simple mean, all products (%)",2022,5.36,https://api.worldbank.org/v2/country/USA;CHN;IND;EUU;VNM;MEX;JPN;KOR;THA;IDN;MYS;BRA;DEU;CAN/indicator/TM.TAX.MRCH.SM.AR.ZS?format=json&date=2015:2024&per_page=600,2026-09-01T08:56:50Z
DEU,TM.TAX.MRCH.SM.AR.ZS,"Tariff rate, applied, simple mean, all products (%)",2015,2.73,https://api.worldbank.org/v2/country/USA;CHN;IND;EUU;VNM;MEX;JPN;KOR;THA;IDN;MYS;BRA;DEU;CAN/indicator/TM.TAX.MRCH.SM.AR.ZS?format=json&date=2015:2024&per_page=600,2026-09-01T08:56:50Z
DEU,TM.TAX.MRCH.SM.AR.ZS,"Tariff rate, applied, simple mean, all products (%)",2016,2.48,https://api.worldbank.org/v2/country/USA;CHN;IND;EUU;VNM;MEX;JPN;KOR;THA;IDN;MYS;BRA;DEU;CAN/indicator/TM.TAX.MRCH.SM.AR.ZS?format=json&date=2015:2024&per_page=600,2026-09-01T08:56:50Z
DEU,TM.TAX.MRCH.SM.AR.ZS,"Tariff rate, applied, simple mean, all products (%)",2017,2.48,https://api.worldbank.org/v2/country/USA;CHN;IND;EUU;VNM;MEX;JPN;KOR;THA;IDN;MYS;BRA;DEU;CAN/indicator/TM.TAX.MRCH.SM.AR.ZS?format=json&date=2015:2024&per_page=600,2026-09-01T08:56:50Z
DEU,TM.TAX.MRCH.SM.AR.ZS,"Tariff rate, applied, simple mean, all products (%)",2018,2.46,https://api.worldbank.org/v2/country/USA;CHN;IND;EUU;VNM;MEX;JPN;KOR;THA;IDN;MYS;BRA;DEU;CAN/indicator/TM.TAX.MRCH.SM.AR.ZS?format=json&date=2015:2024&per_page=600,2026-09-01T08:56:50Z
DEU,TM.TAX.MRCH.SM.AR.ZS,"Tariff rate, applied, simple mean, all products (%)",2019,2.55,https://api.worldbank.org/v2/country/USA;CHN;IND;EUU;VNM;MEX;JPN;KOR;THA;IDN;MYS;BRA;DEU;CAN/indicator/TM.TAX.MRCH.SM.AR.ZS?format=json&date=2015:2024&per_page=600,2026-09-01T08:56:50Z
DEU,TM.TAX.MRCH.SM.AR.ZS,"Tariff rate, applied, simple mean, all products (%)",2020,1.71,https://api.worldbank.org/v2/country/USA;CHN;IND;EUU;VNM;MEX;JPN;KOR;THA;IDN;MYS;BRA;DEU;CAN/indicator/TM.TAX.MRCH.SM.AR.ZS?format=json&date=2015:2024&per_page=600,2026-09-01T08:56:50Z
DEU,TM.TAX.MRCH.SM.AR.ZS,"Tariff rate, applied, simple mean, all products (%)",2021,2.24,https://api.worldbank.org/v2/country/USA;CHN;IND;EUU;VNM;MEX;JPN;KOR;THA;IDN;MYS;BRA;DEU;CAN/indicator/TM.TAX.MRCH.SM.AR.ZS?format=json&date=2015:2024&per_page=600,2026-09-01T08:56:50Z
DEU,TM.TAX.MRCH.SM.AR.ZS,"Tariff rate, applied, simple mean, all products (%)",2022,1.95,https://api.worldbank.org/v2/country/USA;CHN;IND;EUU;VNM;MEX;JPN;KOR;THA;IDN;MYS;BRA;DEU;CAN/indicator/TM.TAX.MRCH.SM.AR.ZS?format=json&date=2015:2024&per_page=600,2026-09-01T08:56:50Z
EUU,TM.TAX.MRCH.SM.AR.ZS,"Tariff rate, applied, simple mean, all products (%)",2015,2.73,https://api.worldbank.org/v2/country/USA;CHN;IND;EUU;VNM;MEX;JPN;KOR;THA;IDN;MYS;BRA;DEU;CAN/indicator/TM.TAX.MRCH.SM.AR.ZS?format=json&date=2015:2024&per_page=600,2026-09-01T08:56:50Z
EUU,TM.TAX.MRCH.SM.AR.ZS,"Tariff rate, applied, simple mean, all products (%)",2016,2.48,https://api.worldbank.org/v2/country/USA;CHN;IND;EUU;VNM;MEX;JPN;KOR;THA;IDN;MYS;BRA;DEU;CAN/indicator/TM.TAX.MRCH.SM.AR.ZS?format=json&date=2015:2024&per_page=600,2026-09-01T08:56:50Z
EUU,TM.TAX.MRCH.SM.AR.ZS,"Tariff rate, applied, simple mean, all products (%)",2017,2.48,https://api.worldbank.org/v2/country/USA;CHN;IND;EUU;VNM;MEX;JPN;KOR;THA;IDN;MYS;BRA;DEU;CAN/indicator/TM.TAX.MRCH.SM.AR.ZS?format=json&date=2015:2024&per_page=600,2026-09-01T08:56:50Z
EUU,TM.TAX.MRCH.SM.AR.ZS,"Tariff rate, applied, simple mean, all products (%)",2018,2.46,https://api.worldbank.org/v2/country/USA;CHN;IND;EUU;VNM;MEX;JPN;KOR;THA;IDN;MYS;BRA;DEU;CAN/indicator/TM.TAX.MRCH.SM.AR.ZS?format=json&date=2015:2024&per_page=600,2026-09-01T08:56:50Z
EUU,TM.TAX.MRCH.SM.AR.ZS,"Tariff rate, applied, simple mean, all products (%)",2019,2.55,https://api.worldbank.org/v2/country/USA;CHN;IND;EUU;VNM;MEX;JPN;KOR;THA;IDN;MYS;BRA;DEU;CAN/indicator/TM.TAX.MRCH.SM.AR.ZS?format=json&date=2015:2024&per_page=600,2026-09-01T08:56:50Z
EUU,TM.TAX.MRCH.SM.AR.ZS,"Tariff rate, applied, simple mean, all products (%)",2020,1.71,https://api.worldbank.org/v2/country/USA;CHN;IND;EUU;VNM;MEX;JPN;KOR;THA;IDN;MYS;BRA;DEU;CAN/indicator/TM.TAX.MRCH.SM.AR.ZS?format=json&date=2015:2024&per_page=600,2026-09-01T08:56:50Z
EUU,TM.TAX.MRCH.SM.AR.ZS,"Tariff rate, applied, simple mean, all products (%)",2021,2.24,https://api.worldbank.org/v2/country/USA;CHN;IND;EUU;VNM;MEX;JPN;KOR;THA;IDN;MYS;BRA;DEU;CAN/indicator/TM.TAX.MRCH.SM.AR.ZS?format=json&date=2015:2024&per_page=600,2026-09-01T08:56:50Z
EUU,TM.TAX.MRCH.SM.AR.ZS,"Tariff rate, applied, simple mean, all products (%)",2022,1.95,https://api.worldbank.org/v2/country/USA;CHN;IND;EUU;VNM;MEX;JPN;KOR;THA;IDN;MYS;BRA;DEU;CAN/indicator/TM.TAX.MRCH.SM.AR.ZS?format=json&date=2015:2024&per_page=600,2026-09-01T08:56:50Z
IDN,TM.TAX.MRCH.SM.AR.ZS,"Tariff rate, applied, simple mean, all products (%)",2016,6.31,https://api.worldbank.org/v2/country/USA;CHN;IND;EUU;VNM;MEX;JPN;KOR;THA;IDN;MYS;BRA;DEU;CAN/indicator/TM.TAX.MRCH.SM.AR.ZS?format=json&date=2015:2024&per_page=600,2026-09-01T08:56:50Z
IDN,TM.TAX.MRCH.SM.AR.ZS,"Tariff rate, applied, simple mean, all products (%)",2017,5.86,https://api.worldbank.org/v2/country/USA;CHN;IND;EUU;VNM;MEX;JPN;KOR;THA;IDN;MYS;BRA;DEU;CAN/indicator/TM.TAX.MRCH.SM.AR.ZS?format=json&date=2015:2024&per_page=600,2026-09-01T08:56:50Z
IDN,TM.TAX.MRCH.SM.AR.ZS,"Tariff rate, applied, simple mean, all products (%)",2018,6.25,https://api.worldbank.org/v2/country/USA;CHN;IND;EUU;VNM;MEX;JPN;KOR;THA;IDN;MYS;BRA;DEU;CAN/indicator/TM.TAX.MRCH.SM.AR.ZS?format=json&date=2015:2024&per_page=600,2026-09-01T08:56:50Z
IDN,TM.TAX.MRCH.SM.AR.ZS,"Tariff rate, applied, simple mean, all products (%)",2019,6.71,https://api.worldbank.org/v2/country/USA;CHN;IND;EUU;VNM;MEX;JPN;KOR;THA;IDN;MYS;BRA;DEU;CAN/indicator/TM.TAX.MRCH.SM.AR.ZS?format=json&date=2015:2024&per_page=600,2026-09-01T08:56:50Z
IDN,TM.TAX.MRCH.SM.AR.ZS,"Tariff rate, applied, simple mean, all products (%)",2020,6.29,https://api.worldbank.org/v2/country/USA;CHN;IND;EUU;VNM;MEX;JPN;KOR;THA;IDN;MYS;BRA;DEU;CAN/indicator/TM.TAX.MRCH.SM.AR.ZS?format=json&date=2015:2024&per_page=600,2026-09-01T08:56:50Z
IDN,TM.TAX.MRCH.SM.AR.ZS,"Tariff rate, applied, simple mean, all products (%)",2021,6.02,https://api.worldbank.org/v2/country/USA;CHN;IND;EUU;VNM;MEX;JPN;KOR;THA;IDN;MYS;BRA;DEU;CAN/indicator/TM.TAX.MRCH.SM.AR.ZS?format=json&date=2015:2024&per_page=600,2026-09-01T08:56:50Z
IDN,TM.TAX.MRCH.SM.AR.ZS,"Tariff rate, applied, simple mean, all products (%)",2022,5.82,https://api.worldbank.org/v2/country/USA;CHN;IND;EUU;VNM;MEX;JPN;KOR;THA;IDN;MYS;BRA;DEU;CAN/indicator/TM.TAX.MRCH.SM.AR.ZS?format=json&date=2015:2024&per_page=600,2026-09-01T08:56:50Z
IND,TM.TAX.MRCH.SM.AR.ZS,"Tariff rate, applied, simple mean, all products (%)",2015,9.75,https://api.worldbank.org/v2/country/USA;CHN;IND;EUU;VNM;MEX;JPN;KOR;THA;IDN;MYS;BRA;DEU;CAN/indicator/TM.TAX.MRCH.SM.AR.ZS?format=json&date=2015:2024&per_page=600,2026-09-01T08:56:50Z
IND,TM.TAX.MRCH.SM.AR.ZS,"Tariff rate, applied, simple mean, all products (%)",2016,8.91,https://api.worldbank.org/v2/country/USA;CHN;IND;EUU;VNM;MEX;JPN;KOR;THA;IDN;MYS;BRA;DEU;CAN/indicator/TM.TAX.MRCH.SM.AR.ZS?format=json&date=2015:2024&per_page=600,2026-09-01T08:56:50Z
IND,TM.TAX.MRCH.SM.AR.ZS,"Tariff rate, applied, simple mean, all products (%)",2017,8.88,https://api.worldbank.org/v2/country/USA;CHN;IND;EUU;VNM;MEX;JPN;KOR;THA;IDN;MYS;BRA;DEU;CAN/indicator/TM.TAX.MRCH.SM.AR.ZS?format=json&date=2015:2024&per_page=600,2026-09-01T08:56:50Z
IND,TM.TAX.MRCH.SM.AR.ZS,"Tariff rate, applied, simple mean, all products (%)",2018,9.03,https://api.worldbank.org/v2/country/USA;CHN;IND;EUU;VNM;MEX;JPN;KOR;THA;IDN;MYS;BRA;DEU;CAN/indicator/TM.TAX.MRCH.SM.AR.ZS?format=json&date=2015:2024&per_page=600,2026-09-01T08:56:50Z
IND,TM.TAX.MRCH.SM.AR.ZS,"Tariff rate, applied, simple mean, all products (%)",2019,10.21,https://api.worldbank.org/v2/country/USA;CHN;IND;EUU;VNM;MEX;JPN;KOR;THA;IDN;MYS;BRA;DEU;CAN/indicator/TM.TAX.MRCH.SM.AR.ZS?format=json&date=2015:2024&per_page=600,2026-09-01T08:56:50Z
IND,TM.TAX.MRCH.SM.AR.ZS,"Tariff rate, applied, simple mean, all products (%)",2020,9.42,https://api.worldbank.org/v2/country/USA;CHN;IND;EUU;VNM;MEX;JPN;KOR;THA;IDN;MYS;BRA;DEU;CAN/indicator/TM.TAX.MRCH.SM.AR.ZS?format=json&date=2015:2024&per_page=600,2026-09-01T08:56:50Z
IND,TM.TAX.MRCH.SM.AR.ZS,"Tariff rate, applied, simple mean, all products (%)",2021,9.86,https://api.worldbank.org/v2/country/USA;CHN;IND;EUU;VNM;MEX;JPN;KOR;THA;IDN;MYS;BRA;DEU;CAN/indicator/TM.TAX.MRCH.SM.AR.ZS?format=json&date=2015:2024&per_page=600,2026-09-01T08:56:50Z
IND,TM.TAX.MRCH.SM.AR.ZS,"Tariff rate, applied, simple mean, all products (%)",2022,10.06,https://api.worldbank.org/v2/country/USA;CHN;IND;EUU;VNM;MEX;JPN;KOR;THA;IDN;MYS;BRA;DEU;CAN/indicator/TM.TAX.MRCH.SM.AR.ZS?format=json&date=2015:2024&per_page=600,2026-09-01T08:56:50Z
JPN,TM.TAX.MRCH.SM.AR.ZS,"Tariff rate, applied, simple mean, all products (%)",2015,3.52,https://api.worldbank.org/v2/country/USA;CHN;IND;EUU;VNM;MEX;JPN;KOR;THA;IDN;MYS;BRA;DEU;CAN/indicator/TM.TAX.MRCH.SM.AR.ZS?format=json&date=2015:2024&per_page=600,2026-09-01T08:56:50Z
JPN,TM.TAX.MRCH.SM.AR.ZS,"Tariff rate, applied, simple mean, all products (%)",2016,3.51,https://api.worldbank.org/v2/country/USA;CHN;IND;EUU;VNM;MEX;JPN;KOR;THA;IDN;MYS;BRA;DEU;CAN/indicator/TM.TAX.MRCH.SM.AR.ZS?format=json&date=2015:2024&per_page=600,2026-09-01T08:56:50Z
JPN,TM.TAX.MRCH.SM.AR.ZS,"Tariff rate, applied, simple mean, all products (%)",2017,3.69,https://api.worldbank.org/v2/country/USA;CHN;IND;EUU;VNM;MEX;JPN;KOR;THA;IDN;MYS;BRA;DEU;CAN/indicator/TM.TAX.MRCH.SM.AR.ZS?format=json&date=2015:2024&per_page=600,2026-09-01T08:56:50Z
JPN,TM.TAX.MRCH.SM.AR.ZS,"Tariff rate, applied, simple mean, all products (%)",2018,3.77,https://api.worldbank.org/v2/country/USA;CHN;IND;EUU;VNM;MEX;JPN;KOR;THA;IDN;MYS;BRA;DEU;CAN/indicator/TM.TAX.MRCH.SM.AR.ZS?format=json&date=2015:2024&per_page=600,2026-09-01T08:56:50Z
JPN,TM.TAX.MRCH.SM.AR.ZS,"Tariff rate, applied, simple mean, all products (%)",2019,5.91,https://api.worldbank.org/v2/country/USA;CHN;IND;EUU;VNM;MEX;JPN;KOR;THA;IDN;MYS;BRA;DEU;CAN/indicator/TM.TAX.MRCH.SM.AR.ZS?format=json&date=2015:2024&per_page=600,2026-09-01T08:56:50Z
JPN,TM.TAX.MRCH.SM.AR.ZS,"Tariff rate, applied, simple mean, all products (%)",2020,2.31,https://api.worldbank.org/v2/country/USA;CHN;IND;EUU;VNM;MEX;JPN;KOR;THA;IDN;MYS;BRA;DEU;CAN/indicator/TM.TAX.MRCH.SM.AR.ZS?format=json&date=2015:2024&per_page=600,2026-09-01T08:56:50Z
JPN,TM.TAX.MRCH.SM.AR.ZS,"Tariff rate, applied, simple mean, all products (%)",2021,2.18,https://api.worldbank.org/v2/country/USA;CHN;IND;EUU;VNM;MEX;JPN;KOR;THA;IDN;MYS;BRA;DEU;CAN/indicator/TM.TAX.MRCH.SM.AR.ZS?format=json&date=2015:2024&per_page=600,2026-09-01T08:56:50Z
JPN,TM.TAX.MRCH.SM.AR.ZS,"Tariff rate, applied, simple mean, all products (%)",2022,1.99,https://api.worldbank.org/v2/country/USA;CHN;IND;EUU;VNM;MEX;JPN;KOR;THA;IDN;MYS;BRA;DEU;CAN/indicator/TM.TAX.MRCH.SM.AR.ZS?format=json&date=2015:2024&per_page=600,2026-09-01T08:56:50Z
KOR,TM.TAX.MRCH.SM.AR.ZS,"Tariff rate, applied, simple mean, all products (%)",2015,6.05,https://api.worldbank.org/v2/country/USA;CHN;IND;EUU;VNM;MEX;JPN;KOR;THA;IDN;MYS;BRA;DEU;CAN/indicator/TM.TAX.MRCH.SM.AR.ZS?format=json&date=2015:2024&per_page=600,2026-09-01T08:56:50Z
KOR,TM.TAX.MRCH.SM.AR.ZS,"Tariff rate, applied, simple mean, all products (%)",2016,11.12,https://api.worldbank.org/v2/country/USA;CHN;IND;EUU;VNM;MEX;JPN;KOR;THA;IDN;MYS;BRA;DEU;CAN/indicator/TM.TAX.MRCH.SM.AR.ZS?format=json&date=2015:2024&per_page=600,2026-09-01T08:56:50Z
KOR,TM.TAX.MRCH.SM.AR.ZS,"Tariff rate, applied, simple mean, all products (%)",2017,5.36,https://api.worldbank.org/v2/country/USA;CHN;IND;EUU;VNM;MEX;JPN;KOR;THA;IDN;MYS;BRA;DEU;CAN/indicator/TM.TAX.MRCH.SM.AR.ZS?format=json&date=2015:2024&per_page=600,2026-09-01T08:56:50Z
KOR,TM.TAX.MRCH.SM.AR.ZS,"Tariff rate, applied, simple mean, all products (%)",2018,5.23,https://api.worldbank.org/v2/country/USA;CHN;IND;EUU;VNM;MEX;JPN;KOR;THA;IDN;MYS;BRA;DEU;CAN/indicator/TM.TAX.MRCH.SM.AR.ZS?format=json&date=2015:2024&per_page=600,2026-09-01T08:56:50Z
KOR,TM.TAX.MRCH.SM.AR.ZS,"Tariff rate, applied, simple mean, all products (%)",2020,5.29,https://api.worldbank.org/v2/country/USA;CHN;IND;EUU;VNM;MEX;JPN;KOR;THA;IDN;MYS;BRA;DEU;CAN/indicator/TM.TAX.MRCH.SM.AR.ZS?format=json&date=2015:2024&per_page=600,2026-09-01T08:56:50Z
KOR,TM.TAX.MRCH.SM.AR.ZS,"Tariff rate, applied, simple mean, all products (%)",2021,5.0,https://api.worldbank.org/v2/country/USA;CHN;IND;EUU;VNM;MEX;JPN;KOR;THA;IDN;MYS;BRA;DEU;CAN/indicator/TM.TAX.MRCH.SM.AR.ZS?format=json&date=2015:2024&per_page=600,2026-09-01T08:56:50Z
KOR,TM.TAX.MRCH.SM.AR.ZS,"Tariff rate, applied, simple mean, all products (%)",2022,5.73,https://api.worldbank.org/v2/country/USA;CHN;IND;EUU;VNM;MEX;JPN;KOR;THA;IDN;MYS;BRA;DEU;CAN/indicator/TM.TAX.MRCH.SM.AR.ZS?format=json&date=2015:2024&per_page=600,2026-09-01T08:56:50Z
MEX,TM.TAX.MRCH.SM.AR.ZS,"Tariff rate, applied, simple mean, all products (%)",2015,6.07,https://api.worldbank.org/v2/country/USA;CHN;IND;EUU;VNM;MEX;JPN;KOR;THA;IDN;MYS;BRA;DEU;CAN/indicator/TM.TAX.MRCH.SM.AR.ZS?format=json&date=2015:2024&per_page=600,2026-09-01T08:56:50Z
MEX,TM.TAX.MRCH.SM.AR.ZS,"Tariff rate, applied, simple mean, all products (%)",2016,6.17,https://api.worldbank.org/v2/country/USA;CHN;IND;EUU;VNM;MEX;JPN;KOR;THA;IDN;MYS;BRA;DEU;CAN/indicator/TM.TAX.MRCH.SM.AR.ZS?format=json&date=2015:2024&per_page=600,2026-09-01T08:56:50Z
MEX,TM.TAX.MRCH.SM.AR.ZS,"Tariff rate, applied, simple mean, all products (%)",2017,2.97,https://api.worldbank.org/v2/country/USA;CHN;IND;EUU;VNM;MEX;JPN;KOR;THA;IDN;MYS;BRA;DEU;CAN/indicator/TM.TAX.MRCH.SM.AR.ZS?format=json&date=2015:2024&per_page=600,2026-09-01T08:56:50Z
MEX,TM.TAX.MRCH.SM.AR.ZS,"Tariff rate, applied, simple mean, all products (%)",2018,3.28,https://api.worldbank.org/v2/country/USA;CHN;IND;EUU;VNM;MEX;JPN;KOR;THA;IDN;MYS;BRA;DEU;CAN/indicator/TM.TAX.MRCH.SM.AR.ZS?format=json&date=2015:2024&per_page=600,2026-09-01T08:56:50Z
MEX,TM.TAX.MRCH.SM.AR.ZS,"Tariff rate, applied, simple mean, all products (%)",2022,2.69,https://api.worldbank.org/v2/country/USA;CHN;IND;EUU;VNM;MEX;JPN;KOR;THA;IDN;MYS;BRA;DEU;CAN/indicator/TM.TAX.MRCH.SM.AR.ZS?format=json&date=2015:2024&per_page=600,2026-09-01T08:56:50Z
MYS,TM.TAX.MRCH.SM.AR.ZS,"Tariff rate, applied, simple mean, all products (%)",2016,6.22,https://api.worldbank.org/v2/country/USA;CHN;IND;EUU;VNM;MEX;JPN;KOR;THA;IDN;MYS;BRA;DEU;CAN/indicator/TM.TAX.MRCH.SM.AR.ZS?format=json&date=2015:2024&per_page=600,2026-09-01T08:56:50Z
MYS,TM.TAX.MRCH.SM.AR.ZS,"Tariff rate, applied, simple mean, all products (%)",2020,5.65,https://api.worldbank.org/v2/country/USA;CHN;IND;EUU;VNM;MEX;JPN;KOR;THA;IDN;MYS;BRA;DEU;CAN/indicator/TM.TAX.MRCH.SM.AR.ZS?format=json&date=2015:2024&per_page=600,2026-09-01T08:56:50Z
MYS,TM.TAX.MRCH.SM.AR.ZS,"Tariff rate, applied, simple mean, all products (%)",2021,5.61,https://api.worldbank.org/v2/country/USA;CHN;IND;EUU;VNM;MEX;JPN;KOR;THA;IDN;MYS;BRA;DEU;CAN/indicator/TM.TAX.MRCH.SM.AR.ZS?format=json&date=2015:2024&per_page=600,2026-09-01T08:56:50Z
MYS,TM.TAX.MRCH.SM.AR.ZS,"Tariff rate, applied, simple mean, all products (%)",2022,5.43,https://api.worldbank.org/v2/country/USA;CHN;IND;EUU;VNM;MEX;JPN;KOR;THA;IDN;MYS;BRA;DEU;CAN/indicator/TM.TAX.MRCH.SM.AR.ZS?format=json&date=2015:2024&per_page=600,2026-09-01T08:56:50Z
THA,TM.TAX.MRCH.SM.AR.ZS,"Tariff rate, applied, simple mean, all products (%)",2015,7.96,https://api.worldbank.org/v2/country/USA;CHN;IND;EUU;VNM;MEX;JPN;KOR;THA;IDN;MYS;BRA;DEU;CAN/indicator/TM.TAX.MRCH.SM.AR.ZS?format=json&date=2015:2024&per_page=600,2026-09-01T08:56:50Z
THA,TM.TAX.MRCH.SM.AR.ZS,"Tariff rate, applied, simple mean, all products (%)",2021,8.48,https://api.worldbank.org/v2/country/USA;CHN;IND;EUU;VNM;MEX;JPN;KOR;THA;IDN;MYS;BRA;DEU;CAN/indicator/TM.TAX.MRCH.SM.AR.ZS?format=json&date=2015:2024&per_page=600,2026-09-01T08:56:50Z
THA,TM.TAX.MRCH.SM.AR.ZS,"Tariff rate, applied, simple mean, all products (%)",2022,8.26,https://api.worldbank.org/v2/country/USA;CHN;IND;EUU;VNM;MEX;JPN;KOR;THA;IDN;MYS;BRA;DEU;CAN/indicator/TM.TAX.MRCH.SM.AR.ZS?format=json&date=2015:2024&per_page=600,2026-09-01T08:56:50Z
USA,TM.TAX.MRCH.SM.AR.ZS,"Tariff rate, applied, simple mean, all products (%)",2015,2.8,https://api.worldbank.org/v2/country/USA;CHN;IND;EUU;VNM;MEX;JPN;KOR;THA;IDN;MYS;BRA;DEU;CAN/indicator/TM.TAX.MRCH.SM.AR.ZS?format=json&date=2015:2024&per_page=600,2026-09-01T08:56:50Z
USA,TM.TAX.MRCH.SM.AR.ZS,"Tariff rate, applied, simple mean, all products (%)",2016,2.76,https://api.worldbank.org/v2/country/USA;CHN;IND;EUU;VNM;MEX;JPN;KOR;THA;IDN;MYS;BRA;DEU;CAN/indicator/TM.TAX.MRCH.SM.AR.ZS?format=json&date=2015:2024&per_page=600,2026-09-01T08:56:50Z
USA,TM.TAX.MRCH.SM.AR.ZS,"Tariff rate, applied, simple mean, all products (%)",2017,3.36,https://api.worldbank.org/v2/country/USA;CHN;IND;EUU;VNM;MEX;JPN;KOR;THA;IDN;MYS;BRA;DEU;CAN/indicator/TM.TAX.MRCH.SM.AR.ZS?format=json&date=2015:2024&per_page=600,2026-09-01T08:56:50Z
USA,TM.TAX.MRCH.SM.AR.ZS,"Tariff rate, applied, simple mean, all products (%)",2018,3.25,https://api.worldbank.org/v2/country/USA;CHN;IND;EUU;VNM;MEX;JPN;KOR;THA;IDN;MYS;BRA;DEU;CAN/indicator/TM.TAX.MRCH.SM.AR.ZS?format=json&date=2015:2024&per_page=600,2026-09-01T08:56:50Z
USA,TM.TAX.MRCH.SM.AR.ZS,"Tariff rate, applied, simple mean, all products (%)",2019,8.7,https://api.worldbank.org/v2/country/USA;CHN;IND;EUU;VNM;MEX;JPN;KOR;THA;IDN;MYS;BRA;DEU;CAN/indicator/TM.TAX.MRCH.SM.AR.ZS?format=json&date=2015:2024&per_page=600,2026-09-01T08:56:50Z
USA,TM.TAX.MRCH.SM.AR.ZS,"Tariff rate, applied, simple mean, all products (%)",2020,2.87,https://api.worldbank.org/v2/country/USA;CHN;IND;EUU;VNM;MEX;JPN;KOR;THA;IDN;MYS;BRA;DEU;CAN/indicator/TM.TAX.MRCH.SM.AR.ZS?format=json&date=2015:2024&per_page=600,2026-09-01T08:56:50Z
USA,TM.TAX.MRCH.SM.AR.ZS,"Tariff rate, applied, simple mean, all products (%)",2021,2.79,https://api.worldbank.org/v2/country/USA;CHN;IND;EUU;VNM;MEX;JPN;KOR;THA;IDN;MYS;BRA;DEU;CAN/indicator/TM.TAX.MRCH.SM.AR.ZS?format=json&date=2015:2024&per_page=600,2026-09-01T08:56:50Z
USA,TM.TAX.MRCH.SM.AR.ZS,"Tariff rate, applied, simple mean, all products (%)",2022,2.72,https://api.worldbank.org/v2/country/USA;CHN;IND;EUU;VNM;MEX;JPN;KOR;THA;IDN;MYS;BRA;DEU;CAN/indicator/TM.TAX.MRCH.SM.AR.ZS?format=json&date=2015:2024&per_page=600,2026-09-01T08:56:50Z
VNM,TM.TAX.MRCH.SM.AR.ZS,"Tariff rate, applied, simple mean, all products (%)",2015,6.18,https://api.worldbank.org/v2/country/USA;CHN;IND;EUU;VNM;MEX;JPN;KOR;THA;IDN;MYS;BRA;DEU;CAN/indicator/TM.TAX.MRCH.SM.AR.ZS?format=json&date=2015:2024&per_page=600,2026-09-01T08:56:50Z
VNM,TM.TAX.MRCH.SM.AR.ZS,"Tariff rate, applied, simple mean, all products (%)",2016,6.4,https://api.worldbank.org/v2/country/USA;CHN;IND;EUU;VNM;MEX;JPN;KOR;THA;IDN;MYS;BRA;DEU;CAN/indicator/TM.TAX.MRCH.SM.AR.ZS?format=json&date=2015:2024&per_page=600,2026-09-01T08:56:50Z
VNM,TM.TAX.MRCH.SM.AR.ZS,"Tariff rate, applied, simple mean, all products (%)",2017,6.51,https://api.worldbank.org/v2/country/USA;CHN;IND;EUU;VNM;MEX;JPN;KOR;THA;IDN;MYS;BRA;DEU;CAN/indicator/TM.TAX.MRCH.SM.AR.ZS?format=json&date=2015:2024&per_page=600,2026-09-01T08:56:50Z
VNM,TM.TAX.MRCH.SM.AR.ZS,"Tariff rate, applied, simple mean, all products (%)",2018,6.65,https://api.worldbank.org/v2/country/USA;CHN;IND;EUU;VNM;MEX;JPN;KOR;THA;IDN;MYS;BRA;DEU;CAN/indicator/TM.TAX.MRCH.SM.AR.ZS?format=json&date=2015:2024&per_page=600,2026-09-01T08:56:50Z
VNM,TM.TAX.MRCH.SM.AR.ZS,"Tariff rate, applied, simple mean, all products (%)",2019,5.68,https://api.worldbank.org/v2/country/USA;CHN;IND;EUU;VNM;MEX;JPN;KOR;THA;IDN;MYS;BRA;DEU;CAN/indicator/TM.TAX.MRCH.SM.AR.ZS?format=json&date=2015:2024&per_page=600,2026-09-01T08:56:50Z
VNM,TM.TAX.MRCH.SM.AR.ZS,"Tariff rate, applied, simple mean, all products (%)",2020,5.56,https://api.worldbank.org/v2/country/USA;CHN;IND;EUU;VNM;MEX;JPN;KOR;THA;IDN;MYS;BRA;DEU;CAN/indicator/TM.TAX.MRCH.SM.AR.ZS?format=json&date=2015:2024&per_page=600,2026-09-01T08:56:50Z
VNM,TM.TAX.MRCH.SM.AR.ZS,"Tariff rate, applied, simple mean, all products (%)",2021,4.22,https://api.worldbank.org/v2/country/USA;CHN;IND;EUU;VNM;MEX;JPN;KOR;THA;IDN;MYS;BRA;DEU;CAN/indicator/TM.TAX.MRCH.SM.AR.ZS?format=json&date=2015:2024&per_page=600,2026-09-01T08:56:50Z
VNM,TM.TAX.MRCH.SM.AR.ZS,"Tariff rate, applied, simple mean, all products (%)",2022,3.71,https://api.worldbank.org/v2/country/USA;CHN;IND;EUU;VNM;MEX;JPN;KOR;THA;IDN;MYS;BRA;DEU;CAN/indicator/TM.TAX.MRCH.SM.AR.ZS?format=json&date=2015:2024&per_page=600,2026-09-01T08:56:50Z
BRA,TM.TAX.MRCH.SM.FN.ZS,"Tariff rate, MFN, simple mean, all products (%)",2015,13.56,https://api.worldbank.org/v2/country/USA;CHN;IND;EUU;VNM;MEX;JPN;KOR;THA;IDN;MYS;BRA;DEU;CAN/indicator/TM.TAX.MRCH.SM.FN.ZS?format=json&date=2015:2024&per_page=600,2026-09-01T08:56:50Z
BRA,TM.TAX.MRCH.SM.FN.ZS,"Tariff rate, MFN, simple mean, all products (%)",2016,13.56,https://api.worldbank.org/v2/country/USA;CHN;IND;EUU;VNM;MEX;JPN;KOR;THA;IDN;MYS;BRA;DEU;CAN/indicator/TM.TAX.MRCH.SM.FN.ZS?format=json&date=2015:2024&per_page=600,2026-09-01T08:56:50Z
BRA,TM.TAX.MRCH.SM.FN.ZS,"Tariff rate, MFN, simple mean, all products (%)",2017,13.58,https://api.worldbank.org/v2/country/USA;CHN;IND;EUU;VNM;MEX;JPN;KOR;THA;IDN;MYS;BRA;DEU;CAN/indicator/TM.TAX.MRCH.SM.FN.ZS?format=json&date=2015:2024&per_page=600,2026-09-01T08:56:50Z
BRA,TM.TAX.MRCH.SM.FN.ZS,"Tariff rate, MFN, simple mean, all products (%)",2018,13.58,https://api.worldbank.org/v2/country/USA;CHN;IND;EUU;VNM;MEX;JPN;KOR;THA;IDN;MYS;BRA;DEU;CAN/indicator/TM.TAX.MRCH.SM.FN.ZS?format=json&date=2015:2024&per_page=600,2026-09-01T08:56:50Z
BRA,TM.TAX.MRCH.SM.FN.ZS,"Tariff rate, MFN, simple mean, all products (%)",2019,13.56,https://api.worldbank.org/v2/country/USA;CHN;IND;EUU;VNM;MEX;JPN;KOR;THA;IDN;MYS;BRA;DEU;CAN/indicator/TM.TAX.MRCH.SM.FN.ZS?format=json&date=2015:2024&per_page=600,2026-09-01T08:56:50Z
BRA,TM.TAX.MRCH.SM.FN.ZS,"Tariff rate, MFN, simple mean, all products (%)",2020,13.55,https://api.worldbank.org/v2/country/USA;CHN;IND;EUU;VNM;MEX;JPN;KOR;THA;IDN;MYS;BRA;DEU;CAN/indicator/TM.TAX.MRCH.SM.FN.ZS?format=json&date=2015:2024&per_page=600,2026-09-01T08:56:50Z
BRA,TM.TAX.MRCH.SM.FN.ZS,"Tariff rate, MFN, simple mean, all products (%)",2021,13.5,https://api.worldbank.org/v2/country/USA;CHN;IND;EUU;VNM;MEX;JPN;KOR;THA;IDN;MYS;BRA;DEU;CAN/indicator/TM.TAX.MRCH.SM.FN.ZS?format=json&date=2015:2024&per_page=600,2026-09-01T08:56:50Z
BRA,TM.TAX.MRCH.SM.FN.ZS,"Tariff rate, MFN, simple mean, all products (%)",2022,13.5,https://api.worldbank.org/v2/country/USA;CHN;IND;EUU;VNM;MEX;JPN;KOR;THA;IDN;MYS;BRA;DEU;CAN/indicator/TM.TAX.MRCH.SM.FN.ZS?format=json&date=2015:2024&per_page=600,2026-09-01T08:56:50Z
CAN,TM.TAX.MRCH.SM.FN.ZS,"Tariff rate, MFN, simple mean, all products (%)",2015,3.26,https://api.worldbank.org/v2/country/USA;CHN;IND;EUU;VNM;MEX;JPN;KOR;THA;IDN;MYS;BRA;DEU;CAN/indicator/TM.TAX.MRCH.SM.FN.ZS?format=json&date=2015:2024&per_page=600,2026-09-01T08:56:50Z
CAN,TM.TAX.MRCH.SM.FN.ZS,"Tariff rate, MFN, simple mean, all products (%)",2016,3.26,https://api.worldbank.org/v2/country/USA;CHN;IND;EUU;VNM;MEX;JPN;KOR;THA;IDN;MYS;BRA;DEU;CAN/indicator/TM.TAX.MRCH.SM.FN.ZS?format=json&date=2015:2024&per_page=600,2026-09-01T08:56:50Z
CAN,TM.TAX.MRCH.SM.FN.ZS,"Tariff rate, MFN, simple mean, all products (%)",2017,3.21,https://api.worldbank.org/v2/country/USA;CHN;IND;EUU;VNM;MEX;JPN;KOR;THA;IDN;MYS;BRA;DEU;CAN/indicator/TM.TAX.MRCH.SM.FN.ZS?format=json&date=2015:2024&per_page=600,2026-09-01T08:56:50Z
CAN,TM.TAX.MRCH.SM.FN.ZS,"Tariff rate, MFN, simple mean, all products (%)",2018,3.2,https://api.worldbank.org/v2/country/USA;CHN;IND;EUU;VNM;MEX;JPN;KOR;THA;IDN;MYS;BRA;DEU;CAN/indicator/TM.TAX.MRCH.SM.FN.ZS?format=json&date=2015:2024&per_page=600,2026-09-01T08:56:50Z
CAN,TM.TAX.MRCH.SM.FN.ZS,"Tariff rate, MFN, simple mean, all products (%)",2019,4.11,https://api.worldbank.org/v2/country/USA;CHN;IND;EUU;VNM;MEX;JPN;KOR;THA;IDN;MYS;BRA;DEU;CAN/indicator/TM.TAX.MRCH.SM.FN.ZS?format=json&date=2015:2024&per_page=600,2026-09-01T08:56:50Z
CAN,TM.TAX.MRCH.SM.FN.ZS,"Tariff rate, MFN, simple mean, all products (%)",2020,3.26,https://api.worldbank.org/v2/country/USA;CHN;IND;EUU;VNM;MEX;JPN;KOR;THA;IDN;MYS;BRA;DEU;CAN/indicator/TM.TAX.MRCH.SM.FN.ZS?format=json&date=2015:2024&per_page=600,2026-09-01T08:56:50Z
CAN,TM.TAX.MRCH.SM.FN.ZS,"Tariff rate, MFN, simple mean, all products (%)",2021,3.16,https://api.worldbank.org/v2/country/USA;CHN;IND;EUU;VNM;MEX;JPN;KOR;THA;IDN;MYS;BRA;DEU;CAN/indicator/TM.TAX.MRCH.SM.FN.ZS?format=json&date=2015:2024&per_page=600,2026-09-01T08:56:50Z
CAN,TM.TAX.MRCH.SM.FN.ZS,"Tariff rate, MFN, simple mean, all products (%)",2022,3.04,https://api.worldbank.org/v2/country/USA;CHN;IND;EUU;VNM;MEX;JPN;KOR;THA;IDN;MYS;BRA;DEU;CAN/indicator/TM.TAX.MRCH.SM.FN.ZS?format=json&date=2015:2024&per_page=600,2026-09-01T08:56:50Z
CHN,TM.TAX.MRCH.SM.FN.ZS,"Tariff rate, MFN, simple mean, all products (%)",2015,11.04,https://api.worldbank.org/v2/country/USA;CHN;IND;EUU;VNM;MEX;JPN;KOR;THA;IDN;MYS;BRA;DEU;CAN/indicator/TM.TAX.MRCH.SM.FN.ZS?format=json&date=2015:2024&per_page=600,2026-09-01T08:56:50Z
CHN,TM.TAX.MRCH.SM.FN.ZS,"Tariff rate, MFN, simple mean, all products (%)",2016,10.93,https://api.worldbank.org/v2/country/USA;CHN;IND;EUU;VNM;MEX;JPN;KOR;THA;IDN;MYS;BRA;DEU;CAN/indicator/TM.TAX.MRCH.SM.FN.ZS?format=json&date=2015:2024&per_page=600,2026-09-01T08:56:50Z
CHN,TM.TAX.MRCH.SM.FN.ZS,"Tariff rate, MFN, simple mean, all products (%)",2017,11.01,https://api.worldbank.org/v2/country/USA;CHN;IND;EUU;VNM;MEX;JPN;KOR;THA;IDN;MYS;BRA;DEU;CAN/indicator/TM.TAX.MRCH.SM.FN.ZS?format=json&date=2015:2024&per_page=600,2026-09-01T08:56:50Z
CHN,TM.TAX.MRCH.SM.FN.ZS,"Tariff rate, MFN, simple mean, all products (%)",2018,9.86,https://api.worldbank.org/v2/country/USA;CHN;IND;EUU;VNM;MEX;JPN;KOR;THA;IDN;MYS;BRA;DEU;CAN/indicator/TM.TAX.MRCH.SM.FN.ZS?format=json&date=2015:2024&per_page=600,2026-09-01T08:56:50Z
CHN,TM.TAX.MRCH.SM.FN.ZS,"Tariff rate, MFN, simple mean, all products (%)",2019,7.45,https://api.worldbank.org/v2/country/USA;CHN;IND;EUU;VNM;MEX;JPN;KOR;THA;IDN;MYS;BRA;DEU;CAN/indicator/TM.TAX.MRCH.SM.FN.ZS?format=json&date=2015:2024&per_page=600,2026-09-01T08:56:50Z
CHN,TM.TAX.MRCH.SM.FN.ZS,"Tariff rate, MFN, simple mean, all products (%)",2020,7.56,https://api.worldbank.org/v2/country/USA;CHN;IND;EUU;VNM;MEX;JPN;KOR;THA;IDN;MYS;BRA;DEU;CAN/indicator/TM.TAX.MRCH.SM.FN.ZS?format=json&date=2015:2024&per_page=600,2026-09-01T08:56:50Z
CHN,TM.TAX.MRCH.SM.FN.ZS,"Tariff rate, MFN, simple mean, all products (%)",2021,7.49,https://api.worldbank.org/v2/country/USA;CHN;IND;EUU;VNM;MEX;JPN;KOR;THA;IDN;MYS;BRA;DEU;CAN/indicator/TM.TAX.MRCH.SM.FN.ZS?format=json&date=2015:2024&per_page=600,2026-09-01T08:56:50Z
CHN,TM.TAX.MRCH.SM.FN.ZS,"Tariff rate, MFN, simple mean, all products (%)",2022,7.42,https://api.worldbank.org/v2/country/USA;CHN;IND;EUU;VNM;MEX;JPN;KOR;THA;IDN;MYS;BRA;DEU;CAN/indicator/TM.TAX.MRCH.SM.FN.ZS?format=json&date=2015:2024&per_page=600,2026-09-01T08:56:50Z
DEU,TM.TAX.MRCH.SM.FN.ZS,"Tariff rate, MFN, simple mean, all products (%)",2015,5.72,https://api.worldbank.org/v2/country/USA;CHN;IND;EUU;VNM;MEX;JPN;KOR;THA;IDN;MYS;BRA;DEU;CAN/indicator/TM.TAX.MRCH.SM.FN.ZS?format=json&date=2015:2024&per_page=600,2026-09-01T08:56:50Z
DEU,TM.TAX.MRCH.SM.FN.ZS,"Tariff rate, MFN, simple mean, all products (%)",2016,5.69,https://api.worldbank.org/v2/country/USA;CHN;IND;EUU;VNM;MEX;JPN;KOR;THA;IDN;MYS;BRA;DEU;CAN/indicator/TM.TAX.MRCH.SM.FN.ZS?format=json&date=2015:2024&per_page=600,2026-09-01T08:56:50Z
DEU,TM.TAX.MRCH.SM.FN.ZS,"Tariff rate, MFN, simple mean, all products (%)",2017,5.62,https://api.worldbank.org/v2/country/USA;CHN;IND;EUU;VNM;MEX;JPN;KOR;THA;IDN;MYS;BRA;DEU;CAN/indicator/TM.TAX.MRCH.SM.FN.ZS?format=json&date=2015:2024&per_page=600,2026-09-01T08:56:50Z
DEU,TM.TAX.MRCH.SM.FN.ZS,"Tariff rate, MFN, simple mean, all products (%)",2018,5.6,https://api.worldbank.org/v2/country/USA;CHN;IND;EUU;VNM;MEX;JPN;KOR;THA;IDN;MYS;BRA;DEU;CAN/indicator/TM.TAX.MRCH.SM.FN.ZS?format=json&date=2015:2024&per_page=600,2026-09-01T08:56:50Z
DEU,TM.TAX.MRCH.SM.FN.ZS,"Tariff rate, MFN, simple mean, all products (%)",2019,6.16,https://api.worldbank.org/v2/country/USA;CHN;IND;EUU;VNM;MEX;JPN;KOR;THA;IDN;MYS;BRA;DEU;CAN/indicator/TM.TAX.MRCH.SM.FN.ZS?format=json&date=2015:2024&per_page=600,2026-09-01T08:56:50Z
DEU,TM.TAX.MRCH.SM.FN.ZS,"Tariff rate, MFN, simple mean, all products (%)",2020,4.32,https://api.worldbank.org/v2/country/USA;CHN;IND;EUU;VNM;MEX;JPN;KOR;THA;IDN;MYS;BRA;DEU;CAN/indicator/TM.TAX.MRCH.SM.FN.ZS?format=json&date=2015:2024&per_page=600,2026-09-01T08:56:50Z
DEU,TM.TAX.MRCH.SM.FN.ZS,"Tariff rate, MFN, simple mean, all products (%)",2021,5.63,https://api.worldbank.org/v2/country/USA;CHN;IND;EUU;VNM;MEX;JPN;KOR;THA;IDN;MYS;BRA;DEU;CAN/indicator/TM.TAX.MRCH.SM.FN.ZS?format=json&date=2015:2024&per_page=600,2026-09-01T08:56:50Z
DEU,TM.TAX.MRCH.SM.FN.ZS,"Tariff rate, MFN, simple mean, all products (%)",2022,5.24,https://api.worldbank.org/v2/country/USA;CHN;IND;EUU;VNM;MEX;JPN;KOR;THA;IDN;MYS;BRA;DEU;CAN/indicator/TM.TAX.MRCH.SM.FN.ZS?format=json&date=2015:2024&per_page=600,2026-09-01T08:56:50Z
EUU,TM.TAX.MRCH.SM.FN.ZS,"Tariff rate, MFN, simple mean, all products (%)",2015,5.72,https://api.worldbank.org/v2/country/USA;CHN;IND;EUU;VNM;MEX;JPN;KOR;THA;IDN;MYS;BRA;DEU;CAN/indicator/TM.TAX.MRCH.SM.FN.ZS?format=json&date=2015:2024&per_page=600,2026-09-01T08:56:50Z
EUU,TM.TAX.MRCH.SM.FN.ZS,"Tariff rate, MFN, simple mean, all products (%)",2016,5.69,https://api.worldbank.org/v2/country/USA;CHN;IND;EUU;VNM;MEX;JPN;KOR;THA;IDN;MYS;BRA;DEU;CAN/indicator/TM.TAX.MRCH.SM.FN.ZS?format=json&date=2015:2024&per_page=600,2026-09-01T08:56:50Z
EUU,TM.TAX.MRCH.SM.FN.ZS,"Tariff rate, MFN, simple mean, all products (%)",2017,5.62,https://api.worldbank.org/v2/country/USA;CHN;IND;EUU;VNM;MEX;JPN;KOR;THA;IDN;MYS;BRA;DEU;CAN/indicator/TM.TAX.MRCH.SM.FN.ZS?format=json&date=2015:2024&per_page=600,2026-09-01T08:56:50Z
EUU,TM.TAX.MRCH.SM.FN.ZS,"Tariff rate, MFN, simple mean, all products (%)",2018,5.6,https://api.worldbank.org/v2/country/USA;CHN;IND;EUU;VNM;MEX;JPN;KOR;THA;IDN;MYS;BRA;DEU;CAN/indicator/TM.TAX.MRCH.SM.FN.ZS?format=json&date=2015:2024&per_page=600,2026-09-01T08:56:50Z
EUU,TM.TAX.MRCH.SM.FN.ZS,"Tariff rate, MFN, simple mean, all products (%)",2019,6.16,https://api.worldbank.org/v2/country/USA;CHN;IND;EUU;VNM;MEX;JPN;KOR;THA;IDN;MYS;BRA;DEU;CAN/indicator/TM.TAX.MRCH.SM.FN.ZS?format=json&date=2015:2024&per_page=600,2026-09-01T08:56:50Z
EUU,TM.TAX.MRCH.SM.FN.ZS,"Tariff rate, MFN, simple mean, all products (%)",2020,4.32,https://api.worldbank.org/v2/country/USA;CHN;IND;EUU;VNM;MEX;JPN;KOR;THA;IDN;MYS;BRA;DEU;CAN/indicator/TM.TAX.MRCH.SM.FN.ZS?format=json&date=2015:2024&per_page=600,2026-09-01T08:56:50Z
EUU,TM.TAX.MRCH.SM.FN.ZS,"Tariff rate, MFN, simple mean, all products (%)",2021,5.63,https://api.worldbank.org/v2/country/USA;CHN;IND;EUU;VNM;MEX;JPN;KOR;THA;IDN;MYS;BRA;DEU;CAN/indicator/TM.TAX.MRCH.SM.FN.ZS?format=json&date=2015:2024&per_page=600,2026-09-01T08:56:50Z
EUU,TM.TAX.MRCH.SM.FN.ZS,"Tariff rate, MFN, simple mean, all products (%)",2022,5.24,https://api.worldbank.org/v2/country/USA;CHN;IND;EUU;VNM;MEX;JPN;KOR;THA;IDN;MYS;BRA;DEU;CAN/indicator/TM.TAX.MRCH.SM.FN.ZS?format=json&date=2015:2024&per_page=600,2026-09-01T08:56:50Z
IDN,TM.TAX.MRCH.SM.FN.ZS,"Tariff rate, MFN, simple mean, all products (%)",2016,7.88,https://api.worldbank.org/v2/country/USA;CHN;IND;EUU;VNM;MEX;JPN;KOR;THA;IDN;MYS;BRA;DEU;CAN/indicator/TM.TAX.MRCH.SM.FN.ZS?format=json&date=2015:2024&per_page=600,2026-09-01T08:56:50Z
IDN,TM.TAX.MRCH.SM.FN.ZS,"Tariff rate, MFN, simple mean, all products (%)",2017,8.1,https://api.worldbank.org/v2/country/USA;CHN;IND;EUU;VNM;MEX;JPN;KOR;THA;IDN;MYS;BRA;DEU;CAN/indicator/TM.TAX.MRCH.SM.FN.ZS?format=json&date=2015:2024&per_page=600,2026-09-01T08:56:50Z
IDN,TM.TAX.MRCH.SM.FN.ZS,"Tariff rate, MFN, simple mean, all products (%)",2018,8.15,https://api.worldbank.org/v2/country/USA;CHN;IND;EUU;VNM;MEX;JPN;KOR;THA;IDN;MYS;BRA;DEU;CAN/indicator/TM.TAX.MRCH.SM.FN.ZS?format=json&date=2015:2024&per_page=600,2026-09-01T08:56:50Z
IDN,TM.TAX.MRCH.SM.FN.ZS,"Tariff rate, MFN, simple mean, all products (%)",2019,8.67,https://api.worldbank.org/v2/country/USA;CHN;IND;EUU;VNM;MEX;JPN;KOR;THA;IDN;MYS;BRA;DEU;CAN/indicator/TM.TAX.MRCH.SM.FN.ZS?format=json&date=2015:2024&per_page=600,2026-09-01T08:56:50Z
IDN,TM.TAX.MRCH.SM.FN.ZS,"Tariff rate, MFN, simple mean, all products (%)",2020,8.1,https://api.worldbank.org/v2/country/USA;CHN;IND;EUU;VNM;MEX;JPN;KOR;THA;IDN;MYS;BRA;DEU;CAN/indicator/TM.TAX.MRCH.SM.FN.ZS?format=json&date=2015:2024&per_page=600,2026-09-01T08:56:50Z
IDN,TM.TAX.MRCH.SM.FN.ZS,"Tariff rate, MFN, simple mean, all products (%)",2021,8.1,https://api.worldbank.org/v2/country/USA;CHN;IND;EUU;VNM;MEX;JPN;KOR;THA;IDN;MYS;BRA;DEU;CAN/indicator/TM.TAX.MRCH.SM.FN.ZS?format=json&date=2015:2024&per_page=600,2026-09-01T08:56:50Z
IDN,TM.TAX.MRCH.SM.FN.ZS,"Tariff rate, MFN, simple mean, all products (%)",2022,7.97,https://api.worldbank.org/v2/country/USA;CHN;IND;EUU;VNM;MEX;JPN;KOR;THA;IDN;MYS;BRA;DEU;CAN/indicator/TM.TAX.MRCH.SM.FN.ZS?format=json&date=2015:2024&per_page=600,2026-09-01T08:56:50Z
IND,TM.TAX.MRCH.SM.FN.ZS,"Tariff rate, MFN, simple mean, all products (%)",2015,13.16,https://api.worldbank.org/v2/country/USA;CHN;IND;EUU;VNM;MEX;JPN;KOR;THA;IDN;MYS;BRA;DEU;CAN/indicator/TM.TAX.MRCH.SM.FN.ZS?format=json&date=2015:2024&per_page=600,2026-09-01T08:56:50Z
IND,TM.TAX.MRCH.SM.FN.ZS,"Tariff rate, MFN, simple mean, all products (%)",2016,13.72,https://api.worldbank.org/v2/country/USA;CHN;IND;EUU;VNM;MEX;JPN;KOR;THA;IDN;MYS;BRA;DEU;CAN/indicator/TM.TAX.MRCH.SM.FN.ZS?format=json&date=2015:2024&per_page=600,2026-09-01T08:56:50Z
IND,TM.TAX.MRCH.SM.FN.ZS,"Tariff rate, MFN, simple mean, all products (%)",2017,13.75,https://api.worldbank.org/v2/country/USA;CHN;IND;EUU;VNM;MEX;JPN;KOR;THA;IDN;MYS;BRA;DEU;CAN/indicator/TM.TAX.MRCH.SM.FN.ZS?format=json&date=2015:2024&per_page=600,2026-09-01T08:56:50Z
IND,TM.TAX.MRCH.SM.FN.ZS,"Tariff rate, MFN, simple mean, all products (%)",2018,13.8,https://api.worldbank.org/v2/country/USA;CHN;IND;EUU;VNM;MEX;JPN;KOR;THA;IDN;MYS;BRA;DEU;CAN/indicator/TM.TAX.MRCH.SM.FN.ZS?format=json&date=2015:2024&per_page=600,2026-09-01T08:56:50Z
IND,TM.TAX.MRCH.SM.FN.ZS,"Tariff rate, MFN, simple mean, all products (%)",2019,15.53,https://api.worldbank.org/v2/country/USA;CHN;IND;EUU;VNM;MEX;JPN;KOR;THA;IDN;MYS;BRA;DEU;CAN/indicator/TM.TAX.MRCH.SM.FN.ZS?format=json&date=2015:2024&per_page=600,2026-09-01T08:56:50Z
IND,TM.TAX.MRCH.SM.FN.ZS,"Tariff rate, MFN, simple mean, all products (%)",2020,14.62,https://api.worldbank.org/v2/country/USA;CHN;IND;EUU;VNM;MEX;JPN;KOR;THA;IDN;MYS;BRA;DEU;CAN/indicator/TM.TAX.MRCH.SM.FN.ZS?format=json&date=2015:2024&per_page=600,2026-09-01T08:56:50Z
IND,TM.TAX.MRCH.SM.FN.ZS,"Tariff rate, MFN, simple mean, all products (%)",2021,14.85,https://api.worldbank.org/v2/country/USA;CHN;IND;EUU;VNM;MEX;JPN;KOR;THA;IDN;MYS;BRA;DEU;CAN/indicator/TM.TAX.MRCH.SM.FN.ZS?format=json&date=2015:2024&per_page=600,2026-09-01T08:56:50Z
IND,TM.TAX.MRCH.SM.FN.ZS,"Tariff rate, MFN, simple mean, all products (%)",2022,15.02,https://api.worldbank.org/v2/country/USA;CHN;IND;EUU;VNM;MEX;JPN;KOR;THA;IDN;MYS;BRA;DEU;CAN/indicator/TM.TAX.MRCH.SM.FN.ZS?format=json&date=2015:2024&per_page=600,2026-09-01T08:56:50Z
JPN,TM.TAX.MRCH.SM.FN.ZS,"Tariff rate, MFN, simple mean, all products (%)",2015,4.47,https://api.worldbank.org/v2/country/USA;CHN;IND;EUU;VNM;MEX;JPN;KOR;THA;IDN;MYS;BRA;DEU;CAN/indicator/TM.TAX.MRCH.SM.FN.ZS?format=json&date=2015:2024&per_page=600,2026-09-01T08:56:50Z
JPN,TM.TAX.MRCH.SM.FN.ZS,"Tariff rate, MFN, simple mean, all products (%)",2016,4.8,https://api.worldbank.org/v2/country/USA;CHN;IND;EUU;VNM;MEX;JPN;KOR;THA;IDN;MYS;BRA;DEU;CAN/indicator/TM.TAX.MRCH.SM.FN.ZS?format=json&date=2015:2024&per_page=600,2026-09-01T08:56:50Z
JPN,TM.TAX.MRCH.SM.FN.ZS,"Tariff rate, MFN, simple mean, all products (%)",2017,4.99,https://api.worldbank.org/v2/country/USA;CHN;IND;EUU;VNM;MEX;JPN;KOR;THA;IDN;MYS;BRA;DEU;CAN/indicator/TM.TAX.MRCH.SM.FN.ZS?format=json&date=2015:2024&per_page=600,2026-09-01T08:56:50Z
JPN,TM.TAX.MRCH.SM.FN.ZS,"Tariff rate, MFN, simple mean, all products (%)",2018,5.17,https://api.worldbank.org/v2/country/USA;CHN;IND;EUU;VNM;MEX;JPN;KOR;THA;IDN;MYS;BRA;DEU;CAN/indicator/TM.TAX.MRCH.SM.FN.ZS?format=json&date=2015:2024&per_page=600,2026-09-01T08:56:50Z
JPN,TM.TAX.MRCH.SM.FN.ZS,"Tariff rate, MFN, simple mean, all products (%)",2019,8.46,https://api.worldbank.org/v2/country/USA;CHN;IND;EUU;VNM;MEX;JPN;KOR;THA;IDN;MYS;BRA;DEU;CAN/indicator/TM.TAX.MRCH.SM.FN.ZS?format=json&date=2015:2024&per_page=600,2026-09-01T08:56:50Z
JPN,TM.TAX.MRCH.SM.FN.ZS,"Tariff rate, MFN, simple mean, all products (%)",2020,4.99,https://api.worldbank.org/v2/country/USA;CHN;IND;EUU;VNM;MEX;JPN;KOR;THA;IDN;MYS;BRA;DEU;CAN/indicator/TM.TAX.MRCH.SM.FN.ZS?format=json&date=2015:2024&per_page=600,2026-09-01T08:56:50Z
JPN,TM.TAX.MRCH.SM.FN.ZS,"Tariff rate, MFN, simple mean, all products (%)",2021,4.84,https://api.worldbank.org/v2/country/USA;CHN;IND;EUU;VNM;MEX;JPN;KOR;THA;IDN;MYS;BRA;DEU;CAN/indicator/TM.TAX.MRCH.SM.FN.ZS?format=json&date=2015:2024&per_page=600,2026-09-01T08:56:50Z
JPN,TM.TAX.MRCH.SM.FN.ZS,"Tariff rate, MFN, simple mean, all products (%)",2022,4.38,https://api.worldbank.org/v2/country/USA;CHN;IND;EUU;VNM;MEX;JPN;KOR;THA;IDN;MYS;BRA;DEU;CAN/indicator/TM.TAX.MRCH.SM.FN.ZS?format=json&date=2015:2024&per_page=600,2026-09-01T08:56:50Z
KOR,TM.TAX.MRCH.SM.FN.ZS,"Tariff rate, MFN, simple mean, all products (%)",2015,13.94,https://api.worldbank.org/v2/country/USA;CHN;IND;EUU;VNM;MEX;JPN;KOR;THA;IDN;MYS;BRA;DEU;CAN/indicator/TM.TAX.MRCH.SM.FN.ZS?format=json&date=2015:2024&per_page=600,2026-09-01T08:56:50Z
KOR,TM.TAX.MRCH.SM.FN.ZS,"Tariff rate, MFN, simple mean, all products (%)",2016,13.94,https://api.worldbank.org/v2/country/USA;CHN;IND;EUU;VNM;MEX;JPN;KOR;THA;IDN;MYS;BRA;DEU;CAN/indicator/TM.TAX.MRCH.SM.FN.ZS?format=json&date=2015:2024&per_page=600,2026-09-01T08:56:50Z
KOR,TM.TAX.MRCH.SM.FN.ZS,"Tariff rate, MFN, simple mean, all products (%)",2017,14.07,https://api.worldbank.org/v2/country/USA;CHN;IND;EUU;VNM;MEX;JPN;KOR;THA;IDN;MYS;BRA;DEU;CAN/indicator/TM.TAX.MRCH.SM.FN.ZS?format=json&date=2015:2024&per_page=600,2026-09-01T08:56:50Z
KOR,TM.TAX.MRCH.SM.FN.ZS,"Tariff rate, MFN, simple mean, all products (%)",2018,14.07,https://api.worldbank.org/v2/country/USA;CHN;IND;EUU;VNM;MEX;JPN;KOR;THA;IDN;MYS;BRA;DEU;CAN/indicator/TM.TAX.MRCH.SM.FN.ZS?format=json&date=2015:2024&per_page=600,2026-09-01T08:56:50Z
KOR,TM.TAX.MRCH.SM.FN.ZS,"Tariff rate, MFN, simple mean, all products (%)",2020,14.07,https://api.worldbank.org/v2/country/USA;CHN;IND;EUU;VNM;MEX;JPN;KOR;THA;IDN;MYS;BRA;DEU;CAN/indicator/TM.TAX.MRCH.SM.FN.ZS?format=json&date=2015:2024&per_page=600,2026-09-01T08:56:50Z
KOR,TM.TAX.MRCH.SM.FN.ZS,"Tariff rate, MFN, simple mean, all products (%)",2021,13.81,https://api.worldbank.org/v2/country/USA;CHN;IND;EUU;VNM;MEX;JPN;KOR;THA;IDN;MYS;BRA;DEU;CAN/indicator/TM.TAX.MRCH.SM.FN.ZS?format=json&date=2015:2024&per_page=600,2026-09-01T08:56:50Z
KOR,TM.TAX.MRCH.SM.FN.ZS,"Tariff rate, MFN, simple mean, all products (%)",2022,13.64,https://api.worldbank.org/v2/country/USA;CHN;IND;EUU;VNM;MEX;JPN;KOR;THA;IDN;MYS;BRA;DEU;CAN/indicator/TM.TAX.MRCH.SM.FN.ZS?format=json&date=2015:2024&per_page=600,2026-09-01T08:56:50Z
MEX,TM.TAX.MRCH.SM.FN.ZS,"Tariff rate, MFN, simple mean, all products (%)",2015,7.05,https://api.worldbank.org/v2/country/USA;CHN;IND;EUU;VNM;MEX;JPN;KOR;THA;IDN;MYS;BRA;DEU;CAN/indicator/TM.TAX.MRCH.SM.FN.ZS?format=json&date=2015:2024&per_page=600,2026-09-01T08:56:50Z
MEX,TM.TAX.MRCH.SM.FN.ZS,"Tariff rate, MFN, simple mean, all products (%)",2016,6.99,https://api.worldbank.org/v2/country/USA;CHN;IND;EUU;VNM;MEX;JPN;KOR;THA;IDN;MYS;BRA;DEU;CAN/indicator/TM.TAX.MRCH.SM.FN.ZS?format=json&date=2015:2024&per_page=600,2026-09-01T08:56:50Z
MEX,TM.TAX.MRCH.SM.FN.ZS,"Tariff rate, MFN, simple mean, all products (%)",2017,6.88,https://api.worldbank.org/v2/country/USA;CHN;IND;EUU;VNM;MEX;JPN;KOR;THA;IDN;MYS;BRA;DEU;CAN/indicator/TM.TAX.MRCH.SM.FN.ZS?format=json&date=2015:2024&per_page=600,2026-09-01T08:56:50Z
MEX,TM.TAX.MRCH.SM.FN.ZS,"Tariff rate, MFN, simple mean, all products (%)",2018,6.76,https://api.worldbank.org/v2/country/USA;CHN;IND;EUU;VNM;MEX;JPN;KOR;THA;IDN;MYS;BRA;DEU;CAN/indicator/TM.TAX.MRCH.SM.FN.ZS?format=json&date=2015:2024&per_page=600,2026-09-01T08:56:50Z
MEX,TM.TAX.MRCH.SM.FN.ZS,"Tariff rate, MFN, simple mean, all products (%)",2022,7.24,https://api.worldbank.org/v2/country/USA;CHN;IND;EUU;VNM;MEX;JPN;KOR;THA;IDN;MYS;BRA;DEU;CAN/indicator/TM.TAX.MRCH.SM.FN.ZS?format=json&date=2015:2024&per_page=600,2026-09-01T08:56:50Z
MYS,TM.TAX.MRCH.SM.FN.ZS,"Tariff rate, MFN, simple mean, all products (%)",2016,5.78,https://api.worldbank.org/v2/country/USA;CHN;IND;EUU;VNM;MEX;JPN;KOR;THA;IDN;MYS;BRA;DEU;CAN/indicator/TM.TAX.MRCH.SM.FN.ZS?format=json&date=2015:2024&per_page=600,2026-09-01T08:56:50Z
MYS,TM.TAX.MRCH.SM.FN.ZS,"Tariff rate, MFN, simple mean, all products (%)",2020,5.62,https://api.worldbank.org/v2/country/USA;CHN;IND;EUU;VNM;MEX;JPN;KOR;THA;IDN;MYS;BRA;DEU;CAN/indicator/TM.TAX.MRCH.SM.FN.ZS?format=json&date=2015:2024&per_page=600,2026-09-01T08:56:50Z
MYS,TM.TAX.MRCH.SM.FN.ZS,"Tariff rate, MFN, simple mean, all products (%)",2021,5.61,https://api.worldbank.org/v2/country/USA;CHN;IND;EUU;VNM;MEX;JPN;KOR;THA;IDN;MYS;BRA;DEU;CAN/indicator/TM.TAX.MRCH.SM.FN.ZS?format=json&date=2015:2024&per_page=600,2026-09-01T08:56:50Z
MYS,TM.TAX.MRCH.SM.FN.ZS,"Tariff rate, MFN, simple mean, all products (%)",2022,5.51,https://api.worldbank.org/v2/country/USA;CHN;IND;EUU;VNM;MEX;JPN;KOR;THA;IDN;MYS;BRA;DEU;CAN/indicator/TM.TAX.MRCH.SM.FN.ZS?format=json&date=2015:2024&per_page=600,2026-09-01T08:56:50Z
THA,TM.TAX.MRCH.SM.FN.ZS,"Tariff rate, MFN, simple mean, all products (%)",2015,11.02,https://api.worldbank.org/v2/country/USA;CHN;IND;EUU;VNM;MEX;JPN;KOR;THA;IDN;MYS;BRA;DEU;CAN/indicator/TM.TAX.MRCH.SM.FN.ZS?format=json&date=2015:2024&per_page=600,2026-09-01T08:56:50Z
THA,TM.TAX.MRCH.SM.FN.ZS,"Tariff rate, MFN, simple mean, all products (%)",2021,12.14,https://api.worldbank.org/v2/country/USA;CHN;IND;EUU;VNM;MEX;JPN;KOR;THA;IDN;MYS;BRA;DEU;CAN/indicator/TM.TAX.MRCH.SM.FN.ZS?format=json&date=2015:2024&per_page=600,2026-09-01T08:56:50Z
THA,TM.TAX.MRCH.SM.FN.ZS,"Tariff rate, MFN, simple mean, all products (%)",2022,9.82,https://api.worldbank.org/v2/country/USA;CHN;IND;EUU;VNM;MEX;JPN;KOR;THA;IDN;MYS;BRA;DEU;CAN/indicator/TM.TAX.MRCH.SM.FN.ZS?format=json&date=2015:2024&per_page=600,2026-09-01T08:56:50Z
USA,TM.TAX.MRCH.SM.FN.ZS,"Tariff rate, MFN, simple mean, all products (%)",2015,3.56,https://api.worldbank.org/v2/country/USA;CHN;IND;EUU;VNM;MEX;JPN;KOR;THA;IDN;MYS;BRA;DEU;CAN/indicator/TM.TAX.MRCH.SM.FN.ZS?format=json&date=2015:2024&per_page=600,2026-09-01T08:56:50Z
USA,TM.TAX.MRCH.SM.FN.ZS,"Tariff rate, MFN, simple mean, all products (%)",2016,3.57,https://api.worldbank.org/v2/country/USA;CHN;IND;EUU;VNM;MEX;JPN;KOR;THA;IDN;MYS;BRA;DEU;CAN/indicator/TM.TAX.MRCH.SM.FN.ZS?format=json&date=2015:2024&per_page=600,2026-09-01T08:56:50Z
USA,TM.TAX.MRCH.SM.FN.ZS,"Tariff rate, MFN, simple mean, all products (%)",2017,3.97,https://api.worldbank.org/v2/country/USA;CHN;IND;EUU;VNM;MEX;JPN;KOR;THA;IDN;MYS;BRA;DEU;CAN/indicator/TM.TAX.MRCH.SM.FN.ZS?format=json&date=2015:2024&per_page=600,2026-09-01T08:56:50Z
USA,TM.TAX.MRCH.SM.FN.ZS,"Tariff rate, MFN, simple mean, all products (%)",2018,4.2,https://api.worldbank.org/v2/country/USA;CHN;IND;EUU;VNM;MEX;JPN;KOR;THA;IDN;MYS;BRA;DEU;CAN/indicator/TM.TAX.MRCH.SM.FN.ZS?format=json&date=2015:2024&per_page=600,2026-09-01T08:56:50Z
USA,TM.TAX.MRCH.SM.FN.ZS,"Tariff rate, MFN, simple mean, all products (%)",2019,10.17,https://api.worldbank.org/v2/country/USA;CHN;IND;EUU;VNM;MEX;JPN;KOR;THA;IDN;MYS;BRA;DEU;CAN/indicator/TM.TAX.MRCH.SM.FN.ZS?format=json&date=2015:2024&per_page=600,2026-09-01T08:56:50Z
USA,TM.TAX.MRCH.SM.FN.ZS,"Tariff rate, MFN, simple mean, all products (%)",2020,3.52,https://api.worldbank.org/v2/country/USA;CHN;IND;EUU;VNM;MEX;JPN;KOR;THA;IDN;MYS;BRA;DEU;CAN/indicator/TM.TAX.MRCH.SM.FN.ZS?format=json&date=2015:2024&per_page=600,2026-09-01T08:56:50Z
USA,TM.TAX.MRCH.SM.FN.ZS,"Tariff rate, MFN, simple mean, all products (%)",2021,3.59,https://api.worldbank.org/v2/country/USA;CHN;IND;EUU;VNM;MEX;JPN;KOR;THA;IDN;MYS;BRA;DEU;CAN/indicator/TM.TAX.MRCH.SM.FN.ZS?format=json&date=2015:2024&per_page=600,2026-09-01T08:56:50Z
USA,TM.TAX.MRCH.SM.FN.ZS,"Tariff rate, MFN, simple mean, all products (%)",2022,3.53,https://api.worldbank.org/v2/country/USA;CHN;IND;EUU;VNM;MEX;JPN;KOR;THA;IDN;MYS;BRA;DEU;CAN/indicator/TM.TAX.MRCH.SM.FN.ZS?format=json&date=2015:2024&per_page=600,2026-09-01T08:56:50Z
VNM,TM.TAX.MRCH.SM.FN.ZS,"Tariff rate, MFN, simple mean, all products (%)",2015,9.52,https://api.worldbank.org/v2/country/USA;CHN;IND;EUU;VNM;MEX;JPN;KOR;THA;IDN;MYS;BRA;DEU;CAN/indicator/TM.TAX.MRCH.SM.FN.ZS?format=json&date=2015:2024&per_page=600,2026-09-01T08:56:50Z
VNM,TM.TAX.MRCH.SM.FN.ZS,"Tariff rate, MFN, simple mean, all products (%)",2016,9.68,https://api.worldbank.org/v2/country/USA;CHN;IND;EUU;VNM;MEX;JPN;KOR;THA;IDN;MYS;BRA;DEU;CAN/indicator/TM.TAX.MRCH.SM.FN.ZS?format=json&date=2015:2024&per_page=600,2026-09-01T08:56:50Z
VNM,TM.TAX.MRCH.SM.FN.ZS,"Tariff rate, MFN, simple mean, all products (%)",2017,9.68,https://api.worldbank.org/v2/country/USA;CHN;IND;EUU;VNM;MEX;JPN;KOR;THA;IDN;MYS;BRA;DEU;CAN/indicator/TM.TAX.MRCH.SM.FN.ZS?format=json&date=2015:2024&per_page=600,2026-09-01T08:56:50Z
VNM,TM.TAX.MRCH.SM.FN.ZS,"Tariff rate, MFN, simple mean, all products (%)",2018,9.73,https://api.worldbank.org/v2/country/USA;CHN;IND;EUU;VNM;MEX;JPN;KOR;THA;IDN;MYS;BRA;DEU;CAN/indicator/TM.TAX.MRCH.SM.FN.ZS?format=json&date=2015:2024&per_page=600,2026-09-01T08:56:50Z
VNM,TM.TAX.MRCH.SM.FN.ZS,"Tariff rate, MFN, simple mean, all products (%)",2019,9.73,https://api.worldbank.org/v2/country/USA;CHN;IND;EUU;VNM;MEX;JPN;KOR;THA;IDN;MYS;BRA;DEU;CAN/indicator/TM.TAX.MRCH.SM.FN.ZS?format=json&date=2015:2024&per_page=600,2026-09-01T08:56:50Z
VNM,TM.TAX.MRCH.SM.FN.ZS,"Tariff rate, MFN, simple mean, all products (%)",2020,9.73,https://api.worldbank.org/v2/country/USA;CHN;IND;EUU;VNM;MEX;JPN;KOR;THA;IDN;MYS;BRA;DEU;CAN/indicator/TM.TAX.MRCH.SM.FN.ZS?format=json&date=2015:2024&per_page=600,2026-09-01T08:56:50Z
VNM,TM.TAX.MRCH.SM.FN.ZS,"Tariff rate, MFN, simple mean, all products (%)",2021,9.72,https://api.worldbank.org/v2/country/USA;CHN;IND;EUU;VNM;MEX;JPN;KOR;THA;IDN;MYS;BRA;DEU;CAN/indicator/TM.TAX.MRCH.SM.FN.ZS?format=json&date=2015:2024&per_page=600,2026-09-01T08:56:50Z
VNM,TM.TAX.MRCH.SM.FN.ZS,"Tariff rate, MFN, simple mean, all products (%)",2022,9.65,https://api.worldbank.org/v2/country/USA;CHN;IND;EUU;VNM;MEX;JPN;KOR;THA;IDN;MYS;BRA;DEU;CAN/indicator/TM.TAX.MRCH.SM.FN.ZS?format=json&date=2015:2024&per_page=600,2026-09-01T08:56:50Z
BRA,TM.TAX.MRCH.WM.AR.ZS,"Tariff rate, applied, weighted mean, all products (%)",2015,8.27,https://api.worldbank.org/v2/country/USA;CHN;IND;EUU;VNM;MEX;JPN;KOR;THA;IDN;MYS;BRA;DEU;CAN/indicator/TM.TAX.MRCH.WM.AR.ZS?format=json&date=2015:2024&per_page=600,2026-09-01T08:56:50Z
BRA,TM.TAX.MRCH.WM.AR.ZS,"Tariff rate, applied, weighted mean, all products (%)",2016,8.01,https://api.worldbank.org/v2/country/USA;CHN;IND;EUU;VNM;MEX;JPN;KOR;THA;IDN;MYS;BRA;DEU;CAN/indicator/TM.TAX.MRCH.WM.AR.ZS?format=json&date=2015:2024&per_page=600,2026-09-01T08:56:50Z
BRA,TM.TAX.MRCH.WM.AR.ZS,"Tariff rate, applied, weighted mean, all products (%)",2017,8.59,https://api.worldbank.org/v2/country/USA;CHN;IND;EUU;VNM;MEX;JPN;KOR;THA;IDN;MYS;BRA;DEU;CAN/indicator/TM.TAX.MRCH.WM.AR.ZS?format=json&date=2015:2024&per_page=600,2026-09-01T08:56:50Z
BRA,TM.TAX.MRCH.WM.AR.ZS,"Tariff rate, applied, weighted mean, all products (%)",2018,7.95,https://api.worldbank.org/v2/country/USA;CHN;IND;EUU;VNM;MEX;JPN;KOR;THA;IDN;MYS;BRA;DEU;CAN/indicator/TM.TAX.MRCH.WM.AR.ZS?format=json&date=2015:2024&per_page=600,2026-09-01T08:56:50Z
BRA,TM.TAX.MRCH.WM.AR.ZS,"Tariff rate, applied, weighted mean, all products (%)",2019,7.97,https://api.worldbank.org/v2/country/USA;CHN;IND;EUU;VNM;MEX;JPN;KOR;THA;IDN;MYS;BRA;DEU;CAN/indicator/TM.TAX.MRCH.WM.AR.ZS?format=json&date=2015:2024&per_page=600,2026-09-01T08:56:50Z
BRA,TM.TAX.MRCH.WM.AR.ZS,"Tariff rate, applied, weighted mean, all products (%)",2020,8.41,https://api.worldbank.org/v2/country/USA;CHN;IND;EUU;VNM;MEX;JPN;KOR;THA;IDN;MYS;BRA;DEU;CAN/indicator/TM.TAX.MRCH.WM.AR.ZS?format=json&date=2015:2024&per_page=600,2026-09-01T08:56:50Z
BRA,TM.TAX.MRCH.WM.AR.ZS,"Tariff rate, applied, weighted mean, all products (%)",2021,7.76,https://api.worldbank.org/v2/country/USA;CHN;IND;EUU;VNM;MEX;JPN;KOR;THA;IDN;MYS;BRA;DEU;CAN/indicator/TM.TAX.MRCH.WM.AR.ZS?format=json&date=2015:2024&per_page=600,2026-09-01T08:56:50Z
BRA,TM.TAX.MRCH.WM.AR.ZS,"Tariff rate, applied, weighted mean, all products (%)",2022,7.26,https://api.worldbank.org/v2/country/USA;CHN;IND;EUU;VNM;MEX;JPN;KOR;THA;IDN;MYS;BRA;DEU;CAN/indicator/TM.TAX.MRCH.WM.AR.ZS?format=json&date=2015:2024&per_page=600,2026-09-01T08:56:50Z
CAN,TM.TAX.MRCH.WM.AR.ZS,"Tariff rate, applied, weighted mean, all products (%)",2015,1.65,https://api.worldbank.org/v2/country/USA;CHN;IND;EUU;VNM;MEX;JPN;KOR;THA;IDN;MYS;BRA;DEU;CAN/indicator/TM.TAX.MRCH.WM.AR.ZS?format=json&date=2015:2024&per_page=600,2026-09-01T08:56:50Z
CAN,TM.TAX.MRCH.WM.AR.ZS,"Tariff rate, applied, weighted mean, all products (%)",2016,1.56,https://api.worldbank.org/v2/country/USA;CHN;IND;EUU;VNM;MEX;JPN;KOR;THA;IDN;MYS;BRA;DEU;CAN/indicator/TM.TAX.MRCH.WM.AR.ZS?format=json&date=2015:2024&per_page=600,2026-09-01T08:56:50Z
CAN,TM.TAX.MRCH.WM.AR.ZS,"Tariff rate, applied, weighted mean, all products (%)",2017,1.52,https://api.worldbank.org/v2/country/USA;CHN;IND;EUU;VNM;MEX;JPN;KOR;THA;IDN;MYS;BRA;DEU;CAN/indicator/TM.TAX.MRCH.WM.AR.ZS?format=json&date=2015:2024&per_page=600,2026-09-01T08:56:50Z
CAN,TM.TAX.MRCH.WM.AR.ZS,"Tariff rate, applied, weighted mean, all products (%)",2018,1.47,https://api.worldbank.org/v2/country/USA;CHN;IND;EUU;VNM;MEX;JPN;KOR;THA;IDN;MYS;BRA;DEU;CAN/indicator/TM.TAX.MRCH.WM.AR.ZS?format=json&date=2015:2024&per_page=600,2026-09-01T08:56:50Z
CAN,TM.TAX.MRCH.WM.AR.ZS,"Tariff rate, applied, weighted mean, all products (%)",2019,1.51,https://api.worldbank.org/v2/country/USA;CHN;IND;EUU;VNM;MEX;JPN;KOR;THA;IDN;MYS;BRA;DEU;CAN/indicator/TM.TAX.MRCH.WM.AR.ZS?format=json&date=2015:2024&per_page=600,2026-09-01T08:56:50Z
CAN,TM.TAX.MRCH.WM.AR.ZS,"Tariff rate, applied, weighted mean, all products (%)",2020,1.49,https://api.worldbank.org/v2/country/USA;CHN;IND;EUU;VNM;MEX;JPN;KOR;THA;IDN;MYS;BRA;DEU;CAN/indicator/TM.TAX.MRCH.WM.AR.ZS?format=json&date=2015:2024&per_page=600,2026-09-01T08:56:50Z
CAN,TM.TAX.MRCH.WM.AR.ZS,"Tariff rate, applied, weighted mean, all products (%)",2021,2.35,https://api.worldbank.org/v2/country/USA;CHN;IND;EUU;VNM;MEX;JPN;KOR;THA;IDN;MYS;BRA;DEU;CAN/indicator/TM.TAX.MRCH.WM.AR.ZS?format=json&date=2015:2024&per_page=600,2026-09-01T08:56:50Z
CAN,TM.TAX.MRCH.WM.AR.ZS,"Tariff rate, applied, weighted mean, all products (%)",2022,1.37,https://api.worldbank.org/v2/country/USA;CHN;IND;EUU;VNM;MEX;JPN;KOR;THA;IDN;MYS;BRA;DEU;CAN/indicator/TM.TAX.MRCH.WM.AR.ZS?format=json&date=2015:2024&per_page=600,2026-09-01T08:56:50Z
CHN,TM.TAX.MRCH.WM.AR.ZS,"Tariff rate, applied, weighted mean, all products (%)",2015,4.52,https://api.worldbank.org/v2/country/USA;CHN;IND;EUU;VNM;MEX;JPN;KOR;THA;IDN;MYS;BRA;DEU;CAN/indicator/TM.TAX.MRCH.WM.AR.ZS?format=json&date=2015:2024&per_page=600,2026-09-01T08:56:50Z
CHN,TM.TAX.MRCH.WM.AR.ZS,"Tariff rate, applied, weighted mean, all products (%)",2016,3.54,https://api.worldbank.org/v2/country/USA;CHN;IND;EUU;VNM;MEX;JPN;KOR;THA;IDN;MYS;BRA;DEU;CAN/indicator/TM.TAX.MRCH.WM.AR.ZS?format=json&date=2015:2024&per_page=600,2026-09-01T08:56:50Z
CHN,TM.TAX.MRCH.WM.AR.ZS,"Tariff rate, applied, weighted mean, all products (%)",2017,3.83,https://api.worldbank.org/v2/country/USA;CHN;IND;EUU;VNM;MEX;JPN;KOR;THA;IDN;MYS;BRA;DEU;CAN/indicator/TM.TAX.MRCH.WM.AR.ZS?format=json&date=2015:2024&per_page=600,2026-09-01T08:56:50Z
CHN,TM.TAX.MRCH.WM.AR.ZS,"Tariff rate, applied, weighted mean, all products (%)",2018,3.39,https://api.worldbank.org/v2/country/USA;CHN;IND;EUU;VNM;MEX;JPN;KOR;THA;IDN;MYS;BRA;DEU;CAN/indicator/TM.TAX.MRCH.WM.AR.ZS?format=json&date=2015:2024&per_page=600,2026-09-01T08:56:50Z
CHN,TM.TAX.MRCH.WM.AR.ZS,"Tariff rate, applied, weighted mean, all products (%)",2019,2.53,https://api.worldbank.org/v2/country/USA;CHN;IND;EUU;VNM;MEX;JPN;KOR;THA;IDN;MYS;BRA;DEU;CAN/indicator/TM.TAX.MRCH.WM.AR.ZS?format=json&date=2015:2024&per_page=600,2026-09-01T08:56:50Z
CHN,TM.TAX.MRCH.WM.AR.ZS,"Tariff rate, applied, weighted mean, all products (%)",2020,2.47,https://api.worldbank.org/v2/country/USA;CHN;IND;EUU;VNM;MEX;JPN;KOR;THA;IDN;MYS;BRA;DEU;CAN/indicator/TM.TAX.MRCH.WM.AR.ZS?format=json&date=2015:2024&per_page=600,2026-09-01T08:56:50Z
CHN,TM.TAX.MRCH.WM.AR.ZS,"Tariff rate, applied, weighted mean, all products (%)",2021,2.31,https://api.worldbank.org/v2/country/USA;CHN;IND;EUU;VNM;MEX;JPN;KOR;THA;IDN;MYS;BRA;DEU;CAN/indicator/TM.TAX.MRCH.WM.AR.ZS?format=json&date=2015:2024&per_page=600,2026-09-01T08:56:50Z
CHN,TM.TAX.MRCH.WM.AR.ZS,"Tariff rate, applied, weighted mean, all products (%)",2022,2.18,https://api.worldbank.org/v2/country/USA;CHN;IND;EUU;VNM;MEX;JPN;KOR;THA;IDN;MYS;BRA;DEU;CAN/indicator/TM.TAX.MRCH.WM.AR.ZS?format=json&date=2015:2024&per_page=600,2026-09-01T08:56:50Z
DEU,TM.TAX.MRCH.WM.AR.ZS,"Tariff rate, applied, weighted mean, all products (%)",2015,2.02,https://api.worldbank.org/v2/country/USA;CHN;IND;EUU;VNM;MEX;JPN;KOR;THA;IDN;MYS;BRA;DEU;CAN/indicator/TM.TAX.MRCH.WM.AR.ZS?format=json&date=2015:2024&per_page=600,2026-09-01T08:56:50Z
DEU,TM.TAX.MRCH.WM.AR.ZS,"Tariff rate, applied, weighted mean, all products (%)",2016,2.09,https://api.worldbank.org/v2/country/USA;CHN;IND;EUU;VNM;MEX;JPN;KOR;THA;IDN;MYS;BRA;DEU;CAN/indicator/TM.TAX.MRCH.WM.AR.ZS?format=json&date=2015:2024&per_page=600,2026-09-01T08:56:50Z
DEU,TM.TAX.MRCH.WM.AR.ZS,"Tariff rate, applied, weighted mean, all products (%)",2017,1.96,https://api.worldbank.org/v2/country/USA;CHN;IND;EUU;VNM;MEX;JPN;KOR;THA;IDN;MYS;BRA;DEU;CAN/indicator/TM.TAX.MRCH.WM.AR.ZS?format=json&date=2015:2024&per_page=600,2026-09-01T08:56:50Z
DEU,TM.TAX.MRCH.WM.AR.ZS,"Tariff rate, applied, weighted mean, all products (%)",2018,1.83,https://api.worldbank.org/v2/country/USA;CHN;IND;EUU;VNM;MEX;JPN;KOR;THA;IDN;MYS;BRA;DEU;CAN/indicator/TM.TAX.MRCH.WM.AR.ZS?format=json&date=2015:2024&per_page=600,2026-09-01T08:56:50Z
DEU,TM.TAX.MRCH.WM.AR.ZS,"Tariff rate, applied, weighted mean, all products (%)",2019,1.84,https://api.worldbank.org/v2/country/USA;CHN;IND;EUU;VNM;MEX;JPN;KOR;THA;IDN;MYS;BRA;DEU;CAN/indicator/TM.TAX.MRCH.WM.AR.ZS?format=json&date=2015:2024&per_page=600,2026-09-01T08:56:50Z
DEU,TM.TAX.MRCH.WM.AR.ZS,"Tariff rate, applied, weighted mean, all products (%)",2020,1.48,https://api.worldbank.org/v2/country/USA;CHN;IND;EUU;VNM;MEX;JPN;KOR;THA;IDN;MYS;BRA;DEU;CAN/indicator/TM.TAX.MRCH.WM.AR.ZS?format=json&date=2015:2024&per_page=600,2026-09-01T08:56:50Z
DEU,TM.TAX.MRCH.WM.AR.ZS,"Tariff rate, applied, weighted mean, all products (%)",2021,1.39,https://api.worldbank.org/v2/country/USA;CHN;IND;EUU;VNM;MEX;JPN;KOR;THA;IDN;MYS;BRA;DEU;CAN/indicator/TM.TAX.MRCH.WM.AR.ZS?format=json&date=2015:2024&per_page=600,2026-09-01T08:56:50Z
DEU,TM.TAX.MRCH.WM.AR.ZS,"Tariff rate, applied, weighted mean, all products (%)",2022,1.33,https://api.worldbank.org/v2/country/USA;CHN;IND;EUU;VNM;MEX;JPN;KOR;THA;IDN;MYS;BRA;DEU;CAN/indicator/TM.TAX.MRCH.WM.AR.ZS?format=json&date=2015:2024&per_page=600,2026-09-01T08:56:50Z
EUU,TM.TAX.MRCH.WM.AR.ZS,"Tariff rate, applied, weighted mean, all products (%)",2015,2.02,https://api.worldbank.org/v2/country/USA;CHN;IND;EUU;VNM;MEX;JPN;KOR;THA;IDN;MYS;BRA;DEU;CAN/indicator/TM.TAX.MRCH.WM.AR.ZS?format=json&date=2015:2024&per_page=600,2026-09-01T08:56:50Z
EUU,TM.TAX.MRCH.WM.AR.ZS,"Tariff rate, applied, weighted mean, all products (%)",2016,2.09,https://api.worldbank.org/v2/country/USA;CHN;IND;EUU;VNM;MEX;JPN;KOR;THA;IDN;MYS;BRA;DEU;CAN/indicator/TM.TAX.MRCH.WM.AR.ZS?format=json&date=2015:2024&per_page=600,2026-09-01T08:56:50Z
EUU,TM.TAX.MRCH.WM.AR.ZS,"Tariff rate, applied, weighted mean, all products (%)",2017,1.96,https://api.worldbank.org/v2/country/USA;CHN;IND;EUU;VNM;MEX;JPN;KOR;THA;IDN;MYS;BRA;DEU;CAN/indicator/TM.TAX.MRCH.WM.AR.ZS?format=json&date=2015:2024&per_page=600,2026-09-01T08:56:50Z
EUU,TM.TAX.MRCH.WM.AR.ZS,"Tariff rate, applied, weighted mean, all products (%)",2018,1.83,https://api.worldbank.org/v2/country/USA;CHN;IND;EUU;VNM;MEX;JPN;KOR;THA;IDN;MYS;BRA;DEU;CAN/indicator/TM.TAX.MRCH.WM.AR.ZS?format=json&date=2015:2024&per_page=600,2026-09-01T08:56:50Z
EUU,TM.TAX.MRCH.WM.AR.ZS,"Tariff rate, applied, weighted mean, all products (%)",2019,1.84,https://api.worldbank.org/v2/country/USA;CHN;IND;EUU;VNM;MEX;JPN;KOR;THA;IDN;MYS;BRA;DEU;CAN/indicator/TM.TAX.MRCH.WM.AR.ZS?format=json&date=2015:2024&per_page=600,2026-09-01T08:56:50Z
EUU,TM.TAX.MRCH.WM.AR.ZS,"Tariff rate, applied, weighted mean, all products (%)",2020,1.48,https://api.worldbank.org/v2/country/USA;CHN;IND;EUU;VNM;MEX;JPN;KOR;THA;IDN;MYS;BRA;DEU;CAN/indicator/TM.TAX.MRCH.WM.AR.ZS?format=json&date=2015:2024&per_page=600,2026-09-01T08:56:50Z
EUU,TM.TAX.MRCH.WM.AR.ZS,"Tariff rate, applied, weighted mean, all products (%)",2021,1.39,https://api.worldbank.org/v2/country/USA;CHN;IND;EUU;VNM;MEX;JPN;KOR;THA;IDN;MYS;BRA;DEU;CAN/indicator/TM.TAX.MRCH.WM.AR.ZS?format=json&date=2015:2024&per_page=600,2026-09-01T08:56:50Z
EUU,TM.TAX.MRCH.WM.AR.ZS,"Tariff rate, applied, weighted mean, all products (%)",2022,1.33,https://api.worldbank.org/v2/country/USA;CHN;IND;EUU;VNM;MEX;JPN;KOR;THA;IDN;MYS;BRA;DEU;CAN/indicator/TM.TAX.MRCH.WM.AR.ZS?format=json&date=2015:2024&per_page=600,2026-09-01T08:56:50Z
IDN,TM.TAX.MRCH.WM.AR.ZS,"Tariff rate, applied, weighted mean, all products (%)",2016,2.64,https://api.worldbank.org/v2/country/USA;CHN;IND;EUU;VNM;MEX;JPN;KOR;THA;IDN;MYS;BRA;DEU;CAN/indicator/TM.TAX.MRCH.WM.AR.ZS?format=json&date=2015:2024&per_page=600,2026-09-01T08:56:50Z
IDN,TM.TAX.MRCH.WM.AR.ZS,"Tariff rate, applied, weighted mean, all products (%)",2017,2.06,https://api.worldbank.org/v2/country/USA;CHN;IND;EUU;VNM;MEX;JPN;KOR;THA;IDN;MYS;BRA;DEU;CAN/indicator/TM.TAX.MRCH.WM.AR.ZS?format=json&date=2015:2024&per_page=600,2026-09-01T08:56:50Z
IDN,TM.TAX.MRCH.WM.AR.ZS,"Tariff rate, applied, weighted mean, all products (%)",2018,2.0,https://api.worldbank.org/v2/country/USA;CHN;IND;EUU;VNM;MEX;JPN;KOR;THA;IDN;MYS;BRA;DEU;CAN/indicator/TM.TAX.MRCH.WM.AR.ZS?format=json&date=2015:2024&per_page=600,2026-09-01T08:56:50Z
IDN,TM.TAX.MRCH.WM.AR.ZS,"Tariff rate, applied, weighted mean, all products (%)",2019,2.0,https://api.worldbank.org/v2/country/USA;CHN;IND;EUU;VNM;MEX;JPN;KOR;THA;IDN;MYS;BRA;DEU;CAN/indicator/TM.TAX.MRCH.WM.AR.ZS?format=json&date=2015:2024&per_page=600,2026-09-01T08:56:50Z
IDN,TM.TAX.MRCH.WM.AR.ZS,"Tariff rate, applied, weighted mean, all products (%)",2020,2.04,https://api.worldbank.org/v2/country/USA;CHN;IND;EUU;VNM;MEX;JPN;KOR;THA;IDN;MYS;BRA;DEU;CAN/indicator/TM.TAX.MRCH.WM.AR.ZS?format=json&date=2015:2024&per_page=600,2026-09-01T08:56:50Z
IDN,TM.TAX.MRCH.WM.AR.ZS,"Tariff rate, applied, weighted mean, all products (%)",2021,1.83,https://api.worldbank.org/v2/country/USA;CHN;IND;EUU;VNM;MEX;JPN;KOR;THA;IDN;MYS;BRA;DEU;CAN/indicator/TM.TAX.MRCH.WM.AR.ZS?format=json&date=2015:2024&per_page=600,2026-09-01T08:56:50Z
IDN,TM.TAX.MRCH.WM.AR.ZS,"Tariff rate, applied, weighted mean, all products (%)",2022,1.83,https://api.worldbank.org/v2/country/USA;CHN;IND;EUU;VNM;MEX;JPN;KOR;THA;IDN;MYS;BRA;DEU;CAN/indicator/TM.TAX.MRCH.WM.AR.ZS?format=json&date=2015:2024&per_page=600,2026-09-01T08:56:50Z
IND,TM.TAX.MRCH.WM.AR.ZS,"Tariff rate, applied, weighted mean, all products (%)",2015,7.32,https://api.worldbank.org/v2/country/USA;CHN;IND;EUU;VNM;MEX;JPN;KOR;THA;IDN;MYS;BRA;DEU;CAN/indicator/TM.TAX.MRCH.WM.AR.ZS?format=json&date=2015:2024&per_page=600,2026-09-01T08:56:50Z
IND,TM.TAX.MRCH.WM.AR.ZS,"Tariff rate, applied, weighted mean, all products (%)",2016,6.35,https://api.worldbank.org/v2/country/USA;CHN;IND;EUU;VNM;MEX;JPN;KOR;THA;IDN;MYS;BRA;DEU;CAN/indicator/TM.TAX.MRCH.WM.AR.ZS?format=json&date=2015:2024&per_page=600,2026-09-01T08:56:50Z
IND,TM.TAX.MRCH.WM.AR.ZS,"Tariff rate, applied, weighted mean, all products (%)",2017,5.78,https://api.worldbank.org/v2/country/USA;CHN;IND;EUU;VNM;MEX;JPN;KOR;THA;IDN;MYS;BRA;DEU;CAN/indicator/TM.TAX.MRCH.WM.AR.ZS?format=json&date=2015:2024&per_page=600,2026-09-01T08:56:50Z
IND,TM.TAX.MRCH.WM.AR.ZS,"Tariff rate, applied, weighted mean, all products (%)",2018,4.88,https://api.worldbank.org/v2/country/USA;CHN;IND;EUU;VNM;MEX;JPN;KOR;THA;IDN;MYS;BRA;DEU;CAN/indicator/TM.TAX.MRCH.WM.AR.ZS?format=json&date=2015:2024&per_page=600,2026-09-01T08:56:50Z
IND,TM.TAX.MRCH.WM.AR.ZS,"Tariff rate, applied, weighted mean, all products (%)",2019,6.59,https://api.worldbank.org/v2/country/USA;CHN;IND;EUU;VNM;MEX;JPN;KOR;THA;IDN;MYS;BRA;DEU;CAN/indicator/TM.TAX.MRCH.WM.AR.ZS?format=json&date=2015:2024&per_page=600,2026-09-01T08:56:50Z
IND,TM.TAX.MRCH.WM.AR.ZS,"Tariff rate, applied, weighted mean, all products (%)",2020,6.19,https://api.worldbank.org/v2/country/USA;CHN;IND;EUU;VNM;MEX;JPN;KOR;THA;IDN;MYS;BRA;DEU;CAN/indicator/TM.TAX.MRCH.WM.AR.ZS?format=json&date=2015:2024&per_page=600,2026-09-01T08:56:50Z
IND,TM.TAX.MRCH.WM.AR.ZS,"Tariff rate, applied, weighted mean, all products (%)",2021,5.87,https://api.worldbank.org/v2/country/USA;CHN;IND;EUU;VNM;MEX;JPN;KOR;THA;IDN;MYS;BRA;DEU;CAN/indicator/TM.TAX.MRCH.WM.AR.ZS?format=json&date=2015:2024&per_page=600,2026-09-01T08:56:50Z
IND,TM.TAX.MRCH.WM.AR.ZS,"Tariff rate, applied, weighted mean, all products (%)",2022,4.59,https://api.worldbank.org/v2/country/USA;CHN;IND;EUU;VNM;MEX;JPN;KOR;THA;IDN;MYS;BRA;DEU;CAN/indicator/TM.TAX.MRCH.WM.AR.ZS?format=json&date=2015:2024&per_page=600,2026-09-01T08:56:50Z
JPN,TM.TAX.MRCH.WM.AR.ZS,"Tariff rate, applied, weighted mean, all products (%)",2015,2.3,https://api.worldbank.org/v2/country/USA;CHN;IND;EUU;VNM;MEX;JPN;KOR;THA;IDN;MYS;BRA;DEU;CAN/indicator/TM.TAX.MRCH.WM.AR.ZS?format=json&date=2015:2024&per_page=600,2026-09-01T08:56:50Z
JPN,TM.TAX.MRCH.WM.AR.ZS,"Tariff rate, applied, weighted mean, all products (%)",2016,2.55,https://api.worldbank.org/v2/country/USA;CHN;IND;EUU;VNM;MEX;JPN;KOR;THA;IDN;MYS;BRA;DEU;CAN/indicator/TM.TAX.MRCH.WM.AR.ZS?format=json&date=2015:2024&per_page=600,2026-09-01T08:56:50Z
JPN,TM.TAX.MRCH.WM.AR.ZS,"Tariff rate, applied, weighted mean, all products (%)",2017,2.51,https://api.worldbank.org/v2/country/USA;CHN;IND;EUU;VNM;MEX;JPN;KOR;THA;IDN;MYS;BRA;DEU;CAN/indicator/TM.TAX.MRCH.WM.AR.ZS?format=json&date=2015:2024&per_page=600,2026-09-01T08:56:50Z
JPN,TM.TAX.MRCH.WM.AR.ZS,"Tariff rate, applied, weighted mean, all products (%)",2018,2.45,https://api.worldbank.org/v2/country/USA;CHN;IND;EUU;VNM;MEX;JPN;KOR;THA;IDN;MYS;BRA;DEU;CAN/indicator/TM.TAX.MRCH.WM.AR.ZS?format=json&date=2015:2024&per_page=600,2026-09-01T08:56:50Z
JPN,TM.TAX.MRCH.WM.AR.ZS,"Tariff rate, applied, weighted mean, all products (%)",2019,3.53,https://api.worldbank.org/v2/country/USA;CHN;IND;EUU;VNM;MEX;JPN;KOR;THA;IDN;MYS;BRA;DEU;CAN/indicator/TM.TAX.MRCH.WM.AR.ZS?format=json&date=2015:2024&per_page=600,2026-09-01T08:56:50Z
JPN,TM.TAX.MRCH.WM.AR.ZS,"Tariff rate, applied, weighted mean, all products (%)",2020,2.22,https://api.worldbank.org/v2/country/USA;CHN;IND;EUU;VNM;MEX;JPN;KOR;THA;IDN;MYS;BRA;DEU;CAN/indicator/TM.TAX.MRCH.WM.AR.ZS?format=json&date=2015:2024&per_page=600,2026-09-01T08:56:50Z
JPN,TM.TAX.MRCH.WM.AR.ZS,"Tariff rate, applied, weighted mean, all products (%)",2021,1.84,https://api.worldbank.org/v2/country/USA;CHN;IND;EUU;VNM;MEX;JPN;KOR;THA;IDN;MYS;BRA;DEU;CAN/indicator/TM.TAX.MRCH.WM.AR.ZS?format=json&date=2015:2024&per_page=600,2026-09-01T08:56:50Z
JPN,TM.TAX.MRCH.WM.AR.ZS,"Tariff rate, applied, weighted mean, all products (%)",2022,1.64,https://api.worldbank.org/v2/country/USA;CHN;IND;EUU;VNM;MEX;JPN;KOR;THA;IDN;MYS;BRA;DEU;CAN/indicator/TM.TAX.MRCH.WM.AR.ZS?format=json&date=2015:2024&per_page=600,2026-09-01T08:56:50Z
KOR,TM.TAX.MRCH.WM.AR.ZS,"Tariff rate, applied, weighted mean, all products (%)",2015,5.72,https://api.worldbank.org/v2/country/USA;CHN;IND;EUU;VNM;MEX;JPN;KOR;THA;IDN;MYS;BRA;DEU;CAN/indicator/TM.TAX.MRCH.WM.AR.ZS?format=json&date=2015:2024&per_page=600,2026-09-01T08:56:50Z
KOR,TM.TAX.MRCH.WM.AR.ZS,"Tariff rate, applied, weighted mean, all products (%)",2016,8.67,https://api.worldbank.org/v2/country/USA;CHN;IND;EUU;VNM;MEX;JPN;KOR;THA;IDN;MYS;BRA;DEU;CAN/indicator/TM.TAX.MRCH.WM.AR.ZS?format=json&date=2015:2024&per_page=600,2026-09-01T08:56:50Z
KOR,TM.TAX.MRCH.WM.AR.ZS,"Tariff rate, applied, weighted mean, all products (%)",2017,5.05,https://api.worldbank.org/v2/country/USA;CHN;IND;EUU;VNM;MEX;JPN;KOR;THA;IDN;MYS;BRA;DEU;CAN/indicator/TM.TAX.MRCH.WM.AR.ZS?format=json&date=2015:2024&per_page=600,2026-09-01T08:56:50Z
KOR,TM.TAX.MRCH.WM.AR.ZS,"Tariff rate, applied, weighted mean, all products (%)",2018,4.83,https://api.worldbank.org/v2/country/USA;CHN;IND;EUU;VNM;MEX;JPN;KOR;THA;IDN;MYS;BRA;DEU;CAN/indicator/TM.TAX.MRCH.WM.AR.ZS?format=json&date=2015:2024&per_page=600,2026-09-01T08:56:50Z
KOR,TM.TAX.MRCH.WM.AR.ZS,"Tariff rate, applied, weighted mean, all products (%)",2020,5.48,https://api.worldbank.org/v2/country/USA;CHN;IND;EUU;VNM;MEX;JPN;KOR;THA;IDN;MYS;BRA;DEU;CAN/indicator/TM.TAX.MRCH.WM.AR.ZS?format=json&date=2015:2024&per_page=600,2026-09-01T08:56:50Z
KOR,TM.TAX.MRCH.WM.AR.ZS,"Tariff rate, applied, weighted mean, all products (%)",2021,4.85,https://api.worldbank.org/v2/country/USA;CHN;IND;EUU;VNM;MEX;JPN;KOR;THA;IDN;MYS;BRA;DEU;CAN/indicator/TM.TAX.MRCH.WM.AR.ZS?format=json&date=2015:2024&per_page=600,2026-09-01T08:56:50Z
KOR,TM.TAX.MRCH.WM.AR.ZS,"Tariff rate, applied, weighted mean, all products (%)",2022,5.66,https://api.worldbank.org/v2/country/USA;CHN;IND;EUU;VNM;MEX;JPN;KOR;THA;IDN;MYS;BRA;DEU;CAN/indicator/TM.TAX.MRCH.WM.AR.ZS?format=json&date=2015:2024&per_page=600,2026-09-01T08:56:50Z
MEX,TM.TAX.MRCH.WM.AR.ZS,"Tariff rate, applied, weighted mean, all products (%)",2015,4.45,https://api.worldbank.org/v2/country/USA;CHN;IND;EUU;VNM;MEX;JPN;KOR;THA;IDN;MYS;BRA;DEU;CAN/indicator/TM.TAX.MRCH.WM.AR.ZS?format=json&date=2015:2024&per_page=600,2026-09-01T08:56:50Z
MEX,TM.TAX.MRCH.WM.AR.ZS,"Tariff rate, applied, weighted mean, all products (%)",2016,4.35,https://api.worldbank.org/v2/country/USA;CHN;IND;EUU;VNM;MEX;JPN;KOR;THA;IDN;MYS;BRA;DEU;CAN/indicator/TM.TAX.MRCH.WM.AR.ZS?format=json&date=2015:2024&per_page=600,2026-09-01T08:56:50Z
MEX,TM.TAX.MRCH.WM.AR.ZS,"Tariff rate, applied, weighted mean, all products (%)",2017,1.24,https://api.worldbank.org/v2/country/USA;CHN;IND;EUU;VNM;MEX;JPN;KOR;THA;IDN;MYS;BRA;DEU;CAN/indicator/TM.TAX.MRCH.WM.AR.ZS?format=json&date=2015:2024&per_page=600,2026-09-01T08:56:50Z
MEX,TM.TAX.MRCH.WM.AR.ZS,"Tariff rate, applied, weighted mean, all products (%)",2018,1.21,https://api.worldbank.org/v2/country/USA;CHN;IND;EUU;VNM;MEX;JPN;KOR;THA;IDN;MYS;BRA;DEU;CAN/indicator/TM.TAX.MRCH.WM.AR.ZS?format=json&date=2015:2024&per_page=600,2026-09-01T08:56:50Z
MEX,TM.TAX.MRCH.WM.AR.ZS,"Tariff rate, applied, weighted mean, all products (%)",2022,1.62,https://api.worldbank.org/v2/country/USA;CHN;IND;EUU;VNM;MEX;JPN;KOR;THA;IDN;MYS;BRA;DEU;CAN/indicator/TM.TAX.MRCH.WM.AR.ZS?format=json&date=2015:2024&per_page=600,2026-09-01T08:56:50Z
MYS,TM.TAX.MRCH.WM.AR.ZS,"Tariff rate, applied, weighted mean, all products (%)",2016,4.02,https://api.worldbank.org/v2/country/USA;CHN;IND;EUU;VNM;MEX;JPN;KOR;THA;IDN;MYS;BRA;DEU;CAN/indicator/TM.TAX.MRCH.WM.AR.ZS?format=json&date=2015:2024&per_page=600,2026-09-01T08:56:50Z
MYS,TM.TAX.MRCH.WM.AR.ZS,"Tariff rate, applied, weighted mean, all products (%)",2020,3.6,https://api.worldbank.org/v2/country/USA;CHN;IND;EUU;VNM;MEX;JPN;KOR;THA;IDN;MYS;BRA;DEU;CAN/indicator/TM.TAX.MRCH.WM.AR.ZS?format=json&date=2015:2024&per_page=600,2026-09-01T08:56:50Z
MYS,TM.TAX.MRCH.WM.AR.ZS,"Tariff rate, applied, weighted mean, all products (%)",2021,3.62,https://api.worldbank.org/v2/country/USA;CHN;IND;EUU;VNM;MEX;JPN;KOR;THA;IDN;MYS;BRA;DEU;CAN/indicator/TM.TAX.MRCH.WM.AR.ZS?format=json&date=2015:2024&per_page=600,2026-09-01T08:56:50Z
MYS,TM.TAX.MRCH.WM.AR.ZS,"Tariff rate, applied, weighted mean, all products (%)",2022,3.42,https://api.worldbank.org/v2/country/USA;CHN;IND;EUU;VNM;MEX;JPN;KOR;THA;IDN;MYS;BRA;DEU;CAN/indicator/TM.TAX.MRCH.WM.AR.ZS?format=json&date=2015:2024&per_page=600,2026-09-01T08:56:50Z
THA,TM.TAX.MRCH.WM.AR.ZS,"Tariff rate, applied, weighted mean, all products (%)",2015,3.52,https://api.worldbank.org/v2/country/USA;CHN;IND;EUU;VNM;MEX;JPN;KOR;THA;IDN;MYS;BRA;DEU;CAN/indicator/TM.TAX.MRCH.WM.AR.ZS?format=json&date=2015:2024&per_page=600,2026-09-01T08:56:50Z
THA,TM.TAX.MRCH.WM.AR.ZS,"Tariff rate, applied, weighted mean, all products (%)",2021,3.15,https://api.worldbank.org/v2/country/USA;CHN;IND;EUU;VNM;MEX;JPN;KOR;THA;IDN;MYS;BRA;DEU;CAN/indicator/TM.TAX.MRCH.WM.AR.ZS?format=json&date=2015:2024&per_page=600,2026-09-01T08:56:50Z
THA,TM.TAX.MRCH.WM.AR.ZS,"Tariff rate, applied, weighted mean, all products (%)",2022,3.67,https://api.worldbank.org/v2/country/USA;CHN;IND;EUU;VNM;MEX;JPN;KOR;THA;IDN;MYS;BRA;DEU;CAN/indicator/TM.TAX.MRCH.WM.AR.ZS?format=json&date=2015:2024&per_page=600,2026-09-01T08:56:50Z
USA,TM.TAX.MRCH.WM.AR.ZS,"Tariff rate, applied, weighted mean, all products (%)",2015,1.69,https://api.worldbank.org/v2/country/USA;CHN;IND;EUU;VNM;MEX;JPN;KOR;THA;IDN;MYS;BRA;DEU;CAN/indicator/TM.TAX.MRCH.WM.AR.ZS?format=json&date=2015:2024&per_page=600,2026-09-01T08:56:50Z
USA,TM.TAX.MRCH.WM.AR.ZS,"Tariff rate, applied, weighted mean, all products (%)",2016,1.65,https://api.worldbank.org/v2/country/USA;CHN;IND;EUU;VNM;MEX;JPN;KOR;THA;IDN;MYS;BRA;DEU;CAN/indicator/TM.TAX.MRCH.WM.AR.ZS?format=json&date=2015:2024&per_page=600,2026-09-01T08:56:50Z
USA,TM.TAX.MRCH.WM.AR.ZS,"Tariff rate, applied, weighted mean, all products (%)",2017,1.66,https://api.worldbank.org/v2/country/USA;CHN;IND;EUU;VNM;MEX;JPN;KOR;THA;IDN;MYS;BRA;DEU;CAN/indicator/TM.TAX.MRCH.WM.AR.ZS?format=json&date=2015:2024&per_page=600,2026-09-01T08:56:50Z
USA,TM.TAX.MRCH.WM.AR.ZS,"Tariff rate, applied, weighted mean, all products (%)",2018,1.59,https://api.worldbank.org/v2/country/USA;CHN;IND;EUU;VNM;MEX;JPN;KOR;THA;IDN;MYS;BRA;DEU;CAN/indicator/TM.TAX.MRCH.WM.AR.ZS?format=json&date=2015:2024&per_page=600,2026-09-01T08:56:50Z
USA,TM.TAX.MRCH.WM.AR.ZS,"Tariff rate, applied, weighted mean, all products (%)",2019,13.78,https://api.worldbank.org/v2/country/USA;CHN;IND;EUU;VNM;MEX;JPN;KOR;THA;IDN;MYS;BRA;DEU;CAN/indicator/TM.TAX.MRCH.WM.AR.ZS?format=json&date=2015:2024&per_page=600,2026-09-01T08:56:50Z
USA,TM.TAX.MRCH.WM.AR.ZS,"Tariff rate, applied, weighted mean, all products (%)",2020,1.52,https://api.worldbank.org/v2/country/USA;CHN;IND;EUU;VNM;MEX;JPN;KOR;THA;IDN;MYS;BRA;DEU;CAN/indicator/TM.TAX.MRCH.WM.AR.ZS?format=json&date=2015:2024&per_page=600,2026-09-01T08:56:50Z
USA,TM.TAX.MRCH.WM.AR.ZS,"Tariff rate, applied, weighted mean, all products (%)",2021,1.47,https://api.worldbank.org/v2/country/USA;CHN;IND;EUU;VNM;MEX;JPN;KOR;THA;IDN;MYS;BRA;DEU;CAN/indicator/TM.TAX.MRCH.WM.AR.ZS?format=json&date=2015:2024&per_page=600,2026-09-01T08:56:50Z
USA,TM.TAX.MRCH.WM.AR.ZS,"Tariff rate, applied, weighted mean, all products (%)",2022,1.49,https://api.worldbank.org/v2/country/USA;CHN;IND;EUU;VNM;MEX;JPN;KOR;THA;IDN;MYS;BRA;DEU;CAN/indicator/TM.TAX.MRCH.WM.AR.ZS?format=json&date=2015:2024&per_page=600,2026-09-01T08:56:50Z
VNM,TM.TAX.MRCH.WM.AR.ZS,"Tariff rate, applied, weighted mean, all products (%)",2015,3.14,https://api.worldbank.org/v2/country/USA;CHN;IND;EUU;VNM;MEX;JPN;KOR;THA;IDN;MYS;BRA;DEU;CAN/indicator/TM.TAX.MRCH.WM.AR.ZS?format=json&date=2015:2024&per_page=600,2026-09-01T08:56:50Z
VNM,TM.TAX.MRCH.WM.AR.ZS,"Tariff rate, applied, weighted mean, all products (%)",2016,2.86,https://api.worldbank.org/v2/country/USA;CHN;IND;EUU;VNM;MEX;JPN;KOR;THA;IDN;MYS;BRA;DEU;CAN/indicator/TM.TAX.MRCH.WM.AR.ZS?format=json&date=2015:2024&per_page=600,2026-09-01T08:56:50Z
VNM,TM.TAX.MRCH.WM.AR.ZS,"Tariff rate, applied, weighted mean, all products (%)",2017,2.69,https://api.worldbank.org/v2/country/USA;CHN;IND;EUU;VNM;MEX;JPN;KOR;THA;IDN;MYS;BRA;DEU;CAN/indicator/TM.TAX.MRCH.WM.AR.ZS?format=json&date=2015:2024&per_page=600,2026-09-01T08:56:50Z
VNM,TM.TAX.MRCH.WM.AR.ZS,"Tariff rate, applied, weighted mean, all products (%)",2018,4.39,https://api.worldbank.org/v2/country/USA;CHN;IND;EUU;VNM;MEX;JPN;KOR;THA;IDN;MYS;BRA;DEU;CAN/indicator/TM.TAX.MRCH.WM.AR.ZS?format=json&date=2015:2024&per_page=600,2026-09-01T08:56:50Z
VNM,TM.TAX.MRCH.WM.AR.ZS,"Tariff rate, applied, weighted mean, all products (%)",2019,1.66,https://api.worldbank.org/v2/country/USA;CHN;IND;EUU;VNM;MEX;JPN;KOR;THA;IDN;MYS;BRA;DEU;CAN/indicator/TM.TAX.MRCH.WM.AR.ZS?format=json&date=2015:2024&per_page=600,2026-09-01T08:56:50Z
VNM,TM.TAX.MRCH.WM.AR.ZS,"Tariff rate, applied, weighted mean, all products (%)",2020,1.34,https://api.worldbank.org/v2/country/USA;CHN;IND;EUU;VNM;MEX;JPN;KOR;THA;IDN;MYS;BRA;DEU;CAN/indicator/TM.TAX.MRCH.WM.AR.ZS?format=json&date=2015:2024&per_page=600,2026-09-01T08:56:50Z
VNM,TM.TAX.MRCH.WM.AR.ZS,"Tariff rate, applied, weighted mean, all products (%)",2021,1.17,https://api.worldbank.org/v2/country/USA;CHN;IND;EUU;VNM;MEX;JPN;KOR;THA;IDN;MYS;BRA;DEU;CAN/indicator/TM.TAX.MRCH.WM.AR.ZS?format=json&date=2015:2024&per_page=600,2026-09-01T08:56:50Z
VNM,TM.TAX.MRCH.WM.AR.ZS,"Tariff rate, applied, weighted mean, all products (%)",2022,1.07,https://api.worldbank.org/v2/country/USA;CHN;IND;EUU;VNM;MEX;JPN;KOR;THA;IDN;MYS;BRA;DEU;CAN/indicator/TM.TAX.MRCH.WM.AR.ZS?format=json&date=2015:2024&per_page=600,2026-09-01T08:56:50Z
SGP,LP.LPI.OVRL.XQ,"Logistics performance index: Overall (1=low to 5=high)",2022,4.3,https://api.worldbank.org/v2/country/SGP/indicator/LP.LPI.OVRL.XQ?format=json&date=2015:2024&per_page=100,2026-09-01
SGP,LP.LPI.OVRL.XQ,"Logistics performance index: Overall (1=low to 5=high)",2018,4.0,https://api.worldbank.org/v2/country/SGP/indicator/LP.LPI.OVRL.XQ?format=json&date=2015:2024&per_page=100,2026-09-01
SGP,LP.LPI.OVRL.XQ,"Logistics performance index: Overall (1=low to 5=high)",2016,4.143632,https://api.worldbank.org/v2/country/SGP/indicator/LP.LPI.OVRL.XQ?format=json&date=2015:2024&per_page=100,2026-09-01
